#ifdef __cplusplus
extern "C" {
#endif

extern const unsigned char console_font_6x8[] = {
0x00,0x01,0x00,0x00,0x00,0x0f,0x00,0x80,0x00,0x03,0x00,0x70,0x46,0x46,0x54,0x4d,
0xa5,0x13,0xb0,0x56,0x00,0x01,0x4e,0x78,0x00,0x00,0x00,0x1c,0x47,0x44,0x45,0x46,
0x0a,0x9a,0x0a,0xa2,0x00,0x01,0x4c,0xec,0x00,0x00,0x00,0x38,0x47,0x50,0x4f,0x53,
0xee,0x04,0xf2,0xde,0x00,0x01,0x4e,0x18,0x00,0x00,0x00,0x60,0x47,0x53,0x55,0x42,
0xc1,0xa1,0xc5,0xc3,0x00,0x01,0x4d,0x24,0x00,0x00,0x00,0xf4,0x4f,0x53,0x2f,0x32,
0x81,0x47,0xcc,0xcb,0x00,0x00,0x01,0x78,0x00,0x00,0x00,0x60,0x63,0x6d,0x61,0x70,
0xa3,0x33,0xbd,0x1e,0x00,0x00,0x11,0x50,0x00,0x00,0x0a,0xa6,0x67,0x61,0x73,0x70,
0xff,0xff,0x00,0x03,0x00,0x01,0x4c,0xe4,0x00,0x00,0x00,0x08,0x67,0x6c,0x79,0x66,
0xe0,0x8f,0xe5,0x48,0x00,0x00,0x23,0xb8,0x00,0x01,0x06,0x88,0x68,0x65,0x61,0x64,
0x24,0x5d,0x29,0xf4,0x00,0x00,0x00,0xfc,0x00,0x00,0x00,0x36,0x68,0x68,0x65,0x61,
0x03,0x82,0x06,0x5f,0x00,0x00,0x01,0x34,0x00,0x00,0x00,0x24,0x68,0x6d,0x74,0x78,
0x53,0x6a,0x5d,0x80,0x00,0x00,0x01,0xd8,0x00,0x00,0x0f,0x78,0x6c,0x6f,0x63,0x61,
0x63,0x10,0x21,0x14,0x00,0x00,0x1b,0xf8,0x00,0x00,0x07,0xbe,0x6d,0x61,0x78,0x70,
0x04,0x38,0x00,0x63,0x00,0x00,0x01,0x58,0x00,0x00,0x00,0x20,0x6e,0x61,0x6d,0x65,
0x82,0x9a,0x8f,0x54,0x00,0x01,0x2a,0x40,0x00,0x00,0x03,0xcc,0x70,0x6f,0x73,0x74,
0x9d,0xff,0x67,0x9e,0x00,0x01,0x2e,0x0c,0x00,0x00,0x1e,0xd6,0x00,0x01,0x00,0x00,
0x00,0x02,0x00,0x00,0x52,0xe4,0x67,0xf9,0x5f,0x0f,0x3c,0xf5,0x00,0x0b,0x04,0x00,
0x00,0x00,0x00,0x00,0xe2,0x9e,0x80,0xa4,0x00,0x00,0x00,0x00,0xe2,0x9e,0x65,0x53,
0xfd,0x00,0xff,0x80,0x03,0x00,0x03,0x80,0x00,0x00,0x00,0x08,0x00,0x02,0x00,0x00,
0x00,0x00,0x00,0x00,0x00,0x01,0x00,0x00,0x03,0x80,0xff,0x80,0x00,0x00,0x03,0x00,
0xfd,0x00,0x00,0x00,0x03,0x00,0x00,0x01,0x00,0x00,0x00,0x00,0x00,0x00,0x00,0x00,
0x00,0x00,0x00,0x00,0x00,0x00,0x03,0xde,0x00,0x01,0x00,0x00,0x03,0xde,0x00,0x60,
0x00,0x18,0x00,0x00,0x00,0x00,0x00,0x02,0x00,0x00,0x00,0x01,0x00,0x01,0x00,0x00,
0x00,0x40,0x00,0x00,0x00,0x00,0x00,0x00,0x00,0x04,0x03,0x00,0x01,0x90,0x00,0x05,
0x00,0x08,0x02,0x99,0x02,0x66,0x00,0x00,0x00,0x4c,0x02,0x99,0x02,0x66,0x00,0x00,
0x01,0x66,0x00,0x32,0x01,0x80,0x00,0x00,0x00,0x00,0x05,0x00,0x00,0x00,0x00,0x00,
0x00,0x00,0x00,0x00,0x00,0x83,0x02,0x06,0x18,0x00,0x01,0x00,0x00,0x00,0x00,0x00,
0x00,0x00,0x55,0x4b,0x57,0x4e,0x00,0xc0,0x00,0x0d,0xff,0xff,0x03,0x80,0xff,0x80,
0x00,0x00,0x04,0x4d,0x00,0x80,0x60,0x02,0x00,0x2d,0x00,0x00,0x00,0x00,0x02,0x80,
0x03,0x80,0x00,0x00,0x00,0x20,0x00,0x03,0x03,0x00,0x00,0x00,0x00,0x00,0x00,0x00,
0x01,0x55,0x00,0x00,0x03,0x00,0x00,0x80,0x03,0x00,0x00,0x00,0x03,0x00,0x01,0x00,
0x03,0x00,0x00,0x80,0x03,0x00,0x00,0x00,0x03,0x00,0x00,0x00,0x03,0x00,0x00,0x00,
0x03,0x00,0x00,0x00,0x03,0x00,0x01,0x00,0x03,0x00,0x00,0x80,0x03,0x00,0x01,0x00,
0x03,0x00,0x00,0x00,0x03,0x00,0x00,0x00,0x03,0x00,0x01,0x00,0x03,0x00,0x00,0x00,
0x03,0x00,0x01,0x00,0x03,0x00,0x00,0x00,0x03,0x00,0x00,0x00,0x03,0x00,0x00,0x80,
0x03,0x00,0x00,0x00,0x03,0x00,0x00,0x00,0x03,0x00,0x00,0x00,0x03,0x00,0x00,0x00,
0x03,0x00,0x00,0x00,0x03,0x00,0x00,0x00,0x03,0x00,0x00,0x00,0x03,0x00,0x00,0x00,
0x03,0x00,0x01,0x00,0x03,0x00,0x01,0x00,0x03,0x00,0x00,0x00,0x03,0x00,0x00,0x00,
0x03,0x00,0x00,0x80,0x03,0x00,0x00,0x00,0x03,0x00,0x00,0x00,0x03,0x00,0x00,0x00,
0x03,0x00,0x00,0x00,0x03,0x00,0x00,0x00,0x03,0x00,0x00,0x00,0x03,0x00,0x00,0x00,
0x03,0x00,0x00,0x00,0x03,0x00,0x00,0x00,0x03,0x00,0x00,0x00,0x03,0x00,0x00,0x80,
0x03,0x00,0x00,0x00,0x03,0x00,0x00,0x00,0x03,0x00,0x00,0x00,0x03,0x00,0x00,0x00,
0x03,0x00,0x00,0x00,0x03,0x00,0x00,0x00,0x03,0x00,0x00,0x00,0x03,0x00,0x00,0x00,
0x03,0x00,0x00,0x00,0x03,0x00,0x00,0x00,0x03,0x00,0x00,0x00,0x03,0x00,0x00,0x00,
0x03,0x00,0x00,0x00,0x03,0x00,0x00,0x00,0x03,0x00,0x00,0x00,0x03,0x00,0x00,0x00,
0x03,0x00,0x00,0x00,0x03,0x00,0x00,0x80,0x03,0x00,0x00,0x00,0x03,0x00,0x00,0x80,
0x03,0x00,0x00,0x00,0x03,0x00,0x00,0x00,0x03,0x00,0x00,0x80,0x03,0x00,0x00,0x00,
0x03,0x00,0x00,0x00,0x03,0x00,0x00,0x00,0x03,0x00,0x00,0x00,0x03,0x00,0x00,0x00,
0x03,0x00,0x00,0x00,0x03,0x00,0x00,0x00,0x03,0x00,0x00,0x00,0x03,0x00,0x00,0x80,
0x03,0x00,0x00,0x00,0x03,0x00,0x00,0x00,0x03,0x00,0x00,0x80,0x03,0x00,0x00,0x00,
0x03,0x00,0x00,0x00,0x03,0x00,0x00,0x00,0x03,0x00,0x00,0x00,0x03,0x00,0x00,0x00,
0x03,0x00,0x00,0x00,0x03,0x00,0x00,0x00,0x03,0x00,0x00,0x00,0x03,0x00,0x00,0x00,
0x03,0x00,0x00,0x00,0x03,0x00,0x00,0x00,0x03,0x00,0x00,0x00,0x03,0x00,0x00,0x00,
0x03,0x00,0x00,0x00,0x03,0x00,0x00,0x00,0x03,0x00,0x01,0x00,0x03,0x00,0x00,0x80,
0x03,0x00,0x00,0x00,0x03,0x00,0x00,0x80,0x03,0x00,0x00,0x00,0x03,0x00,0x01,0x00,
0x03,0x00,0x00,0x00,0x03,0x00,0x00,0x00,0x03,0x00,0x00,0x00,0x03,0x00,0x00,0x00,
0x03,0x00,0x01,0x00,0x03,0x00,0x00,0x00,0x03,0x00,0x00,0x80,0x03,0x00,0x00,0x00,
0x03,0x00,0x00,0x00,0x03,0x00,0x00,0x00,0x03,0x00,0x00,0x00,0x03,0x00,0x00,0x80,
0x03,0x00,0x00,0x00,0x03,0x00,0x00,0x80,0x03,0x00,0x00,0x80,0x03,0x00,0x00,0x00,
0x03,0x00,0x00,0x00,0x03,0x00,0x00,0x00,0x03,0x00,0x01,0x00,0x03,0x00,0x00,0x00,
0x03,0x00,0x00,0x00,0x03,0x00,0x01,0x00,0x03,0x00,0x00,0x00,0x03,0x00,0x00,0x00,
0x03,0x00,0x00,0x00,0x03,0x00,0x00,0x00,0x03,0x00,0x00,0x00,0x03,0x00,0x00,0x00,
0x03,0x00,0x00,0x00,0x03,0x00,0x00,0x00,0x03,0x00,0x00,0x00,0x03,0x00,0x00,0x00,
0x03,0x00,0x00,0x00,0x03,0x00,0x00,0x00,0x03,0x00,0x00,0x00,0x03,0x00,0x00,0x00,
0x03,0x00,0x00,0x00,0x03,0x00,0x00,0x00,0x03,0x00,0x00,0x00,0x03,0x00,0x00,0x00,
0x03,0x00,0x00,0x00,0x03,0x00,0x00,0x00,0x03,0x00,0x00,0x80,0x03,0x00,0x00,0x80,
0x03,0x00,0x00,0x80,0x03,0x00,0x00,0x80,0x03,0x00,0x00,0x00,0x03,0x00,0x00,0x00,
0x03,0x00,0x00,0x00,0x03,0x00,0x00,0x00,0x03,0x00,0x00,0x00,0x03,0x00,0x00,0x00,
0x03,0x00,0x00,0x00,0x03,0x00,0x00,0x00,0x03,0x00,0x00,0x00,0x03,0x00,0x00,0x00,
0x03,0x00,0x00,0x00,0x03,0x00,0x00,0x00,0x03,0x00,0x00,0x00,0x03,0x00,0x00,0x00,
0x03,0x00,0x00,0x00,0x03,0x00,0x00,0x00,0x03,0x00,0x00,0x00,0x03,0x00,0x00,0x00,
0x03,0x00,0x00,0x00,0x03,0x00,0x00,0x00,0x03,0x00,0x00,0x00,0x03,0x00,0x00,0x00,
0x03,0x00,0x00,0x00,0x03,0x00,0x00,0x00,0x03,0x00,0x00,0x00,0x03,0x00,0x00,0x00,
0x03,0x00,0x00,0x00,0x03,0x00,0x00,0x00,0x03,0x00,0x00,0x80,0x03,0x00,0x00,0x80,
0x03,0x00,0x00,0x80,0x03,0x00,0x00,0x80,0x03,0x00,0x00,0x00,0x03,0x00,0x00,0x00,
0x03,0x00,0x00,0x00,0x03,0x00,0x00,0x00,0x03,0x00,0x00,0x00,0x03,0x00,0x00,0x00,
0x03,0x00,0x00,0x00,0x03,0x00,0x00,0x00,0x03,0x00,0x00,0x00,0x03,0x00,0x00,0x00,
0x03,0x00,0x00,0x00,0x03,0x00,0x00,0x00,0x03,0x00,0x00,0x00,0x03,0x00,0x00,0x00,
0x03,0x00,0x00,0x80,0x03,0x00,0x00,0x00,0x03,0x00,0x00,0x80,0x03,0x00,0x00,0x00,
0x03,0x00,0x00,0x00,0x03,0x00,0x00,0x00,0x03,0x00,0x00,0x00,0x03,0x00,0x00,0x00,
0x03,0x00,0x00,0x00,0x03,0x00,0x00,0x00,0x03,0x00,0x00,0x00,0x03,0x00,0x00,0x80,
0x03,0x00,0x00,0x80,0x03,0x00,0x00,0x80,0x03,0x00,0x01,0x00,0x03,0x00,0x01,0x00,
0x03,0x00,0x01,0x00,0x03,0x00,0x00,0x80,0x03,0x00,0x00,0x80,0x00,0x00,0xfd,0x80,
0x00,0x00,0xfe,0x00,0x00,0x00,0xfd,0x80,0x00,0x00,0xfd,0x80,0x00,0x00,0xfd,0x80,
0x00,0x00,0xfd,0x80,0x00,0x00,0xfe,0x00,0x00,0x00,0xfd,0x80,0x00,0x00,0xfe,0x00,
0x00,0x00,0xfd,0x80,0x00,0x00,0xfd,0x80,0x00,0x00,0xfe,0x00,0x00,0x00,0xfe,0x00,
0x00,0x00,0xfd,0x00,0x00,0x00,0xfe,0x00,0x00,0x00,0xfd,0x00,0x00,0x00,0xfd,0x80,
0x00,0x00,0xfd,0x80,0x00,0x00,0xfd,0x80,0x03,0x00,0x01,0x00,0x03,0x00,0x00,0x00,
0x03,0x00,0x00,0x00,0x03,0x00,0x00,0x00,0x03,0x00,0x00,0x00,0x03,0x00,0x00,0x00,
0x03,0x00,0x00,0x00,0x03,0x00,0x00,0x00,0x03,0x00,0x00,0x00,0x03,0x00,0x00,0x00,
0x03,0x00,0x00,0x00,0x03,0x00,0x00,0x00,0x03,0x00,0x00,0x00,0x03,0x00,0x00,0x00,
0x03,0x00,0x00,0x00,0x03,0x00,0x00,0x00,0x03,0x00,0x00,0x00,0x03,0x00,0x00,0x00,
0x03,0x00,0x00,0x80,0x03,0x00,0x00,0x00,0x03,0x00,0x00,0x00,0x03,0x00,0x00,0x00,
0x03,0x00,0x00,0x00,0x03,0x00,0x00,0x00,0x03,0x00,0x00,0x00,0x03,0x00,0x00,0x00,
0x03,0x00,0x00,0x00,0x03,0x00,0x00,0x00,0x03,0x00,0x00,0x00,0x03,0x00,0x00,0x00,
0x03,0x00,0x00,0x00,0x03,0x00,0x00,0x00,0x03,0x00,0x00,0x00,0x03,0x00,0x00,0x00,
0x03,0x00,0x00,0x80,0x03,0x00,0x00,0x00,0x03,0x00,0x00,0x00,0x03,0x00,0x00,0x00,
0x03,0x00,0x00,0x00,0x03,0x00,0x00,0x80,0x03,0x00,0x00,0x00,0x03,0x00,0x00,0x00,
0x03,0x00,0x00,0x00,0x03,0x00,0x00,0x00,0x03,0x00,0x00,0x00,0x03,0x00,0x00,0x00,
0x03,0x00,0x00,0x80,0x03,0x00,0x00,0x00,0x03,0x00,0x00,0x00,0x03,0x00,0x01,0x00,
0x03,0x00,0x00,0x00,0x03,0x00,0x00,0x00,0x03,0x00,0x00,0x00,0x03,0x00,0x00,0x00,
0x03,0x00,0x00,0x00,0x03,0x00,0x00,0x00,0x03,0x00,0x00,0x00,0x03,0x00,0x00,0x00,
0x03,0x00,0x00,0x00,0x03,0x00,0x00,0x00,0x03,0x00,0x00,0x00,0x03,0x00,0x00,0x00,
0x03,0x00,0x00,0x00,0x03,0x00,0x00,0x00,0x03,0x00,0x00,0x00,0x03,0x00,0x00,0x00,
0x03,0x00,0x00,0x80,0x03,0x00,0x00,0x00,0x03,0x00,0x00,0x00,0x03,0x00,0x00,0x00,
0x03,0x00,0x00,0x00,0x03,0x00,0x00,0x00,0x03,0x00,0x00,0x00,0x03,0x00,0x00,0x00,
0x03,0x00,0x00,0x00,0x03,0x00,0x00,0x00,0x03,0x00,0x00,0x00,0x03,0x00,0x00,0x00,
0x03,0x00,0x00,0x00,0x03,0x00,0x00,0x00,0x03,0x00,0x00,0x00,0x03,0x00,0x00,0x00,
0x03,0x00,0x00,0x00,0x03,0x00,0x00,0x00,0x03,0x00,0x00,0x00,0x03,0x00,0x00,0x00,
0x03,0x00,0x00,0x00,0x03,0x00,0x00,0x00,0x03,0x00,0x00,0x00,0x03,0x00,0x00,0x00,
0x03,0x00,0x00,0x00,0x03,0x00,0x00,0x00,0x03,0x00,0x00,0x00,0x03,0x00,0x00,0x00,
0x03,0x00,0x00,0x00,0x03,0x00,0x00,0x00,0x03,0x00,0x00,0x00,0x03,0x00,0x00,0x00,
0x03,0x00,0x00,0x00,0x03,0x00,0x00,0x00,0x03,0x00,0x00,0x00,0x03,0x00,0x00,0x00,
0x03,0x00,0x00,0x00,0x03,0x00,0x00,0x00,0x03,0x00,0x00,0x00,0x03,0x00,0x00,0x00,
0x03,0x00,0x00,0x00,0x03,0x00,0x00,0x00,0x03,0x00,0x00,0x00,0x03,0x00,0x00,0x00,
0x03,0x00,0x00,0x00,0x03,0x00,0x00,0x00,0x03,0x00,0x00,0x00,0x03,0x00,0x00,0x00,
0x03,0x00,0x00,0x00,0x03,0x00,0x00,0x00,0x03,0x00,0x00,0x00,0x03,0x00,0x00,0x00,
0x03,0x00,0x00,0x00,0x03,0x00,0x00,0x00,0x03,0x00,0x00,0x00,0x03,0x00,0x00,0x00,
0x03,0x00,0x00,0x00,0x03,0x00,0x00,0x00,0x03,0x00,0x00,0x00,0x03,0x00,0x00,0x00,
0x03,0x00,0x00,0x00,0x03,0x00,0x00,0x00,0x03,0x00,0x00,0x00,0x03,0x00,0x00,0x00,
0x03,0x00,0x00,0x00,0x03,0x00,0x00,0x00,0x03,0x00,0x00,0x00,0x03,0x00,0x00,0x00,
0x03,0x00,0x00,0x00,0x03,0x00,0x00,0x00,0x03,0x00,0x00,0x00,0x03,0x00,0x00,0x00,
0x03,0x00,0x00,0x00,0x03,0x00,0x00,0x80,0x03,0x00,0x00,0x00,0x03,0x00,0x00,0x00,
0x03,0x00,0x01,0x00,0x03,0x00,0x00,0x80,0x03,0x00,0x00,0x00,0x03,0x00,0x00,0x00,
0x03,0x00,0x01,0x00,0x03,0x00,0x00,0x80,0x03,0x00,0x00,0x80,0x03,0x00,0x00,0x80,
0x03,0x00,0x00,0x00,0x03,0x00,0x00,0x00,0x03,0x00,0x01,0x00,0x03,0x00,0x00,0x80,
0x03,0x00,0x00,0x00,0x03,0x00,0x00,0x80,0x03,0x00,0x00,0x80,0x03,0x00,0x00,0x80,
0x03,0x00,0x00,0x80,0x03,0x00,0x00,0x80,0x03,0x00,0x00,0x80,0x03,0x00,0x00,0x80,
0x03,0x00,0x00,0x00,0x03,0x00,0x00,0x00,0x03,0x00,0x00,0x00,0x03,0x00,0x00,0x00,
0x03,0x00,0x00,0x00,0x03,0x00,0x00,0x00,0x03,0x00,0x00,0x00,0x03,0x00,0x00,0x00,
0x03,0x00,0x00,0x00,0x03,0x00,0x00,0x00,0x03,0x00,0x00,0x00,0x03,0x00,0x00,0x80,
0x03,0x00,0x00,0x00,0x03,0x00,0x01,0x00,0x03,0x00,0x01,0x00,0x03,0x00,0x01,0x00,
0x03,0x00,0x00,0x00,0x03,0x00,0x00,0x00,0x03,0x00,0x00,0x00,0x03,0x00,0x00,0x80,
0x03,0x00,0x00,0x80,0x03,0x00,0x01,0x00,0x03,0x00,0x00,0x00,0x03,0x00,0x00,0x00,
0x03,0x00,0x00,0x80,0x03,0x00,0x00,0x80,0x03,0x00,0x00,0x80,0x03,0x00,0x00,0x00,
0x03,0x00,0x00,0x80,0x03,0x00,0x00,0x00,0x03,0x00,0x00,0x00,0x03,0x00,0x00,0x00,
0x03,0x00,0x00,0x00,0x03,0x00,0x00,0x00,0x03,0x00,0x00,0x00,0x03,0x00,0x00,0x00,
0x03,0x00,0x00,0x00,0x03,0x00,0x00,0x00,0x03,0x00,0x00,0x00,0x03,0x00,0x00,0x00,
0x03,0x00,0x00,0x00,0x03,0x00,0x00,0x00,0x03,0x00,0x00,0x00,0x03,0x00,0x00,0x00,
0x03,0x00,0x00,0x80,0x03,0x00,0x00,0x00,0x03,0x00,0x00,0x00,0x03,0x00,0x00,0x00,
0x03,0x00,0x01,0x00,0x03,0x00,0x00,0x00,0x03,0x00,0x00,0x00,0x03,0x00,0x00,0x00,
0x03,0x00,0x00,0x00,0x03,0x00,0x00,0x00,0x03,0x00,0x00,0x00,0x03,0x00,0x00,0x00,
0x03,0x00,0x00,0x00,0x03,0x00,0x00,0x00,0x03,0x00,0x00,0x80,0x03,0x00,0x00,0x00,
0x03,0x00,0x00,0x00,0x03,0x00,0x00,0x00,0x03,0x00,0x00,0x00,0x03,0x00,0x00,0x00,
0x03,0x00,0x01,0x00,0x03,0x00,0x00,0x00,0x03,0x00,0x00,0x00,0x03,0x00,0x00,0x00,
0x03,0x00,0x00,0x00,0x03,0x00,0x01,0x80,0x03,0x00,0x00,0x00,0x03,0x00,0x00,0x00,
0x03,0x00,0x00,0x00,0x03,0x00,0x00,0x00,0x03,0x00,0x01,0x80,0x03,0x00,0x01,0x80,
0x03,0x00,0x00,0x00,0x03,0x00,0x01,0x80,0x03,0x00,0x00,0x00,0x03,0x00,0x01,0x80,
0x03,0x00,0x00,0x00,0x03,0x00,0x00,0x00,0x03,0x00,0x00,0x00,0x03,0x00,0x00,0x00,
0x03,0x00,0x00,0x00,0x03,0x00,0x01,0x00,0x03,0x00,0x01,0x80,0x03,0x00,0x01,0x00,
0x03,0x00,0x01,0x00,0x03,0x00,0x00,0x00,0x03,0x00,0x00,0x00,0x03,0x00,0x00,0x00,
0x03,0x00,0x01,0x80,0x03,0x00,0x01,0x00,0x03,0x00,0x01,0x00,0x03,0x00,0x00,0x00,
0x03,0x00,0x00,0x00,0x03,0x00,0x00,0x00,0x03,0x00,0x01,0x80,0x03,0x00,0x01,0x00,
0x03,0x00,0x01,0x00,0x03,0x00,0x00,0x00,0x03,0x00,0x00,0x00,0x03,0x00,0x00,0x00,
0x03,0x00,0x00,0x00,0x03,0x00,0x00,0x00,0x03,0x00,0x00,0x00,0x03,0x00,0x00,0x00,
0x03,0x00,0x00,0x00,0x03,0x00,0x00,0x00,0x03,0x00,0x00,0x00,0x03,0x00,0x00,0x00,
0x03,0x00,0x00,0x00,0x03,0x00,0x01,0x00,0x03,0x00,0x00,0x00,0x03,0x00,0x00,0x00,
0x03,0x00,0x01,0x00,0x03,0x00,0x00,0x00,0x03,0x00,0x00,0x00,0x03,0x00,0x00,0x00,
0x03,0x00,0x00,0x00,0x03,0x00,0x01,0x80,0x03,0x00,0x01,0x80,0x03,0x00,0x01,0x80,
0x03,0x00,0x00,0x00,0x03,0x00,0x00,0x00,0x03,0x00,0x00,0x00,0x03,0x00,0x00,0x00,
0x03,0x00,0x00,0x00,0x03,0x00,0x00,0x00,0x03,0x00,0x00,0x00,0x03,0x00,0x00,0x00,
0x03,0x00,0x00,0x00,0x03,0x00,0x00,0x00,0x03,0x00,0x01,0x80,0x03,0x00,0x00,0x00,
0x03,0x00,0x00,0x00,0x03,0x00,0x00,0x00,0x03,0x00,0x00,0x00,0x03,0x00,0x02,0x80,
0x03,0x00,0x00,0x00,0x03,0x00,0x01,0x80,0x03,0x00,0x00,0x00,0x03,0x00,0x00,0x00,
0x03,0x00,0x00,0x00,0x03,0x00,0x00,0x00,0x03,0x00,0x00,0x00,0x03,0x00,0x01,0x80,
0x03,0x00,0x00,0x00,0x03,0x00,0x00,0x00,0x03,0x00,0x00,0x80,0x03,0x00,0x00,0x80,
0x03,0x00,0x00,0x00,0x03,0x00,0x00,0x80,0x03,0x00,0x00,0x00,0x03,0x00,0x00,0x80,
0x03,0x00,0x00,0x00,0x03,0x00,0x00,0x00,0x03,0x00,0x00,0x00,0x03,0x00,0x00,0x00,
0x03,0x00,0x00,0x00,0x03,0x00,0x00,0x00,0x03,0x00,0x00,0x80,0x03,0x00,0x00,0x00,
0x03,0x00,0x00,0x00,0x03,0x00,0x00,0x00,0x03,0x00,0x00,0x00,0x03,0x00,0x00,0x00,
0x03,0x00,0x00,0x00,0x03,0x00,0x00,0x00,0x03,0x00,0x00,0x00,0x03,0x00,0x00,0x00,
0x03,0x00,0x00,0x00,0x03,0x00,0x00,0x00,0x03,0x00,0x00,0x00,0x03,0x00,0x00,0x00,
0x03,0x00,0x00,0x00,0x03,0x00,0x00,0x00,0x03,0x00,0x00,0x00,0x03,0x00,0x00,0x00,
0x03,0x00,0x00,0x00,0x03,0x00,0x00,0x80,0x03,0x00,0x00,0x00,0x03,0x00,0x00,0x00,
0x03,0x00,0x00,0x00,0x03,0x00,0x00,0x80,0x03,0x00,0x00,0x80,0x03,0x00,0x00,0x00,
0x03,0x00,0x00,0x00,0x03,0x00,0x00,0x00,0x03,0x00,0x00,0x00,0x03,0x00,0x00,0x00,
0x03,0x00,0x00,0x00,0x03,0x00,0x00,0x00,0x03,0x00,0x00,0x00,0x03,0x00,0x00,0x00,
0x03,0x00,0x00,0x00,0x03,0x00,0x00,0x00,0x03,0x00,0x00,0x00,0x03,0x00,0x00,0x80,
0x03,0x00,0x00,0x00,0x03,0x00,0x00,0x80,0x03,0x00,0x00,0x00,0x03,0x00,0x00,0x00,
0x03,0x00,0x00,0x00,0x03,0x00,0x00,0x00,0x03,0x00,0x00,0x00,0x03,0x00,0x00,0x00,
0x03,0x00,0x00,0x00,0x03,0x00,0x00,0x00,0x03,0x00,0x00,0x00,0x03,0x00,0x00,0x00,
0x03,0x00,0x00,0x00,0x03,0x00,0x00,0x00,0x03,0x00,0x00,0x00,0x03,0x00,0x00,0x00,
0x03,0x00,0x00,0x00,0x03,0x00,0x00,0x80,0x03,0x00,0x00,0x80,0x03,0x00,0x00,0x00,
0x03,0x00,0x00,0x00,0x03,0x00,0x00,0x00,0x03,0x00,0x00,0x00,0x03,0x00,0x00,0x00,
0x03,0x00,0x00,0x00,0x03,0x00,0x00,0x00,0x03,0x00,0x00,0x00,0x03,0x00,0x00,0x00,
0x03,0x00,0x00,0x00,0x03,0x00,0x00,0x00,0x03,0x00,0x00,0x00,0x03,0x00,0x00,0x00,
0x03,0x00,0x00,0x00,0x03,0x00,0x00,0x00,0x03,0x00,0x00,0x00,0x03,0x00,0x00,0x00,
0x03,0x00,0x00,0x00,0x03,0x00,0x00,0x00,0x03,0x00,0x00,0x00,0x03,0x00,0x00,0x00,
0x03,0x00,0x00,0x00,0x03,0x00,0x00,0x00,0x03,0x00,0x00,0x00,0x03,0x00,0x00,0x00,
0x03,0x00,0x00,0x00,0x03,0x00,0x00,0x00,0x03,0x00,0x00,0x00,0x03,0x00,0x00,0x00,
0x03,0x00,0x00,0x00,0x03,0x00,0x00,0x00,0x03,0x00,0x00,0x00,0x03,0x00,0x00,0x00,
0x03,0x00,0x00,0x00,0x03,0x00,0x00,0x00,0x03,0x00,0x00,0x00,0x03,0x00,0x00,0x00,
0x03,0x00,0x00,0x00,0x03,0x00,0x00,0x00,0x03,0x00,0x00,0x00,0x03,0x00,0x00,0x00,
0x03,0x00,0x00,0x00,0x03,0x00,0x00,0x00,0x03,0x00,0x00,0x00,0x03,0x00,0x00,0x00,
0x03,0x00,0x00,0x00,0x03,0x00,0x00,0x00,0x03,0x00,0x00,0x00,0x03,0x00,0x00,0x00,
0x03,0x00,0x00,0x80,0x03,0x00,0x00,0x00,0x03,0x00,0x00,0x00,0x03,0x00,0x00,0x00,
0x03,0x00,0x00,0x00,0x03,0x00,0x00,0x00,0x03,0x00,0x00,0x00,0x03,0x00,0x00,0x00,
0x03,0x00,0x00,0x00,0x03,0x00,0x00,0x00,0x03,0x00,0x00,0x00,0x00,0x00,0xfe,0x80,
0x00,0x00,0xfe,0x80,0x03,0x00,0x00,0x80,0x03,0x00,0x00,0x80,0x03,0x00,0x00,0x00,
0x03,0x00,0x00,0x00,0x03,0x00,0x00,0x00,0x03,0x00,0x00,0x00,0x03,0x00,0x00,0x00,
0x03,0x00,0x00,0x00,0x03,0x00,0x00,0x00,0x03,0x00,0x00,0x00,0x03,0x00,0x00,0x00,
0x03,0x00,0x00,0x00,0x03,0x00,0x00,0x00,0x03,0x00,0x00,0x00,0x03,0x00,0x00,0x00,
0x03,0x00,0x00,0x00,0x03,0x00,0x00,0x00,0x03,0x00,0x00,0x00,0x03,0x00,0x00,0x00,
0x03,0x00,0x00,0x00,0x03,0x00,0x00,0x00,0x03,0x00,0x00,0x00,0x03,0x00,0x00,0x00,
0x03,0x00,0x00,0x00,0x03,0x00,0x00,0x00,0x03,0x00,0x00,0x00,0x03,0x00,0x00,0x00,
0x03,0x00,0x00,0x00,0x03,0x00,0x00,0x00,0x03,0x00,0x00,0x00,0x03,0x00,0x00,0x00,
0x03,0x00,0x00,0x00,0x03,0x00,0x00,0x00,0x03,0x00,0x00,0x00,0x03,0x00,0x00,0x00,
0x03,0x00,0x00,0x00,0x03,0x00,0x00,0x00,0x03,0x00,0x00,0x00,0x03,0x00,0x00,0x00,
0x03,0x00,0x00,0x00,0x03,0x00,0x00,0x00,0x03,0x00,0x00,0x80,0x03,0x00,0x00,0x80,
0x03,0x00,0x00,0x00,0x03,0x00,0x00,0x00,0x03,0x00,0x00,0x00,0x03,0x00,0x00,0x00,
0x03,0x00,0x00,0x00,0x03,0x00,0x00,0x00,0x03,0x00,0x00,0x00,0x03,0x00,0x00,0x00,
0x03,0x00,0x00,0x00,0x03,0x00,0x00,0x00,0x03,0x00,0x00,0x00,0x03,0x00,0x00,0x00,
0x03,0x00,0x00,0x00,0x03,0x00,0x00,0x00,0x03,0x00,0x00,0x00,0x03,0x00,0x00,0x00,
0x03,0x00,0x00,0x00,0x03,0x00,0x00,0x00,0x03,0x00,0x00,0x00,0x03,0x00,0x00,0x00,
0x03,0x00,0x00,0x00,0x03,0x00,0x00,0x80,0x03,0x00,0x00,0x00,0x03,0x00,0x00,0x00,
0x03,0x00,0x00,0x00,0x03,0x00,0x00,0x00,0x03,0x00,0x00,0x00,0x03,0x00,0x00,0x00,
0x03,0x00,0x00,0x00,0x03,0x00,0x00,0x00,0x03,0x00,0x00,0x00,0x03,0x00,0x00,0x00,
0x03,0x00,0x00,0x80,0x03,0x00,0x00,0x00,0x03,0x00,0x00,0x80,0x03,0x00,0x00,0x00,
0x03,0x00,0x00,0x00,0x03,0x00,0x00,0x00,0x03,0x00,0x00,0x00,0x03,0x00,0x00,0x00,
0x03,0x00,0x00,0x00,0x03,0x00,0x00,0x00,0x03,0x00,0x00,0x00,0x03,0x00,0x00,0x00,
0x03,0x00,0x00,0x00,0x03,0x00,0x00,0x00,0x03,0x00,0x00,0x00,0x03,0x00,0x00,0x00,
0x03,0x00,0x00,0x00,0x03,0x00,0x01,0x00,0x03,0x00,0x00,0x00,0x03,0x00,0x00,0x80,
0x03,0x00,0x00,0x00,0x03,0x00,0x00,0x00,0x03,0x00,0x00,0x00,0x03,0x00,0x00,0x00,
0x03,0x00,0x00,0x80,0x03,0x00,0x00,0x00,0x03,0x00,0x00,0x00,0x03,0x00,0x00,0x00,
0x03,0x00,0x01,0x80,0x03,0x00,0x00,0x00,0x03,0x00,0x00,0x00,0x03,0x00,0x00,0x00,
0x03,0x00,0x00,0x00,0x03,0x00,0x00,0x00,0x03,0x00,0x01,0x80,0x03,0x00,0x00,0x00,
0x03,0x00,0x01,0x80,0x03,0x00,0x00,0x00,0x03,0x00,0x00,0x00,0x03,0x00,0x00,0x00,
0x03,0x00,0x00,0x00,0x03,0x00,0x00,0x00,0x03,0x00,0x00,0x00,0x03,0x00,0x00,0x00,
0x03,0x00,0x00,0x00,0x03,0x00,0x00,0x00,0x03,0x00,0x00,0x00,0x03,0x00,0x00,0x00,
0x03,0x00,0x00,0x00,0x03,0x00,0x00,0x00,0x03,0x00,0x00,0x00,0x03,0x00,0x00,0x00,
0x03,0x00,0x00,0x00,0x03,0x00,0x00,0x00,0x03,0x00,0x00,0x00,0x03,0x00,0x00,0x00,
0x03,0x00,0x00,0x00,0x03,0x00,0x01,0x80,0x03,0x00,0x00,0x00,0x03,0x00,0x01,0x80,
0x03,0x00,0x00,0x00,0x03,0x00,0x00,0x00,0x03,0x00,0x00,0x00,0x03,0x00,0x00,0x00,
0x03,0x00,0x00,0x00,0x03,0x00,0x01,0x80,0x03,0x00,0x00,0x00,0x03,0x00,0x00,0x00,
0x03,0x00,0x00,0x00,0x03,0x00,0x00,0x00,0x03,0x00,0x00,0x00,0x03,0x00,0x00,0x00,
0x03,0x00,0x00,0x00,0x03,0x00,0x00,0x00,0x03,0x00,0x00,0x00,0x03,0x00,0x00,0x00,
0x03,0x00,0x00,0x00,0x03,0x00,0x00,0x00,0x03,0x00,0x00,0x00,0x03,0x00,0x00,0x00,
0x03,0x00,0x00,0x00,0x03,0x00,0x00,0x00,0x03,0x00,0x00,0x00,0x03,0x00,0x00,0x00,
0x03,0x00,0x00,0x00,0x03,0x00,0x00,0x00,0x03,0x00,0x00,0x00,0x03,0x00,0x00,0x00,
0x03,0x00,0x00,0x00,0x03,0x00,0x00,0x00,0x03,0x00,0x00,0x00,0x03,0x00,0x00,0x00,
0x03,0x00,0x00,0x00,0x03,0x00,0x00,0x00,0x03,0x00,0x00,0x00,0x03,0x00,0x00,0x00,
0x03,0x00,0x00,0x00,0x03,0x00,0x00,0x00,0x03,0x00,0x01,0x80,0x03,0x00,0x00,0x00,
0x03,0x00,0x01,0x80,0x03,0x00,0x00,0x00,0x03,0x00,0x01,0x80,0x03,0x00,0x00,0x00,
0x03,0x00,0x00,0x00,0x03,0x00,0x00,0x00,0x03,0x00,0x00,0x00,0x03,0x00,0x00,0x00,
0x03,0x00,0x00,0x00,0x03,0x00,0x00,0x00,0x03,0x00,0x00,0x00,0x03,0x00,0x00,0x00,
0x03,0x00,0x00,0x00,0x03,0x00,0x00,0x00,0x03,0x00,0x00,0x00,0x03,0x00,0x00,0x00,
0x03,0x00,0x00,0x00,0x03,0x00,0x00,0x00,0x03,0x00,0x00,0x00,0x03,0x00,0x00,0x00,
0x03,0x00,0x00,0x00,0x03,0x00,0x00,0x00,0x03,0x00,0x00,0x00,0x03,0x00,0x00,0x00,
0x03,0x00,0x00,0x00,0x03,0x00,0x01,0x80,0x03,0x00,0x00,0x00,0x03,0x00,0x01,0x80,
0x03,0x00,0x00,0x00,0x03,0x00,0x01,0x80,0x03,0x00,0x00,0x00,0x03,0x00,0x00,0x00,
0x03,0x00,0x00,0x00,0x03,0x00,0x00,0x00,0x03,0x00,0x00,0x00,0x03,0x00,0x00,0x00,
0x03,0x00,0x00,0x00,0x03,0x00,0x01,0x80,0x03,0x00,0x00,0x00,0x03,0x00,0x00,0x00,
0x03,0x00,0x00,0x80,0x03,0x00,0x01,0x00,0x03,0x00,0x01,0x80,0x03,0x00,0x02,0x00,
0x03,0x00,0x02,0x80,0x03,0x00,0x00,0x00,0x03,0x00,0x00,0x00,0x03,0x00,0x00,0x00,
0x03,0x00,0x00,0x00,0x03,0x00,0x00,0x00,0x03,0x00,0x00,0x00,0x03,0x00,0x00,0x00,
0x03,0x00,0x00,0x00,0x03,0x00,0x00,0x00,0x03,0x00,0x00,0x00,0x03,0x00,0x00,0x00,
0x03,0x00,0x00,0x00,0x03,0x00,0x00,0x00,0x03,0x00,0x00,0x00,0x03,0x00,0x00,0x00,
0x03,0x00,0x00,0x00,0x03,0x00,0x00,0x00,0x03,0x00,0x02,0x80,0x03,0x00,0x02,0x00,
0x03,0x00,0x01,0x80,0x03,0x00,0x01,0x00,0x03,0x00,0x00,0x80,0x03,0x00,0x00,0x00,
0x03,0x00,0x01,0x80,0x03,0x00,0x00,0x00,0x03,0x00,0x00,0x00,0x03,0x00,0x00,0x00,
0x03,0x00,0x00,0x00,0x03,0x00,0x00,0x00,0x03,0x00,0x00,0x00,0x03,0x00,0x00,0x00,
0x03,0x00,0x00,0x00,0x03,0x00,0x00,0x00,0x03,0x00,0x00,0x00,0x03,0x00,0x00,0x00,
0x03,0x00,0x00,0x00,0x03,0x00,0x00,0x00,0x03,0x00,0x00,0x00,0x03,0x00,0x00,0x00,
0x03,0x00,0x00,0x00,0x03,0x00,0x00,0x00,0x03,0x00,0x00,0x00,0x03,0x00,0x01,0x00,
0x03,0x00,0x00,0x00,0x03,0x00,0x01,0x00,0x03,0x00,0x00,0x00,0x03,0x00,0x01,0x00,
0x03,0x00,0x00,0x00,0x03,0x00,0x00,0x00,0x03,0x00,0x00,0x00,0x03,0x00,0x00,0x00,
0x03,0x00,0x00,0x00,0x03,0x00,0x00,0x00,0x03,0x00,0x00,0x00,0x03,0x00,0x00,0x00,
0x03,0x00,0x00,0x00,0x03,0x00,0x00,0x00,0x03,0x00,0x00,0x00,0x03,0x00,0x00,0x00,
0x03,0x00,0x00,0x00,0x03,0x00,0x00,0x00,0x03,0x00,0x00,0x00,0x03,0x00,0x00,0x00,
0x03,0x00,0x00,0x00,0x03,0x00,0x00,0x00,0x03,0x00,0x00,0x00,0x03,0x00,0x00,0x00,
0x03,0x00,0x00,0x00,0x03,0x00,0x00,0x00,0x03,0x00,0x00,0x00,0x03,0x00,0x00,0x00,
0x03,0x00,0x00,0x00,0x03,0x00,0x00,0x00,0x03,0x00,0x00,0x00,0x03,0x00,0x00,0x00,
0x03,0x00,0x00,0x00,0x03,0x00,0x00,0x00,0x03,0x00,0x00,0x00,0x03,0x00,0x00,0x00,
0x03,0x00,0x00,0x00,0x03,0x00,0x00,0x00,0x03,0x00,0x00,0x00,0x03,0x00,0x00,0x00,
0x03,0x00,0x00,0x00,0x03,0x00,0x00,0x00,0x03,0x00,0x02,0x00,0x03,0x00,0x00,0x00,
0x03,0x00,0x00,0x80,0x03,0x00,0x00,0x00,0x03,0x00,0x00,0x00,0x03,0x00,0x00,0x00,
0x03,0x00,0x00,0x80,0x03,0x00,0x00,0x00,0x03,0x00,0x00,0x00,0x00,0x00,0x00,0x00,
0x00,0x00,0x00,0x05,0x00,0x00,0x00,0x03,0x00,0x00,0x00,0x2c,0x00,0x00,0x00,0x04,
0x00,0x00,0x03,0x88,0x00,0x01,0x00,0x00,0x00,0x00,0x08,0x9c,0x00,0x03,0x00,0x01,
0x00,0x00,0x00,0x2c,0x00,0x03,0x00,0x0a,0x00,0x00,0x03,0x88,0x00,0x04,0x03,0x5c,
0x00,0x00,0x00,0x96,0x00,0x80,0x00,0x06,0x00,0x16,0x00,0x0d,0x00,0x7f,0x00,0xff,
0x01,0x31,0x01,0x53,0x01,0x78,0x01,0x92,0x02,0xc7,0x02,0xdd,0x03,0x04,0x03,0x0c,
0x03,0x12,0x03,0x28,0x03,0x38,0x03,0x8c,0x03,0xa1,0x03,0xce,0x04,0x01,0x04,0x4f,
0x04,0x51,0x05,0xea,0x1e,0x85,0x1e,0x9e,0x1e,0xf3,0x20,0x26,0x20,0x30,0x20,0x3c,
0x20,0x44,0x20,0x7f,0x20,0xa7,0x20,0xac,0x21,0x22,0x21,0x99,0x21,0xa1,0x21,0xb2,
0x22,0x02,0x22,0x12,0x22,0x1f,0x22,0x2b,0x22,0x48,0x22,0x65,0x22,0x99,0x22,0xa3,
0x23,0x10,0x23,0x21,0x23,0x7e,0x23,0x8d,0x23,0xbe,0x23,0xcc,0x24,0x26,0x25,0x02,
0x25,0x1c,0x25,0x24,0x25,0x2c,0x25,0x34,0x25,0x3c,0x25,0x77,0x25,0x84,0x25,0x88,
0x25,0xa1,0x25,0xcf,0x25,0xd9,0x25,0xe6,0x25,0xf7,0x26,0x42,0x26,0x66,0x26,0x6f,
0x27,0x13,0x29,0xd6,0x2b,0x64,0x30,0x94,0x30,0x9e,0x30,0xfd,0xfb,0x02,0xff,0xff,
0x00,0x00,0x00,0x0d,0x00,0x20,0x00,0xa0,0x01,0x31,0x01,0x52,0x01,0x74,0x01,0x92,
0x02,0xc6,0x02,0xd8,0x03,0x00,0x03,0x06,0x03,0x12,0x03,0x26,0x03,0x35,0x03,0x84,
0x03,0x8e,0x03,0xa3,0x04,0x01,0x04,0x10,0x04,0x51,0x05,0xd0,0x1e,0x80,0x1e,0x9e,
0x1e,0xf2,0x20,0x13,0x20,0x30,0x20,0x39,0x20,0x44,0x20,0x7f,0x20,0xa7,0x20,0xac,
0x21,0x22,0x21,0x90,0x21,0xa1,0x21,0xb2,0x22,0x02,0x22,0x0f,0x22,0x19,0x22,0x29,
0x22,0x48,0x22,0x60,0x22,0x96,0x22,0xa3,0x23,0x10,0x23,0x20,0x23,0x7b,0x23,0x8d,
0x23,0xbe,0x23,0xca,0x24,0x26,0x25,0x00,0x25,0x0c,0x25,0x24,0x25,0x2c,0x25,0x34,
0x25,0x3c,0x25,0x50,0x25,0x80,0x25,0x88,0x25,0x8c,0x25,0xca,0x25,0xd8,0x25,0xe2,
0x25,0xf0,0x26,0x39,0x26,0x60,0x26,0x69,0x27,0x13,0x29,0xd6,0x2b,0x60,0x30,0x41,
0x30,0x99,0x30,0xa1,0xfb,0x01,0xff,0xff,0xff,0xf6,0xff,0xe4,0xff,0xc4,0xff,0x93,
0xff,0x73,0xff,0x53,0xff,0x3a,0xfe,0x07,0xfd,0xf7,0xfd,0xd5,0x00,0x00,0xfd,0xce,
0xfd,0xbb,0xfd,0xaf,0x00,0x00,0xfd,0x61,0xfd,0x60,0xfd,0x2e,0xfd,0x20,0xfd,0x1f,
0xfb,0xa1,0xe3,0x0c,0xe2,0xf4,0xe2,0xa1,0x00,0x00,0xe1,0x71,0x00,0x00,0xe1,0x61,
0xe1,0x27,0xe1,0x00,0xe0,0xfc,0xe0,0x87,0xe0,0x1a,0xe0,0x13,0xe0,0x03,0xdf,0xb4,
0x00,0x00,0x00,0x00,0x00,0x00,0xdf,0x78,0x00,0x00,0x00,0x00,0xdf,0x25,0xde,0xb9,
0xde,0xaa,0x00,0x00,0xde,0x41,0xde,0x11,0x00,0x00,0xdd,0xac,0x00,0x00,0x00,0x00,
0xdc,0xb6,0xdc,0xaf,0xdc,0xa8,0xdc,0xa1,0xdc,0x8e,0xdc,0x86,0xdc,0x83,0xdc,0x80,
0x00,0x00,0xdc,0x4e,0xdc,0x46,0xdc,0x3d,0x00,0x00,0x00,0x00,0xdb,0xd6,0xdb,0x33,
0xd8,0x71,0xd6,0xe8,0xd2,0x0c,0x00,0x00,0xd2,0x04,0x00,0x00,0x00,0x01,0x00,0x00,
0x00,0x00,0x00,0x00,0x00,0x00,0x00,0x00,0x00,0x00,0x00,0x00,0x00,0x00,0x00,0x00,
0x00,0x00,0x00,0x82,0x00,0x00,0x00,0x00,0x00,0x00,0x00,0x88,0x00,0x00,0x00,0x00,
0x00,0x00,0x00,0x00,0x00,0x00,0x00,0x00,0x00,0x00,0x00,0x00,0x00,0x00,0x00,0x86,
0x00,0x00,0x00,0xaa,0x00,0x00,0x00,0x00,0x00,0x00,0x00,0x00,0x00,0x00,0x00,0x00,
0x00,0x00,0x00,0x00,0x00,0x00,0x00,0x9e,0x00,0xa4,0x00,0xb0,0x00,0x00,0x00,0xb2,
0x00,0xbc,0x00,0x00,0x00,0x00,0x00,0x00,0x00,0xbc,0x00,0x00,0x00,0x00,0x00,0xbe,
0x00,0x00,0x00,0xc0,0x00,0xc4,0x00,0x00,0x00,0x00,0x00,0x00,0x00,0x00,0x00,0x00,
0x00,0x00,0x00,0x00,0x00,0x00,0x00,0xd4,0x00,0x00,0x00,0x00,0x00,0x00,0x00,0xd8,
0x00,0xea,0x00,0x00,0x00,0x00,0x00,0x00,0x00,0x00,0x00,0x00,0x00,0xec,0x00,0x00,
0x00,0xf4,0x00,0x00,0x00,0xda,0x00,0xdb,0x00,0xdc,0x00,0x00,0x00,0xdd,0x00,0xde,
0x00,0xdf,0x00,0xe8,0x00,0xe9,0x00,0xea,0x00,0x00,0x00,0xeb,0x00,0xec,0x00,0xed,
0x00,0x00,0x00,0xee,0x01,0x95,0x01,0x96,0x00,0x00,0x00,0x00,0x00,0x00,0x01,0x97,
0x01,0x98,0x01,0x99,0x00,0x00,0x01,0x9a,0x01,0x9b,0x01,0x9c,0x00,0x00,0x01,0x9d,
0x01,0x9e,0x01,0x9f,0x00,0x00,0x00,0x00,0x00,0x00,0x01,0xa0,0x01,0xa2,0x01,0xa3,
0x00,0x00,0x01,0xa4,0x01,0xb7,0x00,0x00,0x01,0xb8,0x01,0xb9,0x01,0xba,0x01,0xbb,
0x00,0x00,0x00,0x00,0x00,0x00,0x01,0xbc,0x01,0xbd,0x01,0xbe,0x00,0x00,0x01,0xbf,
0x01,0xc1,0x01,0xc2,0x00,0x00,0x00,0x00,0x01,0xc3,0x01,0xc4,0x01,0xc5,0x01,0xc6,
0x00,0x00,0x01,0xc7,0x01,0xcc,0x00,0x00,0x00,0x00,0x01,0xcd,0x01,0xd0,0x00,0x00,
0x01,0xd1,0x01,0xd3,0x00,0x00,0x01,0xd4,0x01,0xd5,0x00,0x00,0x00,0x00,0x00,0x00,
0x01,0xd6,0x00,0x00,0x00,0x00,0x00,0x00,0x01,0xd7,0x00,0x00,0x00,0x00,0x00,0x00,
0x01,0xd8,0x00,0x00,0x00,0x00,0x00,0x00,0x01,0xd9,0x02,0x22,0x02,0x23,0x02,0x24,
0x00,0x00,0x00,0x00,0x02,0x25,0x02,0x35,0x02,0x36,0x02,0x37,0x02,0x38,0x00,0x00,
0x00,0x00,0x00,0x00,0x02,0x39,0x00,0x00,0x02,0x3a,0x02,0x3b,0x00,0x00,0x00,0x00,
0x02,0x3c,0x00,0x00,0x02,0x3d,0x02,0x3e,0x02,0xa1,0x02,0xa2,0x00,0x00,0x00,0x00,
0x02,0xa3,0x02,0xa4,0x03,0x02,0x03,0x03,0x00,0x0c,0x00,0x00,0x00,0x00,0x05,0x14,
0x00,0x00,0x00,0x00,0x00,0x00,0x00,0x6b,0x00,0x00,0x00,0x0d,0x00,0x00,0x00,0x0d,
0x00,0x00,0x00,0x03,0x00,0x00,0x00,0x20,0x00,0x00,0x00,0x7f,0x00,0x00,0x00,0x04,
0x00,0x00,0x00,0xa0,0x00,0x00,0x00,0xff,0x00,0x00,0x00,0x64,0x00,0x00,0x01,0x31,
0x00,0x00,0x01,0x31,0x00,0x00,0x00,0xc4,0x00,0x00,0x01,0x52,0x00,0x00,0x01,0x53,
0x00,0x00,0x00,0xc5,0x00,0x00,0x01,0x74,0x00,0x00,0x01,0x78,0x00,0x00,0x00,0xc7,
0x00,0x00,0x01,0x92,0x00,0x00,0x01,0x92,0x00,0x00,0x00,0xcc,0x00,0x00,0x02,0xc6,
0x00,0x00,0x02,0xc7,0x00,0x00,0x00,0xcd,0x00,0x00,0x02,0xd8,0x00,0x00,0x02,0xdd,
0x00,0x00,0x00,0xcf,0x00,0x00,0x03,0x00,0x00,0x00,0x03,0x04,0x00,0x00,0x00,0xd5,
0x00,0x00,0x03,0x06,0x00,0x00,0x03,0x08,0x00,0x00,0x00,0xda,0x00,0x00,0x03,0x0a,
0x00,0x00,0x03,0x0c,0x00,0x00,0x00,0xdd,0x00,0x00,0x03,0x12,0x00,0x00,0x03,0x12,
0x00,0x00,0x00,0xe0,0x00,0x00,0x03,0x26,0x00,0x00,0x03,0x28,0x00,0x00,0x00,0xe1,
0x00,0x00,0x03,0x35,0x00,0x00,0x03,0x38,0x00,0x00,0x00,0xe4,0x00,0x00,0x03,0x84,
0x00,0x00,0x03,0x86,0x00,0x00,0x00,0xe8,0x00,0x00,0x03,0x88,0x00,0x00,0x03,0x8a,
0x00,0x00,0x00,0xeb,0x00,0x00,0x03,0x8c,0x00,0x00,0x03,0x8c,0x00,0x00,0x00,0xee,
0x00,0x00,0x03,0x8e,0x00,0x00,0x03,0xa1,0x00,0x00,0x00,0xef,0x00,0x00,0x03,0xa3,
0x00,0x00,0x03,0xce,0x00,0x00,0x01,0x03,0x00,0x00,0x04,0x01,0x00,0x00,0x04,0x01,
0x00,0x00,0x01,0x2f,0x00,0x00,0x04,0x10,0x00,0x00,0x04,0x4f,0x00,0x00,0x01,0x30,
0x00,0x00,0x04,0x51,0x00,0x00,0x04,0x51,0x00,0x00,0x01,0x70,0x00,0x00,0x05,0xd0,
0x00,0x00,0x05,0xea,0x00,0x00,0x01,0x71,0x00,0x00,0x1e,0x80,0x00,0x00,0x1e,0x85,
0x00,0x00,0x01,0x8c,0x00,0x00,0x1e,0x9e,0x00,0x00,0x1e,0x9e,0x00,0x00,0x01,0x92,
0x00,0x00,0x1e,0xf2,0x00,0x00,0x1e,0xf3,0x00,0x00,0x01,0x93,0x00,0x00,0x20,0x13,
0x00,0x00,0x20,0x14,0x00,0x00,0x01,0x95,0x00,0x00,0x20,0x18,0x00,0x00,0x20,0x1a,
0x00,0x00,0x01,0x97,0x00,0x00,0x20,0x1c,0x00,0x00,0x20,0x1e,0x00,0x00,0x01,0x9a,
0x00,0x00,0x20,0x20,0x00,0x00,0x20,0x22,0x00,0x00,0x01,0x9d,0x00,0x00,0x20,0x26,
0x00,0x00,0x20,0x26,0x00,0x00,0x01,0xa0,0x00,0x00,0x20,0x30,0x00,0x00,0x20,0x30,
0x00,0x00,0x01,0xa1,0x00,0x00,0x20,0x39,0x00,0x00,0x20,0x3a,0x00,0x00,0x01,0xa2,
0x00,0x00,0x20,0x3c,0x00,0x00,0x20,0x3c,0x00,0x00,0x01,0xa4,0x00,0x00,0x20,0x44,
0x00,0x00,0x20,0x44,0x00,0x00,0x01,0xa5,0x00,0x00,0x20,0x7f,0x00,0x00,0x20,0x7f,
0x00,0x00,0x01,0xa6,0x00,0x00,0x20,0xa7,0x00,0x00,0x20,0xa7,0x00,0x00,0x01,0xa7,
0x00,0x00,0x20,0xac,0x00,0x00,0x20,0xac,0x00,0x00,0x01,0xa8,0x00,0x00,0x21,0x22,
0x00,0x00,0x21,0x22,0x00,0x00,0x01,0xa9,0x00,0x00,0x21,0x90,0x00,0x00,0x21,0x99,
0x00,0x00,0x01,0xaa,0x00,0x00,0x21,0xa1,0x00,0x00,0x21,0xa1,0x00,0x00,0x01,0xb4,
0x00,0x00,0x21,0xb2,0x00,0x00,0x21,0xb2,0x00,0x00,0x01,0xb5,0x00,0x00,0x22,0x02,
0x00,0x00,0x22,0x02,0x00,0x00,0x01,0xb6,0x00,0x00,0x22,0x0f,0x00,0x00,0x22,0x0f,
0x00,0x00,0x01,0xb7,0x00,0x00,0x22,0x11,0x00,0x00,0x22,0x12,0x00,0x00,0x01,0xb8,
0x00,0x00,0x22,0x19,0x00,0x00,0x22,0x1a,0x00,0x00,0x01,0xba,0x00,0x00,0x22,0x1e,
0x00,0x00,0x22,0x1f,0x00,0x00,0x01,0xbc,0x00,0x00,0x22,0x29,0x00,0x00,0x22,0x29,
0x00,0x00,0x01,0xbe,0x00,0x00,0x22,0x2b,0x00,0x00,0x22,0x2b,0x00,0x00,0x01,0xbf,
0x00,0x00,0x22,0x48,0x00,0x00,0x22,0x48,0x00,0x00,0x01,0xc0,0x00,0x00,0x22,0x60,
0x00,0x00,0x22,0x61,0x00,0x00,0x01,0xc1,0x00,0x00,0x22,0x64,0x00,0x00,0x22,0x65,
0x00,0x00,0x01,0xc3,0x00,0x00,0x22,0x96,0x00,0x00,0x22,0x97,0x00,0x00,0x01,0xc5,
0x00,0x00,0x22,0x99,0x00,0x00,0x22,0x99,0x00,0x00,0x01,0xc7,0x00,0x00,0x22,0xa3,
0x00,0x00,0x22,0xa3,0x00,0x00,0x01,0xc8,0x00,0x00,0x23,0x10,0x00,0x00,0x23,0x10,
0x00,0x00,0x01,0xc9,0x00,0x00,0x23,0x20,0x00,0x00,0x23,0x21,0x00,0x00,0x01,0xca,
0x00,0x00,0x23,0x7b,0x00,0x00,0x23,0x7b,0x00,0x00,0x01,0xcc,0x00,0x00,0x23,0x7e,
0x00,0x00,0x23,0x7e,0x00,0x00,0x01,0xcd,0x00,0x00,0x23,0x8d,0x00,0x00,0x23,0x8d,
0x00,0x00,0x01,0xce,0x00,0x00,0x23,0xbe,0x00,0x00,0x23,0xbe,0x00,0x00,0x01,0xcf,
0x00,0x00,0x23,0xca,0x00,0x00,0x23,0xca,0x00,0x00,0x01,0xd0,0x00,0x00,0x23,0xcc,
0x00,0x00,0x23,0xcc,0x00,0x00,0x01,0xd1,0x00,0x00,0x24,0x26,0x00,0x00,0x24,0x26,
0x00,0x00,0x01,0xd2,0x00,0x00,0x25,0x00,0x00,0x00,0x25,0x00,0x00,0x00,0x01,0xd3,
0x00,0x00,0x25,0x02,0x00,0x00,0x25,0x02,0x00,0x00,0x01,0xd4,0x00,0x00,0x25,0x0c,
0x00,0x00,0x25,0x0c,0x00,0x00,0x01,0xd5,0x00,0x00,0x25,0x10,0x00,0x00,0x25,0x10,
0x00,0x00,0x01,0xd6,0x00,0x00,0x25,0x14,0x00,0x00,0x25,0x14,0x00,0x00,0x01,0xd7,
0x00,0x00,0x25,0x18,0x00,0x00,0x25,0x18,0x00,0x00,0x01,0xd8,0x00,0x00,0x25,0x1c,
0x00,0x00,0x25,0x1c,0x00,0x00,0x01,0xd9,0x00,0x00,0x25,0x24,0x00,0x00,0x25,0x24,
0x00,0x00,0x01,0xda,0x00,0x00,0x25,0x2c,0x00,0x00,0x25,0x2c,0x00,0x00,0x01,0xdb,
0x00,0x00,0x25,0x34,0x00,0x00,0x25,0x34,0x00,0x00,0x01,0xdc,0x00,0x00,0x25,0x3c,
0x00,0x00,0x25,0x3c,0x00,0x00,0x01,0xdd,0x00,0x00,0x25,0x50,0x00,0x00,0x25,0x77,
0x00,0x00,0x01,0xde,0x00,0x00,0x25,0x80,0x00,0x00,0x25,0x84,0x00,0x00,0x02,0x06,
0x00,0x00,0x25,0x88,0x00,0x00,0x25,0x88,0x00,0x00,0x02,0x0b,0x00,0x00,0x25,0x8c,
0x00,0x00,0x25,0xa1,0x00,0x00,0x02,0x0c,0x00,0x00,0x25,0xca,0x00,0x00,0x25,0xcc,
0x00,0x00,0x02,0x22,0x00,0x00,0x25,0xcf,0x00,0x00,0x25,0xcf,0x00,0x00,0x02,0x25,
0x00,0x00,0x25,0xd8,0x00,0x00,0x25,0xd9,0x00,0x00,0x02,0x26,0x00,0x00,0x25,0xe2,
0x00,0x00,0x25,0xe6,0x00,0x00,0x02,0x28,0x00,0x00,0x25,0xf0,0x00,0x00,0x25,0xf7,
0x00,0x00,0x02,0x2d,0x00,0x00,0x26,0x39,0x00,0x00,0x26,0x3c,0x00,0x00,0x02,0x35,
0x00,0x00,0x26,0x40,0x00,0x00,0x26,0x40,0x00,0x00,0x02,0x39,0x00,0x00,0x26,0x42,
0x00,0x00,0x26,0x42,0x00,0x00,0x02,0x3a,0x00,0x00,0x26,0x60,0x00,0x00,0x26,0x60,
0x00,0x00,0x02,0x3b,0x00,0x00,0x26,0x63,0x00,0x00,0x26,0x63,0x00,0x00,0x02,0x3c,
0x00,0x00,0x26,0x65,0x00,0x00,0x26,0x66,0x00,0x00,0x02,0x3d,0x00,0x00,0x26,0x69,
0x00,0x00,0x26,0x6f,0x00,0x00,0x02,0x3f,0x00,0x00,0x27,0x13,0x00,0x00,0x27,0x13,
0x00,0x00,0x02,0x46,0x00,0x00,0x29,0xd6,0x00,0x00,0x29,0xd6,0x00,0x00,0x02,0x47,
0x00,0x00,0x2b,0x60,0x00,0x00,0x2b,0x64,0x00,0x00,0x02,0x48,0x00,0x00,0x30,0x41,
0x00,0x00,0x30,0x94,0x00,0x00,0x02,0x4d,0x00,0x00,0x30,0x99,0x00,0x00,0x30,0x9a,
0x00,0x00,0x02,0xa1,0x00,0x00,0x30,0x9d,0x00,0x00,0x30,0x9e,0x00,0x00,0x02,0xa3,
0x00,0x00,0x30,0xa1,0x00,0x00,0x30,0xfd,0x00,0x00,0x02,0xa5,0x00,0x00,0xfb,0x01,
0x00,0x00,0xfb,0x02,0x00,0x00,0x03,0x02,0x00,0x01,0xd1,0x1e,0x00,0x01,0xd1,0x1e,
0x00,0x00,0x03,0x04,0x00,0x01,0xd1,0x22,0x00,0x01,0xd1,0x22,0x00,0x00,0x03,0x05,
0x00,0x01,0xd1,0x2a,0x00,0x01,0xd1,0x2b,0x00,0x00,0x03,0x06,0x00,0x01,0xf5,0xf2,
0x00,0x01,0xf5,0xf2,0x00,0x00,0x03,0x08,0x00,0x01,0xfb,0x00,0x00,0x01,0xfb,0x92,
0x00,0x00,0x03,0x09,0x00,0x01,0xfb,0x94,0x00,0x01,0xfb,0xca,0x00,0x00,0x03,0x9c,
0x00,0x01,0xfb,0xf0,0x00,0x01,0xfb,0xf9,0x00,0x00,0x03,0xd3,0x00,0x06,0x02,0x0a,
0x00,0x00,0x00,0x00,0x01,0x00,0x00,0x01,0x00,0x00,0x00,0x00,0x00,0x00,0x00,0x00,
0x00,0x00,0x00,0x00,0x00,0x00,0x00,0x01,0x00,0x02,0x00,0x00,0x00,0x00,0x00,0x00,
0x00,0x03,0x00,0x00,0x00,0x00,0x00,0x00,0x00,0x00,0x00,0x00,0x00,0x00,0x00,0x00,
0x00,0x00,0x00,0x00,0x00,0x00,0x00,0x00,0x00,0x00,0x00,0x00,0x00,0x00,0x00,0x00,
0x00,0x01,0x00,0x00,0x00,0x00,0x00,0x04,0x00,0x05,0x00,0x06,0x00,0x07,0x00,0x08,
0x00,0x09,0x00,0x0a,0x00,0x0b,0x00,0x0c,0x00,0x0d,0x00,0x0e,0x00,0x0f,0x00,0x10,
0x00,0x11,0x00,0x12,0x00,0x13,0x00,0x14,0x00,0x15,0x00,0x16,0x00,0x17,0x00,0x18,
0x00,0x19,0x00,0x1a,0x00,0x1b,0x00,0x1c,0x00,0x1d,0x00,0x1e,0x00,0x1f,0x00,0x20,
0x00,0x21,0x00,0x22,0x00,0x23,0x00,0x24,0x00,0x25,0x00,0x26,0x00,0x27,0x00,0x28,
0x00,0x29,0x00,0x2a,0x00,0x2b,0x00,0x2c,0x00,0x2d,0x00,0x2e,0x00,0x2f,0x00,0x30,
0x00,0x31,0x00,0x32,0x00,0x33,0x00,0x34,0x00,0x35,0x00,0x36,0x00,0x37,0x00,0x38,
0x00,0x39,0x00,0x3a,0x00,0x3b,0x00,0x3c,0x00,0x3d,0x00,0x3e,0x00,0x3f,0x00,0x40,
0x00,0x41,0x00,0x42,0x00,0x43,0x00,0x44,0x00,0x45,0x00,0x46,0x00,0x47,0x00,0x48,
0x00,0x49,0x00,0x4a,0x00,0x4b,0x00,0x4c,0x00,0x4d,0x00,0x4e,0x00,0x4f,0x00,0x50,
0x00,0x51,0x00,0x52,0x00,0x53,0x00,0x54,0x00,0x55,0x00,0x56,0x00,0x57,0x00,0x58,
0x00,0x59,0x00,0x5a,0x00,0x5b,0x00,0x5c,0x00,0x5d,0x00,0x5e,0x00,0x5f,0x00,0x60,
0x00,0x61,0x00,0x62,0x00,0x63,0x00,0x88,0x00,0x89,0x00,0x8b,0x00,0x8d,0x00,0x95,
0x00,0x9a,0x00,0xa0,0x00,0xa5,0x00,0xa4,0x00,0xa6,0x00,0xa8,0x00,0xa7,0x00,0xa9,
0x00,0xab,0x00,0xad,0x00,0xac,0x00,0xae,0x00,0xaf,0x00,0xb1,0x00,0xb0,0x00,0xb2,
0x00,0xb3,0x00,0xb5,0x00,0xb7,0x00,0xb6,0x00,0xb8,0x00,0xba,0x00,0xb9,0x00,0xbe,
0x00,0xbd,0x00,0xbf,0x00,0xc0,0x01,0x9d,0x00,0x74,0x00,0x66,0x00,0x67,0x00,0x6b,
0x01,0x9f,0x00,0x7a,0x00,0xa3,0x00,0x72,0x00,0x6d,0x01,0xa9,0x00,0x78,0x00,0x6c,
0x01,0xc1,0x00,0x8a,0x00,0x9c,0x01,0xbc,0x00,0x75,0x01,0xc3,0x01,0xc4,0x00,0x69,
0x00,0x79,0x01,0xb6,0x01,0xb8,0x01,0xb7,0x01,0x20,0x01,0xbf,0x00,0x6e,0x00,0x7e,
0x01,0x09,0x00,0xaa,0x00,0xbc,0x00,0x83,0x00,0x65,0x00,0x70,0x01,0xbb,0x00,0xcc,
0x01,0xc0,0x00,0x00,0x00,0x6f,0x00,0x7f,0x01,0xa0,0x00,0x64,0x00,0x84,0x00,0x87,
0x00,0x99,0x00,0xc5,0x00,0xc6,0x01,0x95,0x01,0x96,0x01,0x9a,0x01,0x9b,0x01,0x97,
0x01,0x98,0x00,0xbb,0x02,0x22,0x00,0xc3,0x00,0xcb,0x01,0xa5,0x01,0xa8,0x01,0xa2,
0x01,0xa3,0x03,0x02,0x03,0x03,0x01,0x9e,0x00,0x7b,0x01,0x99,0x01,0x9c,0x01,0xa1,
0x00,0x86,0x00,0x8e,0x00,0x85,0x00,0x8f,0x00,0x8c,0x00,0x91,0x00,0x92,0x00,0x93,
0x00,0x90,0x00,0x97,0x00,0x98,0x00,0x00,0x00,0x96,0x00,0x9e,0x00,0x9f,0x00,0x9d,
0x00,0xc4,0x00,0xcd,0x00,0xd3,0x00,0x73,0x00,0xcf,0x00,0xd0,0x00,0xd1,0x00,0x7c,
0x00,0xd4,0x00,0xd2,0x00,0xce,0x00,0x00,0x00,0x00,0x00,0x32,0x00,0x32,0x00,0x32,
0x00,0x50,0x00,0x50,0x00,0x64,0x00,0x78,0x00,0xa8,0x00,0xd4,0x01,0x2a,0x01,0x6c,
0x01,0x7a,0x01,0x94,0x01,0xac,0x01,0xd8,0x01,0xf0,0x02,0x06,0x02,0x14,0x02,0x22,
0x02,0x40,0x02,0x72,0x02,0x88,0x02,0xb8,0x02,0xea,0x03,0x12,0x03,0x36,0x03,0x60,
0x03,0x7e,0x03,0xb4,0x03,0xe2,0x03,0xf8,0x04,0x14,0x04,0x46,0x04,0x5a,0x04,0x8c,
0x04,0xb6,0x04,0xe0,0x05,0x0a,0x05,0x30,0x05,0x56,0x05,0x7a,0x05,0x92,0x05,0xa8,
0x05,0xce,0x05,0xe6,0x05,0xfc,0x06,0x16,0x06,0x48,0x06,0x58,0x06,0x7a,0x06,0x9c,
0x06,0xbe,0x06,0xda,0x07,0x0e,0x07,0x30,0x07,0x64,0x07,0x78,0x07,0x92,0x07,0xba,
0x07,0xdc,0x08,0x1a,0x08,0x3e,0x08,0x6a,0x08,0x7e,0x08,0x9c,0x08,0xb0,0x08,0xd6,
0x08,0xe2,0x08,0xf6,0x09,0x18,0x09,0x42,0x09,0x68,0x09,0x90,0x09,0xb2,0x09,0xd6,
0x0a,0x00,0x0a,0x1e,0x0a,0x38,0x0a,0x5c,0x0a,0x84,0x0a,0x98,0x0a,0xba,0x0a,0xd8,
0x0a,0xfa,0x0b,0x24,0x0b,0x4e,0x0b,0x72,0x0b,0x96,0x0b,0xba,0x0b,0xd8,0x0b,0xfe,
0x0c,0x22,0x0c,0x60,0x0c,0x86,0x0c,0xaa,0x0c,0xd2,0x0c,0xe0,0x0d,0x08,0x0d,0x2e,
0x0d,0x52,0x0d,0x52,0x0d,0x66,0x0d,0x96,0x0d,0xc0,0x0d,0xea,0x0e,0x20,0x0e,0x34,
0x0e,0x7a,0x0e,0x8e,0x0e,0xba,0x0e,0xe0,0x0f,0x26,0x0f,0x36,0x0f,0x44,0x0f,0x7a,
0x0f,0x88,0x0f,0xaa,0x0f,0xca,0x0f,0xe6,0x10,0x00,0x10,0x14,0x10,0x32,0x10,0x52,
0x10,0x60,0x10,0x6c,0x10,0x82,0x10,0xaa,0x10,0xee,0x11,0x20,0x11,0x56,0x11,0x90,
0x11,0xb8,0x11,0xe6,0x12,0x14,0x12,0x4c,0x12,0x7c,0x12,0xae,0x12,0xda,0x12,0xfe,
0x13,0x28,0x13,0x4a,0x13,0x6e,0x13,0x94,0x13,0xb8,0x13,0xd8,0x13,0xf8,0x14,0x1a,
0x14,0x3c,0x14,0x66,0x14,0x90,0x14,0xb8,0x14,0xe0,0x15,0x0c,0x15,0x30,0x15,0x5a,
0x15,0x98,0x15,0xca,0x15,0xf0,0x16,0x16,0x16,0x42,0x16,0x68,0x16,0x96,0x16,0xb4,
0x16,0xe2,0x17,0x0c,0x17,0x36,0x17,0x62,0x17,0x8a,0x17,0xb8,0x17,0xe0,0x18,0x10,
0x18,0x3a,0x18,0x64,0x18,0x8e,0x18,0xba,0x18,0xe6,0x19,0x02,0x19,0x1e,0x19,0x40,
0x19,0x60,0x19,0x8a,0x19,0xb0,0x19,0xdc,0x1a,0x08,0x1a,0x34,0x1a,0x5c,0x1a,0x8a,
0x1a,0xa4,0x1a,0xcc,0x1a,0xf6,0x1b,0x20,0x1b,0x50,0x1b,0x7a,0x1b,0xaa,0x1b,0xc8,
0x1b,0xfa,0x1c,0x0e,0x1c,0x32,0x1c,0x5e,0x1c,0x92,0x1c,0xca,0x1c,0xfe,0x1d,0x36,
0x1d,0x64,0x1d,0x94,0x1d,0xae,0x1d,0xc8,0x1d,0xe0,0x1d,0xee,0x1d,0xfc,0x1e,0x08,
0x1e,0x16,0x1e,0x36,0x1e,0x4a,0x1e,0x5e,0x1e,0x78,0x1e,0x86,0x1e,0x94,0x1e,0xae,
0x1e,0xbc,0x1e,0xd0,0x1e,0xde,0x1e,0xfe,0x1f,0x18,0x1f,0x2c,0x1f,0x3e,0x1f,0x4a,
0x1f,0x56,0x1f,0x64,0x1f,0x72,0x1f,0x8c,0x1f,0xa6,0x1f,0xba,0x1f,0xd4,0x1f,0xfe,
0x20,0x1c,0x20,0x3a,0x20,0x58,0x20,0x7c,0x20,0x9a,0x20,0xbe,0x20,0xe6,0x21,0x10,
0x21,0x36,0x21,0x46,0x21,0x6e,0x21,0x86,0x21,0xb2,0x21,0xca,0x21,0xf0,0x22,0x06,
0x22,0x38,0x22,0x60,0x22,0x82,0x22,0xa4,0x22,0xc0,0x22,0xe2,0x22,0xf6,0x23,0x12,
0x23,0x3c,0x23,0x50,0x23,0x74,0x23,0x9e,0x23,0xdc,0x23,0xfe,0x24,0x2a,0x24,0x4c,
0x24,0x7a,0x24,0xae,0x24,0xea,0x25,0x12,0x25,0x32,0x25,0x66,0x25,0x94,0x25,0xc0,
0x25,0xe6,0x26,0x1a,0x26,0x4c,0x26,0x76,0x26,0x96,0x26,0xba,0x26,0xcc,0x26,0xf8,
0x27,0x24,0x27,0x42,0x27,0x68,0x27,0x94,0x27,0xb6,0x27,0xd4,0x27,0xfa,0x28,0x20,
0x28,0x46,0x28,0x60,0x28,0x7e,0x28,0xa8,0x28,0xdc,0x28,0xfe,0x29,0x2e,0x29,0x4c,
0x29,0x78,0x29,0xa4,0x29,0xce,0x29,0xfe,0x2a,0x1e,0x2a,0x48,0x2a,0x66,0x2a,0x8c,
0x2a,0xa0,0x2a,0xbe,0x2a,0xd6,0x2b,0x06,0x2b,0x3a,0x2b,0x5c,0x2b,0x84,0x2b,0xb6,
0x2b,0xd0,0x2b,0xf4,0x2c,0x0c,0x2c,0x2e,0x2c,0x42,0x2c,0x5e,0x2c,0x84,0x2c,0x98,
0x2c,0xca,0x2c,0xf4,0x2d,0x32,0x2d,0x4a,0x2d,0x64,0x2d,0x7c,0x2d,0x98,0x2d,0xb6,
0x2d,0xd8,0x2d,0xf4,0x2e,0x1e,0x2e,0x44,0x2e,0x70,0x2e,0x92,0x2e,0xbe,0x2e,0xe2,
0x2e,0xf6,0x2f,0x14,0x2f,0x36,0x2f,0x66,0x2f,0x96,0x2f,0xb8,0x2f,0xe2,0x30,0x0a,
0x30,0x24,0x30,0x46,0x30,0x5e,0x30,0x80,0x30,0x94,0x30,0xbe,0x30,0xe4,0x30,0xf8,
0x31,0x1e,0x31,0x4a,0x31,0x88,0x31,0xa0,0x31,0xba,0x31,0xd2,0x31,0xee,0x32,0x0c,
0x32,0x2e,0x32,0x4a,0x32,0x74,0x32,0x9c,0x32,0xc0,0x32,0xec,0x33,0x18,0x33,0x32,
0x33,0x56,0x33,0x68,0x33,0x84,0x33,0x92,0x33,0xaa,0x33,0xc2,0x33,0xe6,0x33,0xf4,
0x34,0x08,0x34,0x22,0x34,0x44,0x34,0x62,0x34,0x8c,0x34,0x9a,0x34,0xb0,0x34,0xcc,
0x34,0xea,0x35,0x08,0x35,0x2c,0x35,0x48,0x35,0x6a,0x35,0x88,0x35,0x9c,0x35,0xbc,
0x35,0xda,0x36,0x08,0x36,0x38,0x36,0x66,0x36,0x96,0x36,0xc4,0x36,0xf6,0x37,0x24,
0x37,0x52,0x37,0x84,0x37,0x92,0x37,0xa0,0x37,0xb6,0x37,0xcc,0x37,0xe2,0x38,0x08,
0x38,0x2c,0x38,0x52,0x38,0x68,0x38,0x86,0x38,0x94,0x38,0xac,0x39,0x08,0x39,0x2e,
0x39,0x54,0x39,0x74,0x39,0x92,0x39,0xae,0x39,0xdc,0x3a,0x12,0x3a,0x2c,0x3a,0x46,
0x3a,0x62,0x3a,0x7e,0x3a,0x98,0x3a,0xb6,0x3a,0xde,0x3b,0x02,0x3b,0x28,0x3b,0x4a,
0x3b,0x6e,0x3b,0xa4,0x3b,0xbc,0x3b,0xe4,0x3b,0xfc,0x3c,0x26,0x3c,0x34,0x3c,0x42,
0x3c,0x62,0x3c,0x94,0x3c,0xa4,0x3c,0xbe,0x3c,0xd8,0x3d,0x1c,0x3d,0x3c,0x3d,0x58,
0x3d,0x88,0x3d,0xb6,0x3d,0xdc,0x3e,0x16,0x3e,0x3e,0x3e,0x52,0x3e,0x62,0x3e,0x7c,
0x3e,0x96,0x3e,0xbe,0x3e,0xe4,0x3e,0xfc,0x3f,0x0c,0x3f,0x1e,0x3f,0x2e,0x3f,0x5a,
0x3f,0x68,0x3f,0x76,0x3f,0x86,0x3f,0x96,0x3f,0xa6,0x3f,0xb6,0x3f,0xca,0x3f,0xde,
0x3f,0xf2,0x40,0x06,0x40,0x1e,0x40,0x32,0x40,0x46,0x40,0x5c,0x40,0x72,0x40,0x8c,
0x40,0xa2,0x40,0xb8,0x40,0xd2,0x40,0xe8,0x40,0xfe,0x41,0x18,0x41,0x2e,0x41,0x44,
0x41,0x5e,0x41,0x76,0x41,0x90,0x41,0xb0,0x41,0xc8,0x41,0xe2,0x42,0x04,0x42,0x1e,
0x42,0x36,0x42,0x56,0x42,0x70,0x42,0x88,0x42,0xa8,0x42,0xcc,0x42,0xee,0x43,0x1a,
0x43,0x32,0x43,0x4a,0x43,0x62,0x43,0x7a,0x43,0xa6,0x43,0xd0,0x44,0x0c,0x44,0x1a,
0x44,0x28,0x44,0x36,0x44,0x44,0x44,0x52,0x44,0x5e,0x44,0x6c,0x44,0x7a,0x44,0x88,
0x44,0x96,0x44,0xa4,0x44,0xb2,0x44,0xc0,0x44,0xcc,0x44,0xda,0x45,0x2a,0x45,0xc4,
0x46,0x0a,0x46,0x18,0x46,0x26,0x46,0x34,0x46,0x42,0x46,0x50,0x46,0x62,0x46,0x78,
0x46,0x8a,0x46,0x9c,0x46,0xaa,0x46,0xc0,0x46,0xd2,0x46,0xe0,0x46,0xf6,0x47,0x2e,
0x47,0x50,0x47,0x7c,0x47,0x92,0x47,0xa8,0x47,0xce,0x47,0xe6,0x47,0xfe,0x48,0x16,
0x48,0x2e,0x48,0x4c,0x48,0x6a,0x48,0x88,0x48,0xa6,0x48,0xc6,0x48,0xea,0x49,0x10,
0x49,0x36,0x49,0x5e,0x49,0x8e,0x49,0xc0,0x49,0xe8,0x4a,0x22,0x4a,0x50,0x4a,0x7e,
0x4a,0xa4,0x4a,0xc8,0x4a,0xe6,0x4b,0x04,0x4b,0x18,0x4b,0x36,0x4b,0x5a,0x4b,0x8a,
0x4b,0xa2,0x4b,0xba,0x4b,0xe6,0x4c,0x0e,0x4c,0x38,0x4c,0x52,0x4c,0x6e,0x4c,0x8a,
0x4c,0xa4,0x4c,0xc2,0x4c,0xf6,0x4d,0x2e,0x4d,0x52,0x4d,0x76,0x4d,0xa0,0x4d,0xcc,
0x4d,0xf4,0x4e,0x26,0x4e,0x56,0x4e,0x8c,0x4e,0xc0,0x4e,0xf4,0x4f,0x24,0x4f,0x5a,
0x4f,0x82,0x4f,0xb0,0x4f,0xd2,0x4f,0xf6,0x50,0x16,0x50,0x40,0x50,0x6a,0x50,0x9a,
0x50,0xb4,0x50,0xd4,0x50,0xfe,0x51,0x2a,0x51,0x52,0x51,0x7c,0x51,0xa4,0x51,0xd2,
0x52,0x08,0x52,0x44,0x52,0x6c,0x52,0x98,0x52,0xba,0x52,0xdc,0x53,0x06,0x53,0x32,
0x53,0x62,0x53,0x8c,0x53,0xc0,0x53,0xf4,0x54,0x18,0x54,0x46,0x54,0x76,0x54,0x9c,
0x54,0xca,0x54,0xf8,0x55,0x2a,0x55,0x54,0x55,0x80,0x55,0xb2,0x55,0xe6,0x56,0x20,
0x56,0x5a,0x56,0x78,0x56,0xa2,0x56,0xda,0x57,0x00,0x57,0x2c,0x57,0x60,0x57,0x8e,
0x57,0xba,0x57,0xe8,0x58,0x16,0x58,0x42,0x58,0x6a,0x58,0x90,0x58,0xba,0x58,0xe6,
0x59,0x12,0x59,0x3e,0x59,0x6c,0x59,0x94,0x59,0xc4,0x59,0xf6,0x5a,0x24,0x5a,0x50,
0x5a,0x7c,0x5a,0xaa,0x5a,0xea,0x5b,0x26,0x5b,0x52,0x5b,0x86,0x5b,0x9a,0x5b,0xa8,
0x5b,0xc8,0x5b,0xf4,0x5c,0x14,0x5c,0x34,0x5c,0x52,0x5c,0x72,0x5c,0x96,0x5c,0xbc,
0x5c,0xd4,0x5c,0xec,0x5d,0x0e,0x5d,0x38,0x5d,0x60,0x5d,0x8a,0x5d,0xac,0x5d,0xd2,
0x5e,0x06,0x5e,0x3a,0x5e,0x5e,0x5e,0x84,0x5e,0x98,0x5e,0xb2,0x5e,0xdc,0x5f,0x06,
0x5f,0x3c,0x5f,0x7a,0x5f,0xae,0x5f,0xe8,0x60,0x10,0x60,0x3e,0x60,0x6a,0x60,0x98,
0x60,0xd0,0x61,0x0a,0x61,0x30,0x61,0x5e,0x61,0x84,0x61,0xaa,0x61,0xd8,0x61,0xf8,
0x62,0x1c,0x62,0x34,0x62,0x52,0x62,0x70,0x62,0x84,0x62,0xb0,0x62,0xe2,0x63,0x02,
0x63,0x24,0x63,0x50,0x63,0x80,0x63,0xa0,0x63,0xca,0x63,0xf6,0x64,0x1a,0x64,0x44,
0x64,0x72,0x64,0x98,0x64,0xca,0x65,0x08,0x65,0x2e,0x65,0x5a,0x65,0x86,0x65,0xac,
0x65,0xd8,0x66,0x00,0x66,0x2e,0x66,0x52,0x66,0x70,0x66,0x96,0x66,0xac,0x66,0xc2,
0x66,0xda,0x66,0xf2,0x67,0x18,0x67,0x36,0x67,0x54,0x67,0x70,0x67,0x86,0x67,0xa6,
0x67,0xc6,0x67,0xee,0x68,0x0c,0x68,0x2e,0x68,0x58,0x68,0x7e,0x68,0xa4,0x68,0xc8,
0x68,0xee,0x69,0x18,0x69,0x40,0x69,0x68,0x69,0x76,0x69,0x84,0x69,0xa4,0x69,0xcc,
0x69,0xf2,0x6a,0x24,0x6a,0x52,0x6a,0x78,0x6a,0x9c,0x6a,0xc2,0x6a,0xd0,0x6a,0xde,
0x6a,0xec,0x6a,0xfa,0x6b,0x08,0x6b,0x1e,0x6b,0x30,0x6b,0x3e,0x6b,0x54,0x6b,0x62,
0x6b,0x74,0x6b,0x82,0x6b,0x94,0x6b,0xa6,0x6b,0xb4,0x6b,0xc2,0x6b,0xd8,0x6b,0xee,
0x6c,0x04,0x6c,0x12,0x6c,0x28,0x6c,0x3a,0x6c,0x50,0x6c,0x6e,0x6c,0x84,0x6c,0x9c,
0x6c,0xae,0x6c,0xc2,0x6c,0xd6,0x6c,0xe8,0x6c,0xf6,0x6d,0x0c,0x6d,0x22,0x6d,0x38,
0x6d,0x4e,0x6d,0x64,0x6d,0x82,0x6d,0x9c,0x6d,0xaa,0x6d,0xc0,0x6d,0xd2,0x6d,0xe4,
0x6d,0xf8,0x6e,0x0c,0x6e,0x1e,0x6e,0x2c,0x6e,0x42,0x6e,0x58,0x6e,0x6e,0x6e,0x80,
0x6e,0x92,0x6e,0xac,0x6e,0xc0,0x6e,0xd2,0x6e,0xec,0x6e,0xfe,0x6f,0x12,0x6f,0x20,
0x6f,0x32,0x6f,0x44,0x6f,0x54,0x6f,0x64,0x6f,0x76,0x6f,0x8a,0x6f,0x9c,0x6f,0xb0,
0x6f,0xc4,0x6f,0xda,0x6f,0xf0,0x70,0x06,0x70,0x1a,0x70,0x2a,0x70,0x3a,0x70,0x4c,
0x70,0x62,0x70,0x76,0x70,0x8a,0x70,0x9e,0x70,0xb4,0x70,0xca,0x70,0xde,0x70,0xf2,
0x71,0x06,0x71,0x1a,0x71,0x30,0x71,0x46,0x71,0x5c,0x71,0x6c,0x71,0x7c,0x71,0x8e,
0x71,0xa2,0x71,0xb6,0x71,0xca,0x71,0xde,0x71,0xf2,0x72,0x08,0x72,0x1e,0x72,0x34,
0x72,0x44,0x72,0x54,0x72,0x66,0x72,0x7a,0x72,0x8e,0x72,0xa2,0x72,0xbc,0x72,0xd4,
0x72,0xf0,0x73,0x06,0x73,0x1c,0x73,0x32,0x73,0x48,0x73,0x5e,0x73,0x6a,0x73,0x78,
0x73,0x86,0x73,0x94,0x73,0xa2,0x73,0xb0,0x73,0xbe,0x73,0xcc,0x73,0xda,0x73,0xe8,
0x73,0xf6,0x74,0x02,0x74,0x12,0x74,0x22,0x74,0x32,0x74,0x42,0x74,0x56,0x74,0x78,
0x74,0x86,0x74,0x94,0x74,0xa2,0x74,0xb0,0x74,0xbe,0x74,0xcc,0x74,0xda,0x74,0xe8,
0x74,0xf6,0x75,0x04,0x75,0x52,0x75,0xa2,0x75,0xf2,0x76,0x42,0x76,0xdc,0x77,0x2a,
0x77,0x74,0x77,0xba,0x77,0xec,0x78,0x1e,0x78,0x34,0x78,0x9e,0x79,0x08,0x79,0x28,
0x79,0x48,0x79,0xaa,0x79,0xfa,0x7a,0x70,0x7a,0xd2,0x7a,0xea,0x7b,0x02,0x7b,0x1a,
0x7b,0x32,0x7b,0x56,0x7b,0x7a,0x7b,0x9a,0x7b,0xba,0x7b,0xe4,0x7c,0x0e,0x7c,0x38,
0x7c,0x62,0x7c,0x8c,0x7c,0xb6,0x7c,0xe6,0x7d,0x00,0x7d,0x1a,0x7d,0x42,0x7d,0x6e,
0x7d,0x92,0x7d,0xb2,0x7d,0xe8,0x7e,0x1e,0x7e,0x44,0x7e,0x6a,0x7e,0x92,0x7e,0xae,
0x7e,0xda,0x7e,0xf6,0x7f,0x28,0x7f,0x48,0x7f,0x82,0x7f,0xd4,0x80,0x02,0x80,0x36,
0x80,0x50,0x80,0x78,0x80,0xac,0x80,0xe0,0x81,0x1a,0x81,0x54,0x81,0x82,0x81,0xb4,
0x81,0xe4,0x81,0xf8,0x82,0x20,0x82,0x4a,0x82,0x6c,0x82,0x94,0x82,0xc4,0x82,0xde,
0x83,0x14,0x83,0x44,0x83,0x44,0x00,0x00,0x00,0x03,0x00,0x00,0xff,0x80,0x03,0x00,
0x03,0x80,0x00,0x0b,0x00,0x1b,0x00,0x1f,0x00,0x00,0x01,0x15,0x33,0x11,0x23,0x15,
0x21,0x35,0x23,0x11,0x33,0x35,0x01,0x11,0x23,0x35,0x21,0x15,0x23,0x15,0x33,0x35,
0x21,0x11,0x21,0x15,0x21,0x35,0x01,0x15,0x33,0x35,0x02,0x80,0x80,0x80,0xfe,0x00,
0x80,0x80,0x02,0x00,0x80,0xff,0x00,0x80,0x80,0x01,0x00,0xff,0x00,0x01,0x00,0xff,
0x00,0x80,0x03,0x80,0x80,0xfd,0x00,0x80,0x80,0x03,0x00,0x80,0xfe,0x00,0x01,0x00,
0x80,0x80,0x80,0x80,0xff,0x00,0x80,0x80,0xff,0x00,0x80,0x80,0x00,0x02,0x00,0x80,
0x00,0x00,0x03,0x00,0x03,0x80,0x00,0x0b,0x00,0x0f,0x00,0x00,0x01,0x15,0x33,0x15,
0x23,0x11,0x23,0x15,0x21,0x11,0x21,0x11,0x01,0x35,0x33,0x15,0x02,0x00,0x80,0x80,
0x80,0xff,0x00,0x01,0x00,0x01,0x00,0x80,0x03,0x80,0x80,0x80,0xfe,0x00,0x80,0x01,
0x00,0x02,0x80,0xfe,0x80,0x80,0x80,0x00,0x00,0x02,0x01,0x00,0x00,0x00,0x01,0x80,
0x03,0x80,0x00,0x03,0x00,0x07,0x00,0x00,0x01,0x33,0x11,0x23,0x13,0x23,0x35,0x33,
0x01,0x00,0x80,0x80,0x80,0x80,0x80,0x03,0x80,0xfd,0x80,0xff,0x00,0x80,0x00,0x00,
0x00,0x02,0x00,0x80,0x02,0x00,0x02,0x00,0x03,0x80,0x00,0x03,0x00,0x07,0x00,0x00,
0x13,0x33,0x11,0x23,0x01,0x33,0x11,0x23,0x80,0x80,0x80,0x01,0x00,0x80,0x80,0x03,
0x80,0xfe,0x80,0x01,0x80,0xfe,0x80,0x00,0x00,0x02,0x00,0x00,0x00,0x00,0x02,0x80,
0x03,0x80,0x00,0x1b,0x00,0x1f,0x00,0x00,0x01,0x15,0x23,0x15,0x33,0x15,0x23,0x11,
0x23,0x11,0x23,0x11,0x23,0x11,0x23,0x35,0x33,0x35,0x23,0x35,0x33,0x11,0x33,0x11,
0x33,0x11,0x33,0x11,0x01,0x33,0x35,0x23,0x02,0x80,0x80,0x80,0x80,0x80,0x80,0x80,
0x80,0x80,0x80,0x80,0x80,0x80,0x80,0xff,0x00,0x80,0x80,0x02,0x80,0x80,0x80,0x80,
0xff,0x00,0x01,0x00,0xff,0x00,0x01,0x00,0x80,0x80,0x80,0x01,0x00,0xff,0x00,0x01,
0x00,0xff,0x00,0xff,0x00,0x80,0x00,0x00,0x00,0x05,0x00,0x00,0x00,0x00,0x02,0x80,
0x03,0x80,0x00,0x07,0x00,0x0b,0x00,0x0f,0x00,0x13,0x00,0x1b,0x00,0x00,0x13,0x35,
0x33,0x35,0x33,0x15,0x21,0x15,0x05,0x35,0x33,0x1d,0x01,0x35,0x21,0x15,0x33,0x15,
0x23,0x35,0x1d,0x01,0x23,0x15,0x23,0x35,0x21,0x35,0x80,0x80,0x80,0x01,0x00,0xfd,
0x80,0x80,0x01,0x80,0x80,0x80,0x80,0x80,0xff,0x00,0x02,0x80,0x80,0x80,0x80,0x80,
0x80,0x80,0x80,0x80,0x80,0x80,0x80,0x80,0x80,0x80,0x80,0x80,0x80,0x00,0x00,0x00,
0x00,0x0d,0x00,0x00,0x00,0x00,0x02,0x80,0x03,0x80,0x00,0x03,0x00,0x07,0x00,0x0b,
0x00,0x0f,0x00,0x13,0x00,0x17,0x00,0x1b,0x00,0x1f,0x00,0x23,0x00,0x27,0x00,0x2b,
0x00,0x2f,0x00,0x33,0x00,0x00,0x01,0x23,0x35,0x33,0x03,0x23,0x35,0x33,0x05,0x23,
0x35,0x33,0x05,0x23,0x35,0x33,0x01,0x23,0x35,0x33,0x05,0x23,0x35,0x33,0x03,0x23,
0x35,0x33,0x03,0x23,0x35,0x33,0x05,0x23,0x35,0x33,0x01,0x23,0x35,0x33,0x05,0x23,
0x35,0x33,0x05,0x23,0x35,0x33,0x03,0x23,0x35,0x33,0x01,0x00,0x80,0x80,0x80,0x80,
0x80,0x01,0x00,0x80,0x80,0x01,0x00,0x80,0x80,0xfe,0x80,0x80,0x80,0x01,0x00,0x80,
0x80,0x80,0x80,0x80,0x80,0x80,0x80,0x01,0x00,0x80,0x80,0xfe,0x80,0x80,0x80,0x01,
0x00,0x80,0x80,0x01,0x00,0x80,0x80,0x80,0x80,0x80,0x03,0x00,0x80,0xff,0x00,0x80,
0x80,0x80,0x80,0x80,0xff,0x00,0x80,0x80,0x80,0xff,0x00,0x80,0xff,0x00,0x80,0x80,
0x80,0xff,0x00,0x80,0x80,0x80,0x80,0x80,0xff,0x00,0x80,0x00,0x00,0x0a,0x00,0x00,
0x00,0x00,0x02,0x80,0x03,0x80,0x00,0x03,0x00,0x07,0x00,0x0b,0x00,0x0f,0x00,0x13,
0x00,0x17,0x00,0x1b,0x00,0x1f,0x00,0x23,0x00,0x27,0x00,0x00,0x13,0x33,0x15,0x2b,
0x01,0x33,0x11,0x23,0x21,0x23,0x11,0x33,0x01,0x33,0x15,0x2b,0x01,0x33,0x11,0x23,
0x01,0x15,0x23,0x35,0x21,0x33,0x15,0x23,0x07,0x35,0x33,0x15,0x05,0x35,0x21,0x15,
0x25,0x15,0x23,0x35,0x80,0x80,0x80,0x80,0x80,0x80,0x01,0x80,0x80,0x80,0xff,0x00,
0x80,0x80,0x80,0x80,0x80,0x01,0x80,0x80,0x01,0x00,0x80,0x80,0x80,0x80,0xfe,0x80,
0x01,0x00,0x01,0x00,0x80,0x03,0x80,0x80,0xff,0x00,0x01,0x00,0xff,0x00,0x80,0xff,
0x00,0x01,0x00,0x80,0x80,0x80,0x80,0x80,0x80,0x80,0x80,0x80,0x80,0x80,0x80,0x00,
0x00,0x01,0x01,0x00,0x02,0x00,0x01,0x80,0x03,0x80,0x00,0x03,0x00,0x00,0x01,0x33,
0x11,0x23,0x01,0x00,0x80,0x80,0x03,0x80,0xfe,0x80,0x00,0x00,0x00,0x03,0x00,0x80,
0x00,0x00,0x01,0x80,0x03,0x80,0x00,0x03,0x00,0x07,0x00,0x0b,0x00,0x00,0x01,0x33,
0x15,0x23,0x11,0x23,0x11,0x33,0x13,0x15,0x23,0x35,0x01,0x00,0x80,0x80,0x80,0x80,
0x80,0x80,0x03,0x80,0x80,0xfd,0x80,0x02,0x80,0xfd,0x80,0x80,0x80,0x00,0x00,0x00,
0x00,0x03,0x01,0x00,0x00,0x00,0x02,0x00,0x03,0x80,0x00,0x03,0x00,0x07,0x00,0x0b,
0x00,0x00,0x01,0x35,0x33,0x15,0x31,0x33,0x11,0x23,0x15,0x23,0x35,0x33,0x01,0x00,
0x80,0x80,0x80,0x80,0x80,0x03,0x00,0x80,0x80,0xfd,0x80,0x80,0x80,0x00,0x00,0x00,
0x00,0x05,0x00,0x00,0x00,0x80,0x02,0x80,0x03,0x00,0x00,0x03,0x00,0x07,0x00,0x13,
0x00,0x17,0x00,0x1b,0x00,0x00,0x13,0x35,0x33,0x15,0x37,0x33,0x15,0x23,0x15,0x21,
0x15,0x21,0x15,0x23,0x35,0x21,0x35,0x21,0x35,0x33,0x03,0x23,0x35,0x33,0x21,0x15,
0x23,0x35,0x80,0x80,0x80,0x80,0x80,0x01,0x00,0xff,0x00,0x80,0xff,0x00,0x01,0x00,
0x80,0x80,0x80,0x80,0x01,0x00,0x80,0x02,0x80,0x80,0x80,0x80,0x80,0x80,0x80,0x80,
0x80,0x80,0x80,0xfe,0x00,0x80,0x80,0x80,0x00,0x01,0x00,0x00,0x00,0x80,0x02,0x80,
0x03,0x00,0x00,0x0b,0x00,0x00,0x01,0x21,0x15,0x21,0x11,0x23,0x11,0x21,0x35,0x21,
0x11,0x33,0x01,0x80,0x01,0x00,0xff,0x00,0x80,0xff,0x00,0x01,0x00,0x80,0x02,0x00,
0x80,0xff,0x00,0x01,0x00,0x80,0x01,0x00,0x00,0x02,0x01,0x00,0xff,0x80,0x02,0x00,
0x01,0x00,0x00,0x05,0x00,0x09,0x00,0x00,0x01,0x21,0x11,0x23,0x35,0x23,0x13,0x23,
0x35,0x33,0x01,0x00,0x01,0x00,0x80,0x80,0x80,0x80,0x80,0x01,0x00,0xff,0x00,0x80,
0xff,0x00,0x80,0x00,0x00,0x01,0x00,0x00,0x01,0x80,0x02,0x80,0x02,0x00,0x00,0x03,
0x00,0x00,0x01,0x15,0x21,0x35,0x02,0x80,0xfd,0x80,0x02,0x00,0x80,0x80,0x00,0x00,
0x00,0x01,0x01,0x00,0x00,0x00,0x02,0x00,0x01,0x00,0x00,0x03,0x00,0x00,0x01,0x21,
0x11,0x21,0x01,0x00,0x01,0x00,0xff,0x00,0x01,0x00,0xff,0x00,0x00,0x01,0x00,0x00,
0x00,0x00,0x02,0x80,0x03,0x00,0x00,0x13,0x00,0x00,0x01,0x35,0x33,0x11,0x23,0x15,
0x23,0x15,0x23,0x15,0x23,0x15,0x23,0x11,0x33,0x35,0x33,0x35,0x33,0x35,0x02,0x00,
0x80,0x80,0x80,0x80,0x80,0x80,0x80,0x80,0x80,0x02,0x80,0x80,0xff,0x00,0x80,0x80,
0x80,0x80,0x01,0x00,0x80,0x80,0x80,0x00,0x00,0x05,0x00,0x00,0x00,0x00,0x02,0x80,
0x03,0x80,0x00,0x03,0x00,0x0b,0x00,0x13,0x00,0x17,0x00,0x1b,0x00,0x00,0x01,0x21,
0x35,0x21,0x01,0x15,0x23,0x15,0x23,0x11,0x33,0x11,0x01,0x35,0x33,0x11,0x23,0x11,
0x23,0x35,0x11,0x23,0x35,0x33,0x01,0x21,0x15,0x21,0x02,0x00,0xfe,0x80,0x01,0x80,
0xff,0x00,0x80,0x80,0x80,0x01,0x80,0x80,0x80,0x80,0x80,0x80,0xff,0x00,0x01,0x80,
0xfe,0x80,0x03,0x00,0x80,0xfe,0x00,0x80,0x80,0x02,0x80,0xfe,0x80,0x01,0x00,0x80,
0xfd,0x80,0x01,0x80,0x80,0xff,0x00,0x80,0xfe,0x80,0x80,0x00,0x00,0x01,0x00,0x80,
0x00,0x00,0x02,0x00,0x03,0x80,0x00,0x0b,0x00,0x00,0x25,0x33,0x15,0x21,0x35,0x33,
0x11,0x23,0x35,0x33,0x35,0x33,0x01,0x80,0x80,0xfe,0x80,0x80,0x80,0x80,0x80,0x80,
0x80,0x80,0x02,0x00,0x80,0x80,0x00,0x00,0x00,0x06,0x00,0x00,0x00,0x00,0x02,0x80,
0x03,0x80,0x00,0x03,0x00,0x07,0x00,0x0b,0x00,0x0f,0x00,0x13,0x00,0x19,0x00,0x00,
0x01,0x15,0x21,0x35,0x11,0x23,0x35,0x33,0x21,0x33,0x11,0x23,0x05,0x35,0x21,0x15,
0x05,0x23,0x35,0x33,0x01,0x11,0x33,0x15,0x21,0x15,0x02,0x00,0xfe,0x80,0x80,0x80,
0x01,0x80,0x80,0x80,0xff,0x00,0x01,0x00,0xff,0x00,0x80,0x80,0xff,0x00,0x80,0x02,
0x00,0x03,0x80,0x80,0x80,0xff,0x00,0x80,0xff,0x00,0x80,0x80,0x80,0x80,0x80,0xfe,
0x80,0x01,0x00,0x80,0x80,0x00,0x00,0x00,0x00,0x07,0x00,0x00,0x00,0x00,0x02,0x80,
0x03,0x80,0x00,0x03,0x00,0x07,0x00,0x0b,0x00,0x0f,0x00,0x13,0x00,0x17,0x00,0x1b,
0x00,0x00,0x01,0x15,0x21,0x35,0x11,0x23,0x35,0x33,0x21,0x33,0x11,0x23,0x05,0x35,
0x21,0x15,0x13,0x23,0x11,0x33,0x01,0x35,0x33,0x15,0x31,0x21,0x15,0x21,0x02,0x00,
0xfe,0x80,0x80,0x80,0x01,0x80,0x80,0x80,0xff,0x00,0x01,0x00,0x80,0x80,0x80,0xfd,
0x80,0x80,0x01,0x80,0xfe,0x80,0x03,0x80,0x80,0x80,0xff,0x00,0x80,0xff,0x00,0x80,
0x80,0x80,0xff,0x00,0x01,0x00,0xff,0x00,0x80,0x80,0x80,0x00,0x00,0x02,0x00,0x00,
0x00,0x00,0x02,0x80,0x03,0x80,0x00,0x15,0x00,0x19,0x00,0x00,0x01,0x15,0x23,0x15,
0x33,0x15,0x21,0x35,0x33,0x35,0x21,0x11,0x33,0x15,0x21,0x11,0x23,0x35,0x33,0x35,
0x33,0x11,0x01,0x33,0x15,0x23,0x02,0x80,0x80,0x80,0xfe,0x80,0x80,0xfe,0x80,0x80,
0x01,0x00,0x80,0x80,0x80,0xfe,0x80,0x80,0x80,0x01,0x80,0x80,0x80,0x80,0x80,0x80,
0x01,0x00,0x80,0x01,0x00,0x80,0x80,0xfe,0x00,0x01,0x00,0x80,0x00,0x04,0x00,0x00,
0x00,0x00,0x02,0x80,0x03,0x80,0x00,0x07,0x00,0x0b,0x00,0x0f,0x00,0x13,0x00,0x00,
0x13,0x15,0x21,0x15,0x21,0x11,0x21,0x15,0x03,0x11,0x33,0x11,0x21,0x35,0x33,0x15,
0x31,0x21,0x15,0x21,0x80,0x01,0x80,0xfe,0x00,0x02,0x80,0x80,0x80,0xfd,0x80,0x80,
0x01,0x80,0xfe,0x80,0x03,0x00,0x80,0x80,0x01,0x80,0x80,0xfd,0x80,0x01,0x80,0xfe,
0x80,0x80,0x80,0x80,0x00,0x05,0x00,0x00,0x00,0x00,0x02,0x80,0x03,0x80,0x00,0x03,
0x00,0x07,0x00,0x0f,0x00,0x13,0x00,0x17,0x00,0x00,0x01,0x15,0x21,0x35,0x07,0x33,
0x15,0x23,0x19,0x01,0x23,0x11,0x33,0x15,0x21,0x15,0x31,0x33,0x11,0x23,0x29,0x01,
0x15,0x21,0x02,0x00,0xff,0x00,0x80,0x80,0x80,0x80,0x80,0x01,0x80,0x80,0x80,0xfe,
0x80,0x01,0x80,0xfe,0x80,0x03,0x80,0x80,0x80,0x80,0x80,0xff,0x00,0xff,0x00,0x02,
0x00,0x80,0x80,0xff,0x00,0x80,0x00,0x00,0x00,0x03,0x00,0x00,0x00,0x00,0x02,0x80,
0x03,0x80,0x00,0x05,0x00,0x09,0x00,0x0d,0x00,0x00,0x01,0x11,0x23,0x35,0x21,0x35,
0x01,0x23,0x35,0x33,0x05,0x33,0x11,0x23,0x02,0x80,0x80,0xfe,0x00,0x02,0x00,0x80,
0x80,0xff,0x00,0x80,0x80,0x03,0x80,0xff,0x00,0x80,0x80,0xfe,0x80,0x80,0x80,0xfe,
0x00,0x00,0x00,0x00,0x00,0x07,0x00,0x00,0x00,0x00,0x02,0x80,0x03,0x80,0x00,0x03,
0x00,0x07,0x00,0x0b,0x00,0x0f,0x00,0x13,0x00,0x17,0x00,0x1b,0x00,0x00,0x01,0x21,
0x35,0x21,0x05,0x33,0x11,0x23,0x01,0x33,0x11,0x23,0x29,0x01,0x15,0x21,0x23,0x33,
0x11,0x23,0x21,0x23,0x11,0x33,0x01,0x21,0x15,0x21,0x02,0x00,0xfe,0x80,0x01,0x80,
0xfe,0x00,0x80,0x80,0x02,0x00,0x80,0x80,0xfe,0x80,0x01,0x80,0xfe,0x80,0x80,0x80,
0x80,0x02,0x80,0x80,0x80,0xfe,0x00,0x01,0x80,0xfe,0x80,0x03,0x00,0x80,0x80,0xff,
0x00,0x01,0x00,0xff,0x00,0x80,0xff,0x00,0x01,0x00,0xff,0x00,0x80,0x00,0x00,0x00,
0x00,0x05,0x00,0x00,0x00,0x00,0x02,0x80,0x03,0x80,0x00,0x03,0x00,0x07,0x00,0x0f,
0x00,0x13,0x00,0x17,0x00,0x00,0x01,0x21,0x35,0x21,0x05,0x33,0x11,0x23,0x01,0x33,
0x11,0x23,0x35,0x21,0x35,0x21,0x11,0x23,0x35,0x33,0x01,0x35,0x21,0x15,0x02,0x00,
0xfe,0x80,0x01,0x80,0xfe,0x00,0x80,0x80,0x02,0x00,0x80,0x80,0xfe,0x80,0x01,0x80,
0x80,0x80,0xfe,0x80,0x01,0x00,0x03,0x00,0x80,0x80,0xff,0x00,0x01,0x00,0xfe,0x00,
0x80,0x80,0xfe,0x80,0x80,0xff,0x00,0x80,0x80,0x00,0x00,0x00,0x00,0x02,0x01,0x00,
0x00,0x00,0x02,0x00,0x02,0x80,0x00,0x03,0x00,0x07,0x00,0x00,0x01,0x21,0x11,0x21,
0x15,0x21,0x11,0x21,0x01,0x00,0x01,0x00,0xff,0x00,0x01,0x00,0xff,0x00,0x02,0x80,
0xff,0x00,0x80,0xff,0x00,0x00,0x00,0x00,0x00,0x03,0x01,0x00,0xff,0x80,0x02,0x00,
0x02,0x80,0x00,0x03,0x00,0x09,0x00,0x0d,0x00,0x00,0x01,0x21,0x11,0x21,0x11,0x35,
0x21,0x11,0x23,0x35,0x11,0x23,0x35,0x33,0x01,0x00,0x01,0x00,0xff,0x00,0x01,0x00,
0x80,0x80,0x80,0x02,0x80,0xff,0x00,0xff,0x00,0x80,0xff,0x00,0x80,0xff,0x00,0x80,
0x00,0x07,0x00,0x00,0x00,0x00,0x02,0x00,0x03,0x80,0x00,0x03,0x00,0x07,0x00,0x0b,
0x00,0x0f,0x00,0x13,0x00,0x17,0x00,0x1b,0x00,0x00,0x01,0x23,0x35,0x33,0x03,0x23,
0x35,0x33,0x03,0x23,0x35,0x33,0x03,0x23,0x35,0x33,0x13,0x23,0x35,0x33,0x13,0x23,
0x35,0x33,0x13,0x23,0x35,0x33,0x02,0x00,0x80,0x80,0x80,0x80,0x80,0x80,0x80,0x80,
0x80,0x80,0x80,0x80,0x80,0x80,0x80,0x80,0x80,0x80,0x80,0x80,0x03,0x00,0x80,0xff,
0x00,0x80,0xff,0x00,0x80,0xff,0x00,0x80,0xff,0x00,0x80,0xff,0x00,0x80,0xff,0x00,
0x80,0x00,0x00,0x00,0x00,0x02,0x00,0x00,0x01,0x00,0x02,0x80,0x02,0x80,0x00,0x03,
0x00,0x07,0x00,0x00,0x01,0x15,0x21,0x35,0x01,0x15,0x21,0x35,0x02,0x80,0xfd,0x80,
0x02,0x80,0xfd,0x80,0x02,0x80,0x80,0x80,0xff,0x00,0x80,0x80,0x00,0x07,0x00,0x80,
0x00,0x00,0x02,0x80,0x03,0x80,0x00,0x03,0x00,0x07,0x00,0x0b,0x00,0x0f,0x00,0x13,
0x00,0x17,0x00,0x1b,0x00,0x00,0x01,0x23,0x35,0x33,0x13,0x23,0x35,0x33,0x13,0x23,
0x35,0x33,0x13,0x23,0x35,0x33,0x03,0x23,0x35,0x33,0x03,0x23,0x35,0x33,0x03,0x23,
0x35,0x33,0x01,0x00,0x80,0x80,0x80,0x80,0x80,0x80,0x80,0x80,0x80,0x80,0x80,0x80,
0x80,0x80,0x80,0x80,0x80,0x80,0x80,0x80,0x03,0x00,0x80,0xff,0x00,0x80,0xff,0x00,
0x80,0xff,0x00,0x80,0xff,0x00,0x80,0xff,0x00,0x80,0xff,0x00,0x80,0x00,0x00,0x00,
0x00,0x06,0x00,0x00,0x00,0x00,0x02,0x80,0x03,0x80,0x00,0x03,0x00,0x07,0x00,0x0b,
0x00,0x0f,0x00,0x13,0x00,0x17,0x00,0x00,0x01,0x15,0x21,0x35,0x11,0x23,0x35,0x33,
0x21,0x33,0x11,0x23,0x15,0x23,0x35,0x33,0x03,0x23,0x35,0x33,0x11,0x23,0x35,0x33,
0x02,0x00,0xfe,0x80,0x80,0x80,0x01,0x80,0x80,0x80,0x80,0x80,0x80,0x80,0x80,0x80,
0x80,0x03,0x80,0x80,0x80,0xff,0x00,0x80,0xff,0x00,0x80,0x80,0xff,0x00,0x80,0xfe,
0x80,0x80,0x00,0x00,0x00,0x05,0x00,0x00,0x00,0x00,0x02,0x80,0x03,0x80,0x00,0x03,
0x00,0x07,0x00,0x0d,0x00,0x11,0x00,0x15,0x00,0x00,0x01,0x15,0x21,0x35,0x07,0x33,
0x11,0x23,0x01,0x35,0x33,0x11,0x21,0x11,0x13,0x33,0x35,0x23,0x01,0x35,0x21,0x15,
0x02,0x00,0xfe,0x80,0x80,0x80,0x80,0x02,0x00,0x80,0xfe,0x80,0x80,0x80,0x80,0xff,
0x00,0x02,0x00,0x03,0x80,0x80,0x80,0x80,0xfd,0x80,0x02,0x00,0x80,0xfe,0x00,0x01,
0x80,0xff,0x00,0x80,0xfe,0x00,0x80,0x80,0x00,0x04,0x00,0x00,0x00,0x00,0x02,0x80,
0x03,0x80,0x00,0x03,0x00,0x07,0x00,0x0b,0x00,0x17,0x00,0x00,0x01,0x33,0x15,0x2b,
0x01,0x33,0x15,0x23,0x25,0x15,0x23,0x35,0x17,0x33,0x11,0x23,0x11,0x21,0x11,0x23,
0x11,0x33,0x11,0x21,0x01,0x00,0x80,0x80,0x80,0x80,0x80,0x01,0x80,0x80,0x80,0x80,
0x80,0xfe,0x80,0x80,0x80,0x01,0x80,0x03,0x80,0x80,0x80,0x80,0x80,0x80,0x80,0xfd,
0x80,0x01,0x00,0xff,0x00,0x02,0x80,0xff,0x00,0x00,0x00,0x00,0x00,0x03,0x00,0x00,
0x00,0x00,0x02,0x80,0x03,0x80,0x00,0x0b,0x00,0x0f,0x00,0x13,0x00,0x00,0x13,0x21,
0x15,0x21,0x11,0x21,0x15,0x21,0x11,0x21,0x15,0x29,0x01,0x33,0x11,0x23,0x13,0x23,
0x11,0x33,0x80,0x01,0x80,0xfe,0x80,0x01,0x80,0xfe,0x00,0x02,0x00,0xfe,0x80,0x01,
0x80,0x80,0x80,0x80,0x80,0x80,0x02,0x00,0x80,0xff,0x00,0x80,0x03,0x80,0x80,0xff,
0x00,0xfe,0x80,0x01,0x00,0x00,0x00,0x00,0x00,0x05,0x00,0x00,0x00,0x00,0x02,0x80,
0x03,0x80,0x00,0x03,0x00,0x07,0x00,0x0b,0x00,0x0f,0x00,0x13,0x00,0x00,0x01,0x15,
0x21,0x35,0x07,0x33,0x11,0x23,0x01,0x15,0x23,0x35,0x11,0x33,0x15,0x23,0x05,0x35,
0x21,0x15,0x02,0x00,0xfe,0x80,0x80,0x80,0x80,0x02,0x80,0x80,0x80,0x80,0xfe,0x80,
0x01,0x80,0x03,0x80,0x80,0x80,0x80,0xfd,0x80,0x02,0x80,0x80,0x80,0xfe,0x00,0x80,
0x80,0x80,0x80,0x00,0x00,0x04,0x00,0x00,0x00,0x00,0x02,0x80,0x03,0x80,0x00,0x07,
0x00,0x0b,0x00,0x0f,0x00,0x13,0x00,0x00,0x37,0x21,0x15,0x21,0x11,0x21,0x15,0x29,
0x01,0x15,0x23,0x35,0x17,0x33,0x11,0x23,0x15,0x23,0x35,0x33,0x80,0x01,0x00,0xfe,
0x80,0x01,0x80,0xff,0x00,0x01,0x80,0x80,0x80,0x80,0x80,0x80,0x80,0x80,0x80,0x03,
0x80,0x80,0x80,0x80,0x80,0xfe,0x80,0x80,0x80,0x00,0x00,0x00,0x00,0x01,0x00,0x00,
0x00,0x00,0x02,0x80,0x03,0x80,0x00,0x0b,0x00,0x00,0x13,0x11,0x21,0x15,0x21,0x11,
0x21,0x15,0x21,0x11,0x21,0x15,0x80,0x01,0x80,0xfe,0x80,0x02,0x00,0xfd,0x80,0x02,
0x80,0x03,0x00,0xff,0x00,0x80,0xff,0x00,0x80,0x03,0x80,0x80,0x00,0x01,0x00,0x00,
0x00,0x00,0x02,0x80,0x03,0x80,0x00,0x09,0x00,0x00,0x01,0x15,0x21,0x11,0x21,0x15,
0x21,0x11,0x23,0x11,0x02,0x80,0xfe,0x00,0x01,0x80,0xfe,0x80,0x80,0x03,0x80,0x80,
0xff,0x00,0x80,0xfe,0x80,0x03,0x80,0x00,0x00,0x04,0x00,0x00,0x00,0x00,0x02,0x80,
0x03,0x80,0x00,0x03,0x00,0x07,0x00,0x0b,0x00,0x13,0x00,0x00,0x01,0x15,0x21,0x35,
0x07,0x33,0x11,0x23,0x01,0x15,0x23,0x35,0x01,0x35,0x21,0x35,0x23,0x35,0x21,0x11,
0x02,0x00,0xfe,0x80,0x80,0x80,0x80,0x02,0x80,0x80,0xfe,0x80,0x01,0x80,0x80,0x01,
0x00,0x03,0x80,0x80,0x80,0x80,0xfd,0x80,0x02,0x80,0x80,0x80,0xfd,0x00,0x80,0x80,
0x80,0xfe,0x80,0x00,0x00,0x01,0x00,0x00,0x00,0x00,0x02,0x80,0x03,0x80,0x00,0x0b,
0x00,0x00,0x01,0x33,0x11,0x23,0x11,0x21,0x11,0x23,0x11,0x33,0x11,0x21,0x02,0x00,
0x80,0x80,0xfe,0x80,0x80,0x80,0x01,0x80,0x03,0x80,0xfc,0x80,0x01,0x80,0xfe,0x80,
0x03,0x80,0xfe,0x80,0x00,0x01,0x00,0x80,0x00,0x00,0x02,0x00,0x03,0x80,0x00,0x0b,
0x00,0x00,0x25,0x33,0x15,0x21,0x35,0x33,0x11,0x23,0x35,0x21,0x15,0x23,0x01,0x80,
0x80,0xfe,0x80,0x80,0x80,0x01,0x80,0x80,0x80,0x80,0x80,0x02,0x80,0x80,0x80,0x00,
0x00,0x03,0x00,0x00,0x00,0x00,0x02,0x80,0x03,0x80,0x00,0x03,0x00,0x07,0x00,0x0b,
0x00,0x00,0x01,0x33,0x11,0x23,0x01,0x33,0x11,0x23,0x33,0x21,0x15,0x21,0x02,0x00,
0x80,0x80,0xfe,0x00,0x80,0x80,0x80,0x01,0x80,0xfe,0x80,0x03,0x80,0xfd,0x00,0x01,
0x00,0xff,0x00,0x80,0x00,0x07,0x00,0x00,0x00,0x00,0x02,0x80,0x03,0x80,0x00,0x07,
0x00,0x0b,0x00,0x0f,0x00,0x13,0x00,0x17,0x00,0x1b,0x00,0x1f,0x00,0x00,0x13,0x33,
0x15,0x23,0x11,0x23,0x11,0x33,0x21,0x33,0x15,0x2b,0x01,0x33,0x15,0x2b,0x01,0x33,
0x15,0x23,0x17,0x15,0x23,0x35,0x05,0x15,0x23,0x35,0x05,0x15,0x23,0x35,0x80,0x80,
0x80,0x80,0x80,0x01,0x80,0x80,0x80,0x80,0x80,0x80,0x80,0x80,0x80,0x80,0x80,0x01,
0x00,0x80,0x01,0x00,0x80,0x02,0x00,0x80,0xfe,0x80,0x03,0x80,0x80,0x80,0x80,0x80,
0x80,0x80,0x80,0x80,0x80,0x80,0x80,0x80,0x00,0x01,0x00,0x00,0x00,0x00,0x02,0x80,
0x03,0x80,0x00,0x05,0x00,0x00,0x25,0x15,0x21,0x11,0x33,0x11,0x02,0x80,0xfd,0x80,
0x80,0x80,0x80,0x03,0x80,0xfd,0x00,0x00,0x00,0x03,0x00,0x00,0x00,0x00,0x02,0x80,
0x03,0x80,0x00,0x07,0x00,0x0f,0x00,0x13,0x00,0x00,0x13,0x15,0x33,0x15,0x23,0x11,
0x23,0x11,0x05,0x35,0x33,0x11,0x23,0x11,0x23,0x35,0x11,0x23,0x35,0x33,0x80,0x80,
0x80,0x80,0x02,0x00,0x80,0x80,0x80,0x80,0x80,0x03,0x80,0x80,0x80,0xfd,0x80,0x03,
0x80,0x80,0x80,0xfc,0x80,0x02,0x80,0x80,0xff,0x00,0x80,0x00,0x00,0x03,0x00,0x00,
0x00,0x00,0x02,0x80,0x03,0x80,0x00,0x07,0x00,0x0f,0x00,0x13,0x00,0x00,0x13,0x15,
0x33,0x15,0x23,0x11,0x23,0x11,0x21,0x33,0x11,0x23,0x11,0x23,0x35,0x33,0x21,0x35,
0x33,0x15,0x80,0x80,0x80,0x80,0x02,0x00,0x80,0x80,0x80,0x80,0xff,0x00,0x80,0x03,
0x80,0x80,0x80,0xfd,0x80,0x03,0x80,0xfc,0x80,0x01,0x80,0x80,0x80,0x80,0x00,0x00,
0x00,0x04,0x00,0x00,0x00,0x00,0x02,0x80,0x03,0x80,0x00,0x03,0x00,0x07,0x00,0x0b,
0x00,0x0f,0x00,0x00,0x01,0x21,0x35,0x21,0x01,0x23,0x11,0x33,0x21,0x33,0x11,0x23,
0x29,0x01,0x15,0x21,0x02,0x00,0xfe,0x80,0x01,0x80,0xfe,0x80,0x80,0x80,0x01,0x80,
0x80,0x80,0xfe,0x80,0x01,0x80,0xfe,0x80,0x03,0x00,0x80,0xfd,0x00,0x02,0x80,0xfd,
0x80,0x80,0x00,0x00,0x00,0x02,0x00,0x00,0x00,0x00,0x02,0x80,0x03,0x80,0x00,0x09,
0x00,0x0d,0x00,0x00,0x13,0x21,0x15,0x21,0x11,0x23,0x11,0x21,0x15,0x29,0x01,0x33,
0x11,0x23,0x80,0x01,0x80,0xfe,0x80,0x80,0x02,0x00,0xfe,0x80,0x01,0x80,0x80,0x80,
0x02,0x00,0x80,0xfe,0x80,0x03,0x80,0x80,0xff,0x00,0x00,0x00,0x00,0x07,0x00,0x00,
0x00,0x00,0x02,0x80,0x03,0x80,0x00,0x03,0x00,0x07,0x00,0x0b,0x00,0x0f,0x00,0x13,
0x00,0x17,0x00,0x1b,0x00,0x00,0x01,0x21,0x35,0x21,0x01,0x23,0x11,0x33,0x21,0x33,
0x11,0x23,0x21,0x35,0x33,0x15,0x17,0x23,0x35,0x33,0x01,0x35,0x21,0x15,0x25,0x15,
0x23,0x35,0x02,0x00,0xfe,0x80,0x01,0x80,0xfe,0x80,0x80,0x80,0x01,0x80,0x80,0x80,
0xff,0x00,0x80,0x80,0x80,0x80,0xfe,0x80,0x01,0x00,0x01,0x00,0x80,0x03,0x00,0x80,
0xfd,0x00,0x02,0x80,0xfe,0x00,0x80,0x80,0x80,0x80,0xff,0x00,0x80,0x80,0x80,0x80,
0x80,0x00,0x00,0x00,0x00,0x03,0x00,0x00,0x00,0x00,0x02,0x80,0x03,0x80,0x00,0x09,
0x00,0x0d,0x00,0x11,0x00,0x00,0x13,0x21,0x15,0x21,0x11,0x23,0x11,0x21,0x15,0x29,
0x01,0x33,0x11,0x23,0x19,0x01,0x33,0x11,0x80,0x01,0x80,0xfe,0x80,0x80,0x02,0x00,
0xfe,0x80,0x01,0x80,0x80,0x80,0x80,0x02,0x00,0x80,0xfe,0x80,0x03,0x80,0x80,0xff,
0x00,0xfe,0x00,0x01,0x80,0xfe,0x80,0x00,0x00,0x07,0x00,0x00,0x00,0x00,0x02,0x80,
0x03,0x80,0x00,0x03,0x00,0x07,0x00,0x0b,0x00,0x0f,0x00,0x13,0x00,0x17,0x00,0x1b,
0x00,0x00,0x01,0x15,0x21,0x35,0x03,0x11,0x33,0x11,0x01,0x15,0x23,0x35,0x01,0x35,
0x21,0x15,0x13,0x23,0x11,0x33,0x01,0x35,0x33,0x15,0x31,0x21,0x15,0x21,0x02,0x00,
0xfe,0x80,0x80,0x80,0x02,0x00,0x80,0xfe,0x80,0x01,0x80,0x80,0x80,0x80,0xfd,0x80,
0x80,0x01,0x80,0xfe,0x80,0x03,0x80,0x80,0x80,0xfe,0x80,0x01,0x00,0xff,0x00,0x01,
0x00,0x80,0x80,0xfe,0x80,0x80,0x80,0xff,0x00,0x01,0x00,0xff,0x00,0x80,0x80,0x80,
0x00,0x01,0x00,0x00,0x00,0x00,0x02,0x80,0x03,0x80,0x00,0x07,0x00,0x00,0x01,0x15,
0x21,0x11,0x23,0x11,0x21,0x35,0x02,0x80,0xff,0x00,0x80,0xff,0x00,0x03,0x80,0x80,
0xfd,0x00,0x03,0x00,0x80,0x00,0x00,0x00,0x00,0x03,0x00,0x00,0x00,0x00,0x02,0x80,
0x03,0x80,0x00,0x03,0x00,0x07,0x00,0x0b,0x00,0x00,0x37,0x23,0x11,0x33,0x21,0x33,
0x11,0x23,0x29,0x01,0x15,0x21,0x80,0x80,0x80,0x01,0x80,0x80,0x80,0xfe,0x80,0x01,
0x80,0xfe,0x80,0x80,0x03,0x00,0xfd,0x00,0x80,0x00,0x00,0x00,0x00,0x05,0x00,0x00,
0x00,0x00,0x02,0x80,0x03,0x80,0x00,0x03,0x00,0x07,0x00,0x0b,0x00,0x0f,0x00,0x13,
0x00,0x00,0x13,0x11,0x23,0x11,0x21,0x33,0x11,0x23,0x21,0x33,0x11,0x23,0x21,0x11,
0x33,0x11,0x01,0x11,0x33,0x11,0x80,0x80,0x02,0x00,0x80,0x80,0xfe,0x80,0x80,0x80,
0x01,0x00,0x80,0xff,0x00,0x80,0x03,0x80,0xfe,0x80,0x01,0x80,0xfe,0x80,0xff,0x00,
0x01,0x00,0xff,0x00,0xff,0x00,0x01,0x00,0xff,0x00,0x00,0x00,0x00,0x03,0x00,0x00,
0x00,0x00,0x02,0x80,0x03,0x80,0x00,0x07,0x00,0x0f,0x00,0x13,0x00,0x00,0x13,0x33,
0x15,0x23,0x15,0x23,0x11,0x33,0x21,0x33,0x11,0x23,0x35,0x23,0x35,0x33,0x01,0x33,
0x11,0x23,0x80,0x80,0x80,0x80,0x80,0x01,0x80,0x80,0x80,0x80,0x80,0xff,0x00,0x80,
0x80,0x01,0x00,0x80,0x80,0x03,0x80,0xfc,0x80,0x80,0x80,0x01,0x00,0xff,0x00,0x00,
0x00,0x09,0x00,0x00,0x00,0x00,0x02,0x80,0x03,0x80,0x00,0x03,0x00,0x07,0x00,0x0b,
0x00,0x0f,0x00,0x13,0x00,0x17,0x00,0x1b,0x00,0x1f,0x00,0x23,0x00,0x00,0x11,0x33,
0x11,0x23,0x01,0x33,0x11,0x23,0x05,0x35,0x33,0x15,0x21,0x23,0x35,0x33,0x03,0x23,
0x35,0x33,0x03,0x23,0x35,0x33,0x21,0x15,0x23,0x35,0x01,0x11,0x33,0x11,0x21,0x23,
0x11,0x33,0x80,0x80,0x02,0x00,0x80,0x80,0xfe,0x80,0x80,0x01,0x00,0x80,0x80,0x80,
0x80,0x80,0x80,0x80,0x80,0x01,0x00,0x80,0xfe,0x80,0x80,0x02,0x00,0x80,0x80,0x03,
0x80,0xff,0x00,0x01,0x00,0xff,0x00,0x80,0x80,0x80,0x80,0xff,0x00,0x80,0xff,0x00,
0x80,0x80,0x80,0xfe,0x80,0x01,0x00,0xff,0x00,0x01,0x00,0x00,0x00,0x03,0x00,0x00,
0x00,0x00,0x02,0x80,0x03,0x80,0x00,0x03,0x00,0x07,0x00,0x13,0x00,0x00,0x11,0x33,
0x11,0x23,0x01,0x33,0x11,0x23,0x05,0x33,0x35,0x33,0x11,0x23,0x11,0x23,0x11,0x23,
0x11,0x33,0x80,0x80,0x02,0x00,0x80,0x80,0xff,0x00,0x80,0x80,0x80,0x80,0x80,0x80,
0x03,0x80,0xff,0x00,0x01,0x00,0xff,0x00,0x80,0x80,0xff,0x00,0xfe,0x80,0x01,0x80,
0x01,0x00,0x00,0x00,0x00,0x05,0x00,0x00,0x00,0x00,0x02,0x80,0x03,0x80,0x00,0x05,
0x00,0x09,0x00,0x0d,0x00,0x11,0x00,0x17,0x00,0x00,0x01,0x11,0x23,0x35,0x21,0x35,
0x01,0x23,0x35,0x33,0x03,0x23,0x35,0x33,0x03,0x23,0x35,0x33,0x01,0x11,0x33,0x15,
0x21,0x15,0x02,0x80,0x80,0xfe,0x00,0x02,0x00,0x80,0x80,0x80,0x80,0x80,0x80,0x80,
0x80,0xff,0x00,0x80,0x02,0x00,0x03,0x80,0xff,0x00,0x80,0x80,0xfe,0x80,0x80,0xff,
0x00,0x80,0xff,0x00,0x80,0xfe,0x80,0x01,0x00,0x80,0x80,0x00,0x00,0x01,0x00,0x80,
0x00,0x00,0x02,0x00,0x03,0x80,0x00,0x07,0x00,0x00,0x25,0x21,0x15,0x21,0x11,0x21,
0x15,0x21,0x01,0x00,0x01,0x00,0xfe,0x80,0x01,0x80,0xff,0x00,0x80,0x80,0x03,0x80,
0x80,0x00,0x00,0x00,0x00,0x01,0x00,0x00,0x00,0x00,0x02,0x80,0x03,0x00,0x00,0x13,
0x00,0x00,0x01,0x15,0x33,0x11,0x23,0x35,0x23,0x35,0x23,0x35,0x23,0x35,0x23,0x11,
0x33,0x15,0x33,0x15,0x33,0x15,0x02,0x00,0x80,0x80,0x80,0x80,0x80,0x80,0x80,0x80,
0x80,0x01,0x80,0x80,0xff,0x00,0x80,0x80,0x80,0x80,0x01,0x00,0x80,0x80,0x80,0x00,
0x00,0x01,0x00,0x80,0x00,0x00,0x02,0x00,0x03,0x80,0x00,0x07,0x00,0x00,0x01,0x11,
0x21,0x35,0x21,0x11,0x21,0x35,0x02,0x00,0xfe,0x80,0x01,0x00,0xff,0x00,0x03,0x80,
0xfc,0x80,0x80,0x02,0x80,0x80,0x00,0x00,0x00,0x05,0x00,0x00,0x02,0x00,0x02,0x80,
0x03,0x80,0x00,0x03,0x00,0x07,0x00,0x0b,0x00,0x0f,0x00,0x13,0x00,0x00,0x01,0x23,
0x35,0x33,0x03,0x23,0x35,0x33,0x05,0x23,0x35,0x33,0x01,0x23,0x35,0x33,0x05,0x23,
0x35,0x33,0x01,0x80,0x80,0x80,0x80,0x80,0x80,0x01,0x00,0x80,0x80,0xfe,0x80,0x80,
0x80,0x02,0x00,0x80,0x80,0x03,0x00,0x80,0xff,0x00,0x80,0x80,0x80,0xff,0x00,0x80,
0x80,0x80,0x00,0x00,0x00,0x01,0x00,0x00,0xff,0x80,0x03,0x00,0x00,0x00,0x00,0x03,
0x00,0x00,0x21,0x15,0x21,0x35,0x03,0x00,0xfd,0x00,0x80,0x80,0x00,0x02,0x00,0x80,
0x02,0x80,0x01,0x80,0x03,0x80,0x00,0x03,0x00,0x07,0x00,0x00,0x01,0x23,0x35,0x33,
0x13,0x23,0x35,0x33,0x01,0x00,0x80,0x80,0x80,0x80,0x80,0x03,0x00,0x80,0xff,0x00,
0x80,0x00,0x00,0x00,0x00,0x03,0x00,0x00,0x00,0x00,0x02,0x80,0x02,0x80,0x00,0x03,
0x00,0x0d,0x00,0x11,0x00,0x00,0x01,0x15,0x21,0x35,0x01,0x35,0x33,0x11,0x21,0x35,
0x21,0x35,0x21,0x35,0x03,0x35,0x33,0x15,0x02,0x00,0xfe,0x80,0x01,0x80,0x80,0xfe,
0x00,0x01,0x80,0xfe,0x80,0x80,0x80,0x02,0x80,0x80,0x80,0xff,0x00,0x80,0xfe,0x00,
0x80,0x80,0x80,0xff,0x00,0x80,0x80,0x00,0x00,0x04,0x00,0x00,0x00,0x00,0x02,0x80,
0x03,0x80,0x00,0x0b,0x00,0x0f,0x00,0x13,0x00,0x17,0x00,0x00,0x13,0x15,0x33,0x15,
0x23,0x15,0x23,0x11,0x33,0x11,0x33,0x15,0x01,0x15,0x21,0x35,0x05,0x33,0x11,0x23,
0x05,0x35,0x21,0x15,0x80,0x80,0x80,0x80,0x80,0x80,0x01,0x00,0xff,0x00,0x01,0x00,
0x80,0x80,0xff,0x00,0x01,0x00,0x01,0x80,0x80,0x80,0x80,0x03,0x80,0xfe,0x80,0x80,
0x01,0x00,0x80,0x80,0x80,0xfe,0x80,0x80,0x80,0x80,0x00,0x00,0x00,0x05,0x00,0x00,
0x00,0x00,0x02,0x80,0x02,0x80,0x00,0x03,0x00,0x07,0x00,0x0b,0x00,0x0f,0x00,0x13,
0x00,0x00,0x01,0x15,0x21,0x35,0x07,0x33,0x11,0x23,0x01,0x15,0x23,0x35,0x11,0x33,
0x15,0x23,0x05,0x35,0x21,0x15,0x02,0x00,0xfe,0x80,0x80,0x80,0x80,0x02,0x80,0x80,
0x80,0x80,0xfe,0x80,0x01,0x80,0x02,0x80,0x80,0x80,0x80,0xfe,0x80,0x01,0x80,0x80,
0x80,0xff,0x00,0x80,0x80,0x80,0x80,0x00,0x00,0x04,0x00,0x00,0x00,0x00,0x02,0x80,
0x03,0x80,0x00,0x0b,0x00,0x0f,0x00,0x13,0x00,0x17,0x00,0x00,0x01,0x33,0x11,0x23,
0x35,0x23,0x35,0x33,0x35,0x23,0x35,0x33,0x27,0x15,0x21,0x35,0x15,0x11,0x23,0x11,
0x13,0x35,0x21,0x15,0x02,0x00,0x80,0x80,0x80,0x80,0x80,0x80,0x80,0xff,0x00,0x80,
0x80,0x01,0x00,0x03,0x80,0xfc,0x80,0x80,0x80,0x80,0x80,0x80,0x80,0x80,0x80,0xfe,
0x80,0x01,0x80,0xfe,0x00,0x80,0x80,0x00,0x00,0x03,0x00,0x00,0x00,0x00,0x02,0x80,
0x02,0x80,0x00,0x03,0x00,0x0d,0x00,0x11,0x00,0x00,0x01,0x21,0x35,0x21,0x11,0x35,
0x33,0x11,0x21,0x15,0x23,0x11,0x33,0x15,0x11,0x35,0x21,0x15,0x02,0x00,0xfe,0x80,
0x01,0x80,0x80,0xfe,0x00,0x80,0x80,0x01,0x80,0x02,0x00,0x80,0xff,0x00,0x80,0xff,
0x00,0x80,0x01,0x80,0x80,0xfe,0x80,0x80,0x80,0x00,0x00,0x00,0x00,0x03,0x00,0x00,
0x00,0x00,0x02,0x80,0x03,0x80,0x00,0x03,0x00,0x0f,0x00,0x13,0x00,0x00,0x01,0x21,
0x15,0x21,0x03,0x11,0x33,0x11,0x33,0x15,0x23,0x11,0x23,0x11,0x23,0x35,0x25,0x35,
0x33,0x15,0x01,0x00,0x01,0x00,0xff,0x00,0x80,0x80,0x80,0x80,0x80,0x80,0x02,0x00,
0x80,0x03,0x80,0x80,0xff,0x00,0x01,0x00,0xff,0x00,0x80,0xfe,0x80,0x01,0x80,0x80,
0x80,0x80,0x80,0x00,0x00,0x04,0x00,0x00,0xff,0x80,0x02,0x80,0x02,0x80,0x00,0x0b,
0x00,0x0f,0x00,0x13,0x00,0x17,0x00,0x00,0x01,0x35,0x33,0x11,0x23,0x35,0x21,0x35,
0x21,0x35,0x23,0x3d,0x01,0x15,0x21,0x35,0x07,0x33,0x11,0x23,0x13,0x21,0x15,0x21,
0x02,0x00,0x80,0x80,0xfe,0x80,0x01,0x80,0x80,0xff,0x00,0x80,0x80,0x80,0x80,0x01,
0x80,0xfe,0x80,0x02,0x00,0x80,0xfd,0x80,0x80,0x80,0x80,0x80,0x80,0x80,0x80,0x80,
0xff,0x00,0xff,0x00,0x80,0x00,0x00,0x00,0x00,0x03,0x00,0x00,0x00,0x00,0x02,0x80,
0x03,0x80,0x00,0x07,0x00,0x0b,0x00,0x0f,0x00,0x00,0x13,0x33,0x15,0x23,0x11,0x23,
0x11,0x33,0x13,0x21,0x15,0x29,0x01,0x33,0x11,0x23,0x80,0x80,0x80,0x80,0x80,0x80,
0x01,0x00,0xff,0x00,0x01,0x00,0x80,0x80,0x02,0x00,0x80,0xfe,0x80,0x03,0x80,0xff,
0x00,0x80,0xfe,0x00,0x00,0x02,0x00,0x80,0x00,0x00,0x02,0x00,0x03,0x80,0x00,0x03,
0x00,0x0d,0x00,0x00,0x01,0x33,0x15,0x23,0x13,0x33,0x15,0x21,0x35,0x33,0x11,0x23,
0x35,0x21,0x01,0x00,0x80,0x80,0x80,0x80,0xfe,0x80,0x80,0x80,0x01,0x00,0x03,0x80,
0x80,0xfd,0x80,0x80,0x80,0x01,0x80,0x80,0x00,0x04,0x00,0x00,0xff,0x80,0x02,0x00,
0x03,0x80,0x00,0x03,0x00,0x09,0x00,0x0d,0x00,0x11,0x00,0x00,0x01,0x35,0x33,0x15,
0x01,0x35,0x21,0x11,0x23,0x11,0x01,0x35,0x33,0x1d,0x01,0x35,0x21,0x15,0x01,0x80,
0x80,0xff,0x00,0x01,0x00,0x80,0xfe,0x80,0x80,0x01,0x00,0x03,0x00,0x80,0x80,0xff,
0x00,0x80,0xfd,0x80,0x02,0x00,0xfe,0x00,0x80,0x80,0x80,0x80,0x80,0x00,0x00,0x00,
0x00,0x05,0x00,0x00,0x00,0x00,0x02,0x00,0x03,0x80,0x00,0x07,0x00,0x0b,0x00,0x0f,
0x00,0x13,0x00,0x17,0x00,0x00,0x13,0x33,0x15,0x23,0x11,0x23,0x11,0x33,0x01,0x33,
0x15,0x2b,0x01,0x33,0x15,0x23,0x17,0x15,0x23,0x35,0x05,0x15,0x23,0x35,0x80,0x80,
0x80,0x80,0x80,0x01,0x00,0x80,0x80,0x80,0x80,0x80,0x80,0x80,0x01,0x00,0x80,0x01,
0x80,0x80,0xff,0x00,0x03,0x80,0xff,0x00,0x80,0x80,0x80,0x80,0x80,0x80,0x80,0x80,
0x00,0x01,0x00,0x80,0x00,0x00,0x02,0x00,0x03,0x80,0x00,0x09,0x00,0x00,0x25,0x33,
0x15,0x21,0x35,0x33,0x11,0x23,0x35,0x21,0x01,0x80,0x80,0xfe,0x80,0x80,0x80,0x01,
0x00,0x80,0x80,0x80,0x02,0x80,0x80,0x00,0x00,0x04,0x00,0x00,0x00,0x00,0x02,0x80,
0x02,0x80,0x00,0x05,0x00,0x09,0x00,0x0d,0x00,0x11,0x00,0x00,0x11,0x21,0x15,0x23,
0x11,0x23,0x01,0x35,0x33,0x15,0x21,0x33,0x11,0x23,0x01,0x33,0x11,0x23,0x01,0x00,
0x80,0x80,0x01,0x80,0x80,0xff,0x00,0x80,0x80,0x01,0x00,0x80,0x80,0x02,0x80,0x80,
0xfe,0x00,0x02,0x00,0x80,0x80,0xfe,0x00,0x02,0x00,0xfe,0x00,0x00,0x03,0x00,0x00,
0x00,0x00,0x02,0x80,0x02,0x80,0x00,0x07,0x00,0x0b,0x00,0x0f,0x00,0x00,0x11,0x33,
0x15,0x33,0x15,0x23,0x11,0x23,0x01,0x21,0x15,0x29,0x01,0x33,0x11,0x23,0x80,0x80,
0x80,0x80,0x01,0x00,0x01,0x00,0xff,0x00,0x01,0x00,0x80,0x80,0x02,0x80,0x80,0x80,
0xfe,0x80,0x02,0x80,0x80,0xfe,0x00,0x00,0x00,0x04,0x00,0x00,0x00,0x00,0x02,0x80,
0x02,0x80,0x00,0x03,0x00,0x07,0x00,0x0b,0x00,0x0f,0x00,0x00,0x01,0x21,0x35,0x21,
0x05,0x11,0x23,0x11,0x21,0x33,0x11,0x23,0x29,0x01,0x15,0x21,0x02,0x00,0xfe,0x80,
0x01,0x80,0xfe,0x80,0x80,0x02,0x00,0x80,0x80,0xfe,0x80,0x01,0x80,0xfe,0x80,0x02,
0x00,0x80,0x80,0xfe,0x80,0x01,0x80,0xfe,0x80,0x80,0x00,0x00,0x00,0x04,0x00,0x00,
0xff,0x80,0x02,0x80,0x02,0x80,0x00,0x0b,0x00,0x0f,0x00,0x13,0x00,0x17,0x00,0x00,
0x13,0x15,0x33,0x15,0x23,0x11,0x23,0x11,0x33,0x15,0x33,0x15,0x01,0x15,0x21,0x35,
0x05,0x33,0x11,0x23,0x05,0x35,0x21,0x15,0x80,0x80,0x80,0x80,0x80,0x80,0x01,0x00,
0xff,0x00,0x01,0x00,0x80,0x80,0xff,0x00,0x01,0x00,0x01,0x80,0x80,0x80,0xff,0x00,
0x03,0x00,0x80,0x80,0x01,0x00,0x80,0x80,0x80,0xfe,0x80,0x80,0x80,0x80,0x00,0x00,
0x00,0x04,0x00,0x00,0xff,0x80,0x02,0x80,0x02,0x80,0x00,0x03,0x00,0x0f,0x00,0x13,
0x00,0x17,0x00,0x00,0x01,0x15,0x21,0x35,0x05,0x35,0x33,0x11,0x23,0x11,0x23,0x35,
0x33,0x35,0x23,0x35,0x21,0x11,0x23,0x11,0x13,0x35,0x21,0x15,0x01,0x80,0xff,0x00,
0x01,0x80,0x80,0x80,0x80,0x80,0x80,0xff,0x00,0x80,0x80,0x01,0x00,0x02,0x80,0x80,
0x80,0x80,0x80,0xfd,0x00,0x01,0x00,0x80,0x80,0x80,0xfe,0x80,0x01,0x80,0xfe,0x00,
0x80,0x80,0x00,0x00,0x00,0x04,0x00,0x00,0x00,0x00,0x02,0x80,0x02,0x80,0x00,0x03,
0x00,0x07,0x00,0x0f,0x00,0x13,0x00,0x00,0x11,0x35,0x33,0x15,0x37,0x21,0x15,0x21,
0x23,0x33,0x11,0x33,0x15,0x21,0x35,0x33,0x01,0x35,0x33,0x15,0x80,0x80,0x01,0x00,
0xff,0x00,0x80,0x80,0x80,0xfe,0x80,0x80,0x01,0x80,0x80,0x02,0x00,0x80,0x80,0x80,
0x80,0xfe,0x80,0x80,0x80,0x01,0x00,0x80,0x80,0x00,0x00,0x00,0x00,0x05,0x00,0x00,
0x00,0x00,0x02,0x80,0x02,0x80,0x00,0x03,0x00,0x07,0x00,0x0b,0x00,0x0f,0x00,0x13,
0x00,0x00,0x13,0x35,0x21,0x15,0x05,0x35,0x33,0x1d,0x01,0x35,0x21,0x15,0x33,0x15,
0x23,0x35,0x1d,0x01,0x21,0x35,0x80,0x02,0x00,0xfd,0x80,0x80,0x01,0x80,0x80,0x80,
0xfe,0x00,0x02,0x00,0x80,0x80,0x80,0x80,0x80,0x80,0x80,0x80,0x80,0x80,0x80,0x80,
0x80,0x00,0x00,0x00,0x00,0x03,0x00,0x00,0x00,0x00,0x02,0x80,0x03,0x80,0x00,0x0b,
0x00,0x0f,0x00,0x13,0x00,0x00,0x01,0x11,0x23,0x11,0x23,0x35,0x33,0x11,0x33,0x11,
0x33,0x15,0x13,0x35,0x33,0x15,0x05,0x35,0x21,0x15,0x01,0x00,0x80,0x80,0x80,0x80,
0x80,0x80,0x80,0xfe,0x80,0x01,0x00,0x02,0x00,0xfe,0x80,0x01,0x80,0x80,0x01,0x00,
0xff,0x00,0x80,0xfe,0x80,0x80,0x80,0x80,0x80,0x80,0x00,0x00,0x00,0x03,0x00,0x00,
0x00,0x00,0x02,0x80,0x02,0x80,0x00,0x03,0x00,0x0b,0x00,0x0f,0x00,0x00,0x37,0x23,
0x11,0x33,0x21,0x33,0x11,0x23,0x35,0x23,0x35,0x33,0x01,0x35,0x21,0x15,0x80,0x80,
0x80,0x01,0x80,0x80,0x80,0x80,0x80,0xfe,0x80,0x01,0x00,0x80,0x02,0x00,0xfd,0x80,
0x80,0x80,0xff,0x00,0x80,0x80,0x00,0x00,0x00,0x05,0x00,0x00,0x00,0x00,0x02,0x80,
0x02,0x80,0x00,0x03,0x00,0x07,0x00,0x0b,0x00,0x0f,0x00,0x13,0x00,0x00,0x13,0x11,
0x23,0x11,0x21,0x33,0x11,0x23,0x05,0x35,0x33,0x15,0x21,0x23,0x35,0x33,0x03,0x23,
0x35,0x33,0x80,0x80,0x02,0x00,0x80,0x80,0xfe,0x80,0x80,0x01,0x00,0x80,0x80,0x80,
0x80,0x80,0x02,0x80,0xfe,0x80,0x01,0x80,0xfe,0x80,0x80,0x80,0x80,0x80,0xff,0x00,
0x80,0x00,0x00,0x00,0x00,0x05,0x00,0x00,0x00,0x00,0x02,0x80,0x02,0x80,0x00,0x03,
0x00,0x07,0x00,0x0b,0x00,0x0f,0x00,0x13,0x00,0x00,0x37,0x23,0x11,0x33,0x21,0x33,
0x11,0x23,0x01,0x33,0x11,0x23,0x15,0x23,0x35,0x33,0x05,0x23,0x35,0x33,0x80,0x80,
0x80,0x01,0x80,0x80,0x80,0xff,0x00,0x80,0x80,0x80,0x80,0x01,0x00,0x80,0x80,0x80,
0x02,0x00,0xfe,0x00,0x01,0x00,0xff,0x00,0x80,0x80,0x80,0x80,0x00,0x09,0x00,0x00,
0x00,0x00,0x02,0x80,0x02,0x80,0x00,0x03,0x00,0x07,0x00,0x0b,0x00,0x0f,0x00,0x13,
0x00,0x17,0x00,0x1b,0x00,0x1f,0x00,0x23,0x00,0x00,0x13,0x23,0x35,0x33,0x05,0x23,
0x35,0x33,0x01,0x23,0x35,0x33,0x05,0x23,0x35,0x33,0x03,0x23,0x35,0x33,0x03,0x23,
0x35,0x33,0x05,0x23,0x35,0x33,0x01,0x23,0x35,0x33,0x05,0x23,0x35,0x33,0x80,0x80,
0x80,0x02,0x00,0x80,0x80,0xfe,0x80,0x80,0x80,0x01,0x00,0x80,0x80,0x80,0x80,0x80,
0x80,0x80,0x80,0x01,0x00,0x80,0x80,0xfe,0x80,0x80,0x80,0x02,0x00,0x80,0x80,0x02,
0x00,0x80,0x80,0x80,0xff,0x00,0x80,0x80,0x80,0xff,0x00,0x80,0xff,0x00,0x80,0x80,
0x80,0xff,0x00,0x80,0x80,0x80,0x00,0x00,0x00,0x04,0x00,0x00,0xff,0x80,0x02,0x80,
0x02,0x80,0x00,0x03,0x00,0x0b,0x00,0x0f,0x00,0x13,0x00,0x00,0x13,0x11,0x23,0x11,
0x21,0x33,0x11,0x23,0x11,0x23,0x35,0x33,0x01,0x35,0x21,0x15,0x05,0x21,0x15,0x21,
0x80,0x80,0x02,0x00,0x80,0x80,0x80,0x80,0xfe,0x80,0x01,0x00,0xff,0x00,0x01,0x80,
0xfe,0x80,0x02,0x80,0xfe,0x80,0x01,0x80,0xfd,0x80,0x01,0x00,0x80,0xff,0x00,0x80,
0x80,0x80,0x80,0x00,0x00,0x03,0x00,0x00,0x00,0x00,0x02,0x80,0x02,0x80,0x00,0x07,
0x00,0x0b,0x00,0x13,0x00,0x00,0x01,0x23,0x15,0x23,0x35,0x21,0x35,0x21,0x01,0x33,
0x15,0x23,0x07,0x35,0x33,0x15,0x21,0x15,0x21,0x35,0x02,0x80,0x80,0x80,0xfe,0x80,
0x02,0x80,0xfe,0x80,0x80,0x80,0x80,0x80,0x01,0x80,0xfd,0x80,0x02,0x00,0x80,0x80,
0x80,0xff,0x00,0x80,0x80,0x80,0x80,0x80,0x80,0x00,0x00,0x00,0x00,0x05,0x00,0x00,
0x00,0x00,0x02,0x00,0x03,0x80,0x00,0x03,0x00,0x07,0x00,0x0b,0x00,0x0f,0x00,0x13,
0x00,0x00,0x01,0x15,0x21,0x35,0x15,0x11,0x23,0x11,0x03,0x35,0x33,0x15,0x13,0x23,
0x11,0x33,0x01,0x21,0x35,0x21,0x02,0x00,0xff,0x00,0x80,0x80,0x80,0x80,0x80,0x80,
0x01,0x00,0xff,0x00,0x01,0x00,0x03,0x80,0x80,0x80,0x80,0xff,0x00,0x01,0x00,0xfe,
0x80,0x80,0x80,0xff,0x00,0x01,0x00,0xfe,0x80,0x80,0x00,0x00,0x00,0x01,0x01,0x00,
0xff,0x80,0x01,0x80,0x03,0x80,0x00,0x03,0x00,0x00,0x01,0x33,0x11,0x23,0x01,0x00,
0x80,0x80,0x03,0x80,0xfc,0x00,0x00,0x00,0x00,0x05,0x00,0x80,0x00,0x00,0x02,0x80,
0x03,0x80,0x00,0x03,0x00,0x07,0x00,0x0b,0x00,0x0f,0x00,0x13,0x00,0x00,0x13,0x21,
0x15,0x29,0x01,0x33,0x11,0x23,0x17,0x35,0x33,0x15,0x01,0x11,0x33,0x11,0x05,0x35,
0x21,0x15,0x80,0x01,0x00,0xff,0x00,0x01,0x00,0x80,0x80,0x80,0x80,0xff,0x00,0x80,
0xfe,0x80,0x01,0x00,0x03,0x80,0x80,0xff,0x00,0x80,0x80,0x80,0xff,0x00,0x01,0x00,
0xff,0x00,0x80,0x80,0x80,0x00,0x00,0x00,0x00,0x05,0x00,0x00,0x01,0x00,0x02,0x80,
0x02,0x80,0x00,0x03,0x00,0x07,0x00,0x0b,0x00,0x0f,0x00,0x13,0x00,0x00,0x01,0x23,
0x35,0x33,0x03,0x23,0x35,0x33,0x05,0x23,0x35,0x33,0x05,0x23,0x35,0x33,0x03,0x23,
0x35,0x33,0x01,0x00,0x80,0x80,0x80,0x80,0x80,0x01,0x00,0x80,0x80,0x01,0x00,0x80,
0x80,0x80,0x80,0x80,0x02,0x00,0x80,0xff,0x00,0x80,0x80,0x80,0x80,0x80,0xff,0x00,
0x80,0x00,0x00,0x00,0x00,0x04,0x00,0x80,0x00,0x00,0x03,0x00,0x03,0x00,0x00,0x03,
0x00,0x07,0x00,0x0b,0x00,0x13,0x00,0x00,0x01,0x33,0x15,0x2b,0x01,0x33,0x15,0x23,
0x25,0x15,0x23,0x35,0x17,0x33,0x11,0x21,0x11,0x33,0x11,0x21,0x01,0x80,0x80,0x80,
0x80,0x80,0x80,0x01,0x80,0x80,0x80,0x80,0xfd,0x80,0x80,0x01,0x80,0x03,0x00,0x80,
0x80,0x80,0x80,0x80,0x80,0xfe,0x00,0x02,0x00,0xfe,0x80,0x00,0x00,0x02,0x01,0x00,
0xff,0x80,0x01,0x80,0x03,0x00,0x00,0x03,0x00,0x07,0x00,0x00,0x01,0x35,0x33,0x15,
0x07,0x33,0x11,0x23,0x01,0x00,0x80,0x80,0x80,0x80,0x02,0x80,0x80,0x80,0x80,0xfd,
0x80,0x00,0x00,0x00,0x00,0x05,0x00,0x00,0xff,0x80,0x02,0x80,0x03,0x00,0x00,0x07,
0x00,0x0b,0x00,0x0f,0x00,0x13,0x00,0x1b,0x00,0x00,0x01,0x15,0x33,0x15,0x21,0x35,
0x33,0x35,0x01,0x33,0x11,0x23,0x01,0x15,0x23,0x35,0x11,0x33,0x15,0x23,0x01,0x35,
0x23,0x35,0x21,0x15,0x23,0x15,0x01,0x80,0x80,0xfe,0x80,0x80,0xff,0x00,0x80,0x80,
0x02,0x80,0x80,0x80,0x80,0xff,0x00,0x80,0x01,0x80,0x80,0x03,0x00,0x80,0x80,0x80,
0x80,0xff,0x00,0xfe,0x80,0x01,0x80,0x80,0x80,0xff,0x00,0x80,0xff,0x00,0x80,0x80,
0x80,0x80,0x00,0x00,0x00,0x03,0x00,0x00,0x00,0x00,0x02,0x80,0x03,0x80,0x00,0x03,
0x00,0x13,0x00,0x17,0x00,0x00,0x01,0x21,0x15,0x21,0x03,0x11,0x33,0x11,0x21,0x15,
0x21,0x11,0x21,0x15,0x21,0x35,0x33,0x11,0x23,0x35,0x01,0x15,0x23,0x35,0x01,0x00,
0x01,0x00,0xff,0x00,0x80,0x80,0x01,0x00,0xff,0x00,0x01,0x80,0xfd,0x80,0x80,0x80,
0x02,0x80,0x80,0x03,0x80,0x80,0xff,0x00,0x01,0x00,0xff,0x00,0x80,0xff,0x00,0x80,
0x80,0x01,0x00,0x80,0x01,0x00,0x80,0x80,0x00,0x06,0x00,0x00,0x00,0x80,0x02,0x80,
0x03,0x00,0x00,0x03,0x00,0x07,0x00,0x0b,0x00,0x0f,0x00,0x13,0x00,0x17,0x00,0x00,
0x11,0x35,0x33,0x15,0x25,0x33,0x15,0x23,0x31,0x11,0x21,0x11,0x17,0x15,0x33,0x35,
0x01,0x23,0x35,0x33,0x21,0x15,0x23,0x35,0x80,0x01,0x80,0x80,0x80,0xfe,0x80,0x80,
0x80,0xff,0x00,0x80,0x80,0x02,0x00,0x80,0x02,0x80,0x80,0x80,0x80,0x80,0xfe,0x80,
0x01,0x80,0x80,0x80,0x80,0xfe,0x80,0x80,0x80,0x80,0x00,0x00,0x00,0x05,0x00,0x00,
0x00,0x00,0x02,0x80,0x03,0x80,0x00,0x03,0x00,0x07,0x00,0x0b,0x00,0x0f,0x00,0x23,
0x00,0x00,0x11,0x35,0x33,0x15,0x25,0x33,0x15,0x23,0x05,0x35,0x33,0x15,0x37,0x33,
0x15,0x23,0x07,0x35,0x33,0x15,0x21,0x15,0x21,0x15,0x21,0x15,0x21,0x15,0x23,0x35,
0x21,0x35,0x21,0x35,0x21,0x35,0x80,0x01,0x80,0x80,0x80,0xfe,0x80,0x80,0x80,0x80,
0x80,0x80,0x80,0x01,0x00,0xff,0x00,0x01,0x00,0xff,0x00,0x80,0xff,0x00,0x01,0x00,
0xff,0x00,0x03,0x00,0x80,0x80,0x80,0x80,0x80,0x80,0x80,0x80,0x80,0x80,0x80,0x80,
0x80,0x80,0x80,0x80,0x80,0x80,0x80,0x80,0x00,0x02,0x01,0x00,0xff,0x80,0x01,0x80,
0x03,0x80,0x00,0x03,0x00,0x07,0x00,0x00,0x01,0x33,0x11,0x23,0x11,0x33,0x11,0x23,
0x01,0x00,0x80,0x80,0x80,0x80,0x03,0x80,0xfe,0x80,0xff,0x00,0xfe,0x80,0x00,0x00,
0x00,0x0a,0x00,0x00,0xff,0x80,0x03,0x00,0x03,0x80,0x00,0x03,0x00,0x07,0x00,0x0b,
0x00,0x0f,0x00,0x13,0x00,0x17,0x00,0x1b,0x00,0x1f,0x00,0x23,0x00,0x27,0x00,0x00,
0x01,0x15,0x21,0x35,0x11,0x23,0x35,0x33,0x05,0x35,0x33,0x15,0x05,0x21,0x35,0x21,
0x05,0x33,0x11,0x23,0x21,0x23,0x11,0x33,0x01,0x35,0x21,0x15,0x05,0x35,0x33,0x15,
0x25,0x15,0x23,0x35,0x05,0x21,0x15,0x21,0x02,0x80,0xfe,0x80,0x80,0x80,0x01,0x80,
0x80,0xff,0x00,0xff,0x00,0x01,0x00,0xfe,0x80,0x80,0x80,0x02,0x00,0x80,0x80,0xfe,
0x80,0x01,0x00,0xfe,0x00,0x80,0x02,0x00,0x80,0xfe,0x80,0x01,0x80,0xfe,0x80,0x03,
0x80,0x80,0x80,0xff,0x00,0x80,0x80,0x80,0x80,0x80,0x80,0x80,0xff,0x00,0x01,0x00,
0xfe,0x80,0x80,0x80,0x80,0x80,0x80,0x80,0x80,0x80,0x80,0x80,0x00,0x02,0x00,0x80,
0x03,0x00,0x02,0x00,0x03,0x80,0x00,0x03,0x00,0x07,0x00,0x00,0x01,0x23,0x35,0x33,
0x05,0x23,0x35,0x33,0x01,0x00,0x80,0x80,0x01,0x00,0x80,0x80,0x03,0x00,0x80,0x80,
0x80,0x00,0x00,0x00,0x00,0x05,0x00,0x00,0xff,0x80,0x03,0x00,0x03,0x80,0x00,0x03,
0x00,0x07,0x00,0x0b,0x00,0x13,0x00,0x17,0x00,0x00,0x13,0x35,0x21,0x15,0x01,0x23,
0x11,0x33,0x21,0x33,0x11,0x23,0x01,0x21,0x15,0x23,0x11,0x33,0x15,0x21,0x05,0x15,
0x21,0x35,0x80,0x02,0x00,0xfe,0x00,0x80,0x80,0x02,0x00,0x80,0x80,0xfe,0x80,0x01,
0x00,0x80,0x80,0xff,0x00,0x01,0x80,0xfe,0x00,0x03,0x00,0x80,0x80,0xfd,0x00,0x03,
0x00,0xfd,0x00,0x02,0x80,0x80,0xff,0x00,0x80,0x80,0x80,0x80,0x00,0x05,0x00,0x00,
0x00,0x80,0x02,0x80,0x03,0x80,0x00,0x05,0x00,0x09,0x00,0x0d,0x00,0x11,0x00,0x15,
0x00,0x00,0x01,0x11,0x23,0x11,0x21,0x35,0x07,0x33,0x11,0x23,0x17,0x35,0x21,0x15,
0x33,0x35,0x33,0x1d,0x02,0x21,0x35,0x02,0x00,0x80,0xff,0x00,0x80,0x80,0x80,0x80,
0x01,0x00,0x80,0x80,0xfd,0x80,0x03,0x80,0xfe,0x80,0x01,0x00,0x80,0x80,0xff,0x00,
0x80,0x80,0x80,0x80,0x80,0x80,0x80,0x80,0x00,0x0a,0x00,0x00,0x00,0x80,0x03,0x00,
0x03,0x00,0x00,0x03,0x00,0x07,0x00,0x0b,0x00,0x0f,0x00,0x13,0x00,0x17,0x00,0x1b,
0x00,0x1f,0x00,0x23,0x00,0x27,0x00,0x00,0x01,0x23,0x35,0x33,0x05,0x23,0x35,0x33,
0x01,0x23,0x35,0x33,0x05,0x23,0x35,0x33,0x01,0x23,0x35,0x33,0x05,0x23,0x35,0x33,
0x01,0x23,0x35,0x33,0x05,0x23,0x35,0x33,0x01,0x23,0x35,0x33,0x05,0x23,0x35,0x33,
0x01,0x80,0x80,0x80,0x01,0x80,0x80,0x80,0xfe,0x00,0x80,0x80,0x01,0x80,0x80,0x80,
0xfe,0x00,0x80,0x80,0x01,0x80,0x80,0x80,0xff,0x00,0x80,0x80,0x01,0x80,0x80,0x80,
0xff,0x00,0x80,0x80,0x01,0x80,0x80,0x80,0x02,0x80,0x80,0x80,0x80,0xff,0x00,0x80,
0x80,0x80,0xff,0x00,0x80,0x80,0x80,0xff,0x00,0x80,0x80,0x80,0xff,0x00,0x80,0x80,
0x80,0x00,0x00,0x00,0x00,0x01,0x00,0x00,0x00,0x80,0x02,0x80,0x02,0x00,0x00,0x05,
0x00,0x00,0x01,0x11,0x23,0x11,0x21,0x35,0x02,0x80,0x80,0xfe,0x00,0x02,0x00,0xfe,
0x80,0x01,0x00,0x80,0x00,0x01,0x00,0x80,0x01,0x80,0x02,0x80,0x02,0x00,0x00,0x03,
0x00,0x00,0x01,0x15,0x21,0x35,0x02,0x80,0xfe,0x00,0x02,0x00,0x80,0x80,0x00,0x00,
0x00,0x05,0x00,0x00,0xff,0x80,0x03,0x00,0x03,0x80,0x00,0x03,0x00,0x07,0x00,0x13,
0x00,0x1d,0x00,0x21,0x00,0x00,0x13,0x35,0x21,0x15,0x01,0x23,0x11,0x33,0x21,0x33,
0x11,0x23,0x35,0x23,0x35,0x33,0x35,0x23,0x35,0x33,0x25,0x21,0x15,0x23,0x15,0x33,
0x15,0x23,0x15,0x23,0x05,0x15,0x21,0x35,0x80,0x02,0x00,0xfe,0x00,0x80,0x80,0x02,
0x00,0x80,0x80,0x80,0x80,0x80,0x80,0xfe,0x80,0x01,0x00,0x80,0x80,0x80,0x80,0x01,
0x80,0xfe,0x00,0x03,0x00,0x80,0x80,0xfd,0x00,0x03,0x00,0xfd,0x00,0x80,0x80,0x80,
0x80,0x80,0x80,0x80,0x80,0x80,0x80,0x80,0x80,0x00,0x00,0x00,0x00,0x01,0x00,0x80,
0x02,0x80,0x02,0x00,0x03,0x00,0x00,0x03,0x00,0x00,0x01,0x15,0x21,0x35,0x02,0x00,
0xfe,0x80,0x03,0x00,0x80,0x80,0x00,0x00,0x00,0x04,0x00,0x80,0x01,0x80,0x02,0x80,
0x03,0x80,0x00,0x03,0x00,0x07,0x00,0x0b,0x00,0x0f,0x00,0x00,0x01,0x15,0x21,0x35,
0x07,0x33,0x11,0x23,0x01,0x33,0x11,0x23,0x05,0x35,0x21,0x15,0x02,0x00,0xff,0x00,
0x80,0x80,0x80,0x01,0x80,0x80,0x80,0xff,0x00,0x01,0x00,0x03,0x80,0x80,0x80,0x80,
0xff,0x00,0x01,0x00,0xff,0x00,0x80,0x80,0x80,0x00,0x00,0x00,0x00,0x02,0x00,0x00,
0xff,0x80,0x02,0x80,0x03,0x00,0x00,0x0b,0x00,0x0f,0x00,0x00,0x01,0x21,0x15,0x21,
0x11,0x23,0x11,0x21,0x35,0x21,0x11,0x33,0x01,0x15,0x21,0x35,0x01,0x80,0x01,0x00,
0xff,0x00,0x80,0xff,0x00,0x01,0x00,0x80,0x01,0x00,0xfd,0x80,0x02,0x00,0x80,0xff,
0x00,0x01,0x00,0x80,0x01,0x00,0xfd,0x00,0x80,0x80,0x00,0x00,0x00,0x03,0x00,0x00,
0x01,0x80,0x01,0x80,0x03,0x80,0x00,0x03,0x00,0x07,0x00,0x0f,0x00,0x00,0x11,0x21,
0x15,0x29,0x01,0x33,0x15,0x23,0x07,0x35,0x33,0x15,0x33,0x15,0x21,0x35,0x01,0x00,
0xff,0x00,0x01,0x00,0x80,0x80,0x80,0x80,0x80,0xfe,0x80,0x03,0x80,0x80,0x80,0x80,
0x80,0x80,0x80,0x80,0x00,0x02,0x00,0x00,0x01,0x80,0x01,0x80,0x03,0x80,0x00,0x03,
0x00,0x0d,0x00,0x00,0x11,0x21,0x15,0x21,0x05,0x35,0x33,0x11,0x23,0x15,0x21,0x35,
0x33,0x35,0x01,0x00,0xff,0x00,0x01,0x00,0x80,0x80,0xff,0x00,0x80,0x03,0x80,0x80,
0x80,0x80,0xff,0x00,0x80,0x80,0x80,0x00,0x00,0x02,0x01,0x00,0x02,0x80,0x02,0x00,
0x03,0x80,0x00,0x03,0x00,0x07,0x00,0x00,0x01,0x23,0x35,0x33,0x03,0x23,0x35,0x33,
0x02,0x00,0x80,0x80,0x80,0x80,0x80,0x03,0x00,0x80,0xff,0x00,0x80,0x00,0x00,0x00,
0x00,0x03,0x00,0x00,0xff,0x80,0x02,0x80,0x02,0x80,0x00,0x07,0x00,0x0b,0x00,0x0f,
0x00,0x00,0x37,0x21,0x15,0x21,0x15,0x23,0x11,0x33,0x01,0x23,0x11,0x33,0x11,0x35,
0x33,0x15,0x80,0x01,0x00,0xff,0x00,0x80,0x80,0x01,0x80,0x80,0x80,0x80,0x80,0x80,
0x80,0x03,0x00,0xfe,0x00,0x02,0x00,0xfd,0x80,0x80,0x80,0x00,0x00,0x02,0x00,0x00,
0x00,0x00,0x02,0x80,0x03,0x80,0x00,0x0d,0x00,0x11,0x00,0x00,0x01,0x11,0x23,0x11,
0x23,0x11,0x23,0x11,0x23,0x35,0x33,0x11,0x23,0x35,0x07,0x33,0x11,0x23,0x02,0x80,
0x80,0x80,0x80,0x80,0x80,0x80,0x80,0x80,0x80,0x03,0x80,0xfc,0x80,0x03,0x00,0xfd,
0x00,0x01,0x80,0x80,0x01,0x00,0x80,0x80,0xff,0x00,0x00,0x00,0x00,0x01,0x01,0x00,
0x01,0x80,0x01,0x80,0x02,0x00,0x00,0x03,0x00,0x00,0x01,0x23,0x35,0x33,0x01,0x80,
0x80,0x80,0x01,0x80,0x80,0x00,0x00,0x00,0x00,0x01,0x00,0x00,0xff,0x80,0x01,0x80,
0x00,0x00,0x00,0x03,0x00,0x00,0x21,0x15,0x21,0x35,0x01,0x80,0xfe,0x80,0x80,0x80,
0x00,0x01,0x00,0x00,0x01,0x80,0x01,0x80,0x03,0x80,0x00,0x0b,0x00,0x00,0x01,0x33,
0x15,0x21,0x35,0x33,0x35,0x23,0x35,0x33,0x35,0x33,0x01,0x00,0x80,0xfe,0x80,0x80,
0x80,0x80,0x80,0x02,0x00,0x80,0x80,0x80,0x80,0x80,0x00,0x00,0x00,0x05,0x00,0x00,
0x00,0x80,0x02,0x00,0x03,0x80,0x00,0x03,0x00,0x07,0x00,0x0b,0x00,0x0f,0x00,0x13,
0x00,0x00,0x01,0x15,0x21,0x35,0x07,0x33,0x11,0x23,0x01,0x33,0x11,0x23,0x05,0x35,
0x21,0x15,0x17,0x15,0x21,0x35,0x01,0x80,0xff,0x00,0x80,0x80,0x80,0x01,0x80,0x80,
0x80,0xff,0x00,0x01,0x00,0x80,0xfe,0x00,0x03,0x80,0x80,0x80,0x80,0xff,0x00,0x01,
0x00,0xff,0x00,0x80,0x80,0x80,0x80,0x80,0x80,0x00,0x00,0x00,0x00,0x0a,0x00,0x00,
0x00,0x80,0x03,0x00,0x03,0x00,0x00,0x03,0x00,0x07,0x00,0x0b,0x00,0x0f,0x00,0x13,
0x00,0x17,0x00,0x1b,0x00,0x1f,0x00,0x23,0x00,0x27,0x00,0x00,0x13,0x23,0x35,0x33,
0x05,0x23,0x35,0x33,0x01,0x23,0x35,0x33,0x05,0x23,0x35,0x33,0x01,0x23,0x35,0x33,
0x05,0x23,0x35,0x33,0x01,0x23,0x35,0x33,0x05,0x23,0x35,0x33,0x01,0x23,0x35,0x33,
0x05,0x23,0x35,0x33,0x80,0x80,0x80,0x01,0x80,0x80,0x80,0xff,0x00,0x80,0x80,0x01,
0x80,0x80,0x80,0xff,0x00,0x80,0x80,0x01,0x80,0x80,0x80,0xfe,0x00,0x80,0x80,0x01,
0x80,0x80,0x80,0xfe,0x00,0x80,0x80,0x01,0x80,0x80,0x80,0x02,0x80,0x80,0x80,0x80,
0xff,0x00,0x80,0x80,0x80,0xff,0x00,0x80,0x80,0x80,0xff,0x00,0x80,0x80,0x80,0xff,
0x00,0x80,0x80,0x80,0x00,0x06,0x00,0x00,0x00,0x00,0x02,0x80,0x03,0x80,0x00,0x03,
0x00,0x07,0x00,0x0b,0x00,0x0f,0x00,0x19,0x00,0x1d,0x00,0x00,0x13,0x11,0x23,0x11,
0x05,0x33,0x15,0x2b,0x01,0x33,0x15,0x23,0x07,0x35,0x33,0x15,0x25,0x33,0x11,0x23,
0x35,0x21,0x11,0x33,0x15,0x33,0x21,0x23,0x35,0x33,0x80,0x80,0x01,0x80,0x80,0x80,
0x80,0x80,0x80,0x80,0x80,0x01,0x00,0x80,0x80,0xff,0x00,0x80,0x80,0xfe,0x80,0x80,
0x80,0x03,0x80,0xfe,0x80,0x01,0x80,0x80,0x80,0x80,0x80,0x80,0x80,0x80,0xfe,0x00,
0x80,0x01,0x00,0x80,0x80,0x00,0x00,0x00,0x00,0x07,0x00,0x00,0x00,0x00,0x02,0x80,
0x03,0x80,0x00,0x03,0x00,0x07,0x00,0x0b,0x00,0x0f,0x00,0x15,0x00,0x19,0x00,0x1f,
0x00,0x00,0x13,0x11,0x23,0x11,0x05,0x33,0x15,0x23,0x07,0x35,0x33,0x15,0x07,0x23,
0x35,0x3b,0x01,0x21,0x11,0x23,0x35,0x23,0x05,0x23,0x35,0x33,0x01,0x11,0x33,0x15,
0x33,0x15,0x80,0x80,0x01,0x80,0x80,0x80,0x80,0x80,0x80,0x80,0x80,0x80,0x01,0x00,
0x80,0x80,0xff,0x00,0x80,0x80,0x01,0x00,0x80,0x80,0x03,0x80,0xfe,0x80,0x01,0x80,
0x80,0x80,0x80,0x80,0x80,0x80,0x80,0xff,0x00,0x80,0x80,0x80,0xfe,0x80,0x01,0x00,
0x80,0x80,0x00,0x00,0x00,0x07,0x00,0x00,0x00,0x00,0x02,0x80,0x03,0x80,0x00,0x05,
0x00,0x09,0x00,0x0d,0x00,0x11,0x00,0x15,0x00,0x1f,0x00,0x23,0x00,0x00,0x01,0x11,
0x23,0x35,0x23,0x35,0x05,0x33,0x15,0x23,0x05,0x35,0x33,0x15,0x25,0x15,0x23,0x35,
0x03,0x35,0x33,0x15,0x25,0x33,0x11,0x23,0x35,0x21,0x11,0x33,0x15,0x33,0x21,0x23,
0x35,0x33,0x01,0x00,0x80,0x80,0x01,0x80,0x80,0x80,0xfe,0x80,0x80,0x01,0x00,0x80,
0x80,0x80,0x01,0x00,0x80,0x80,0xff,0x00,0x80,0x80,0xfe,0x80,0x80,0x80,0x03,0x80,
0xff,0x00,0x80,0x80,0x80,0x80,0x80,0x80,0x80,0x80,0x80,0x80,0xff,0x00,0x80,0x80,
0x80,0xfe,0x00,0x80,0x01,0x00,0x80,0x80,0x00,0x06,0x00,0x00,0xff,0x80,0x02,0x80,
0x03,0x00,0x00,0x03,0x00,0x07,0x00,0x0b,0x00,0x0f,0x00,0x13,0x00,0x17,0x00,0x00,
0x01,0x33,0x15,0x23,0x15,0x33,0x15,0x2b,0x01,0x33,0x15,0x2b,0x01,0x33,0x11,0x23,
0x21,0x35,0x33,0x15,0x29,0x01,0x15,0x21,0x01,0x00,0x80,0x80,0x80,0x80,0x80,0x80,
0x80,0x80,0x80,0x80,0x02,0x00,0x80,0xfe,0x00,0x01,0x80,0xfe,0x80,0x03,0x00,0x80,
0x80,0x80,0x80,0xff,0x00,0x80,0x80,0x80,0x00,0x05,0x00,0x00,0x00,0x00,0x02,0x80,
0x03,0x80,0x00,0x03,0x00,0x07,0x00,0x0b,0x00,0x0f,0x00,0x1b,0x00,0x00,0x13,0x35,
0x33,0x15,0x33,0x11,0x23,0x11,0x03,0x33,0x15,0x23,0x25,0x15,0x23,0x35,0x13,0x35,
0x33,0x11,0x23,0x35,0x21,0x15,0x23,0x11,0x33,0x15,0x80,0x80,0x80,0x80,0x80,0x80,
0x80,0x01,0x80,0x80,0x80,0x80,0x80,0xfe,0x80,0x80,0x80,0x03,0x00,0x80,0x80,0xff,
0x00,0x01,0x00,0xff,0x00,0x80,0x80,0x80,0x80,0xff,0x00,0x80,0xfe,0x80,0x80,0x80,
0x01,0x80,0x80,0x00,0x00,0x05,0x00,0x00,0x00,0x00,0x02,0x80,0x03,0x80,0x00,0x03,
0x00,0x07,0x00,0x0b,0x00,0x0f,0x00,0x1b,0x00,0x00,0x01,0x33,0x15,0x23,0x31,0x11,
0x23,0x11,0x03,0x33,0x15,0x23,0x25,0x15,0x23,0x35,0x13,0x35,0x33,0x11,0x23,0x35,
0x21,0x15,0x23,0x11,0x33,0x15,0x01,0x80,0x80,0x80,0x80,0x80,0x80,0x80,0x01,0x80,
0x80,0x80,0x80,0x80,0xfe,0x80,0x80,0x80,0x03,0x80,0x80,0xff,0x00,0x01,0x00,0xff,
0x00,0x80,0x80,0x80,0x80,0xff,0x00,0x80,0xfe,0x80,0x80,0x80,0x01,0x80,0x80,0x00,
0x00,0x07,0x00,0x00,0x00,0x00,0x02,0x80,0x03,0x80,0x00,0x03,0x00,0x07,0x00,0x0b,
0x00,0x0f,0x00,0x13,0x00,0x17,0x00,0x23,0x00,0x00,0x01,0x33,0x15,0x23,0x07,0x35,
0x33,0x15,0x25,0x15,0x23,0x35,0x07,0x33,0x15,0x2b,0x01,0x33,0x15,0x23,0x25,0x15,
0x23,0x35,0x13,0x35,0x33,0x11,0x23,0x35,0x21,0x15,0x23,0x11,0x33,0x15,0x01,0x00,
0x80,0x80,0x80,0x80,0x01,0x00,0x80,0x80,0x80,0x80,0x80,0x80,0x80,0x01,0x80,0x80,
0x80,0x80,0x80,0xfe,0x80,0x80,0x80,0x03,0x80,0x80,0x80,0x80,0x80,0x80,0x80,0x80,
0x80,0x80,0x80,0x80,0x80,0x80,0xff,0x00,0x80,0xfe,0x80,0x80,0x80,0x01,0x80,0x80,
0x00,0x05,0x00,0x00,0x00,0x00,0x02,0x80,0x03,0x80,0x00,0x03,0x00,0x07,0x00,0x0b,
0x00,0x0f,0x00,0x1b,0x00,0x00,0x01,0x21,0x35,0x21,0x01,0x33,0x15,0x2b,0x01,0x33,
0x15,0x23,0x25,0x15,0x23,0x35,0x13,0x35,0x33,0x11,0x23,0x35,0x21,0x15,0x23,0x11,
0x33,0x15,0x02,0x00,0xfe,0x80,0x01,0x80,0xff,0x00,0x80,0x80,0x80,0x80,0x80,0x01,
0x80,0x80,0x80,0x80,0x80,0xfe,0x80,0x80,0x80,0x03,0x00,0x80,0xff,0x00,0x80,0x80,
0x80,0x80,0x80,0xff,0x00,0x80,0xfe,0x80,0x80,0x80,0x01,0x80,0x80,0x00,0x00,0x00,
0x00,0x06,0x00,0x00,0x00,0x00,0x02,0x80,0x03,0x80,0x00,0x03,0x00,0x07,0x00,0x0b,
0x00,0x0f,0x00,0x13,0x00,0x1f,0x00,0x00,0x13,0x33,0x15,0x23,0x25,0x33,0x15,0x23,
0x07,0x33,0x15,0x2b,0x01,0x33,0x15,0x23,0x25,0x15,0x23,0x35,0x13,0x35,0x33,0x11,
0x23,0x35,0x21,0x15,0x23,0x11,0x33,0x15,0x80,0x80,0x80,0x01,0x00,0x80,0x80,0x80,
0x80,0x80,0x80,0x80,0x80,0x01,0x80,0x80,0x80,0x80,0x80,0xfe,0x80,0x80,0x80,0x03,
0x80,0x80,0x80,0x80,0x80,0x80,0x80,0x80,0x80,0x80,0xff,0x00,0x80,0xfe,0x80,0x80,
0x80,0x01,0x80,0x80,0x00,0x05,0x00,0x00,0x00,0x00,0x02,0x80,0x03,0x80,0x00,0x03,
0x00,0x07,0x00,0x0b,0x00,0x0f,0x00,0x1b,0x00,0x00,0x01,0x33,0x15,0x23,0x15,0x33,
0x15,0x2b,0x01,0x33,0x15,0x23,0x25,0x15,0x23,0x35,0x13,0x35,0x33,0x11,0x23,0x35,
0x21,0x15,0x23,0x11,0x33,0x15,0x01,0x00,0x80,0x80,0x80,0x80,0x80,0x80,0x80,0x01,
0x80,0x80,0x80,0x80,0x80,0xfe,0x80,0x80,0x80,0x03,0x80,0x80,0x80,0x80,0x80,0x80,
0x80,0x80,0xff,0x00,0x80,0xfe,0x80,0x80,0x80,0x01,0x80,0x80,0x00,0x01,0x00,0x00,
0x00,0x00,0x02,0x80,0x03,0x80,0x00,0x15,0x00,0x00,0x01,0x11,0x33,0x15,0x23,0x11,
0x21,0x15,0x21,0x11,0x23,0x11,0x23,0x11,0x33,0x11,0x33,0x11,0x23,0x35,0x21,0x15,
0x01,0x80,0x80,0x80,0x01,0x00,0xfe,0x80,0x80,0x80,0x80,0x80,0x80,0x02,0x00,0x03,
0x00,0xff,0x00,0x80,0xff,0x00,0x80,0x01,0x00,0xff,0x00,0x03,0x00,0xfe,0x80,0x01,
0x80,0x80,0x80,0x00,0x00,0x05,0x00,0x00,0xff,0x80,0x02,0x80,0x03,0x80,0x00,0x03,
0x00,0x07,0x00,0x0b,0x00,0x0f,0x00,0x17,0x00,0x00,0x01,0x15,0x21,0x35,0x07,0x33,
0x11,0x23,0x01,0x15,0x23,0x35,0x11,0x33,0x15,0x23,0x01,0x35,0x33,0x35,0x21,0x15,
0x23,0x15,0x02,0x00,0xfe,0x80,0x80,0x80,0x80,0x02,0x80,0x80,0x80,0x80,0xfe,0x00,
0x80,0x01,0x80,0x80,0x03,0x80,0x80,0x80,0x80,0xfd,0x80,0x02,0x80,0x80,0x80,0xfe,
0x00,0x80,0xff,0x00,0x80,0x80,0x80,0x80,0x00,0x02,0x00,0x00,0x00,0x00,0x02,0x80,
0x03,0x80,0x00,0x03,0x00,0x13,0x00,0x00,0x13,0x35,0x33,0x15,0x03,0x15,0x21,0x15,
0x21,0x15,0x21,0x15,0x21,0x11,0x21,0x35,0x33,0x15,0x21,0x15,0x80,0x80,0x80,0x01,
0x80,0xfe,0x80,0x02,0x00,0xfd,0x80,0x01,0x00,0x80,0x01,0x00,0x03,0x00,0x80,0x80,
0xff,0x00,0x80,0x80,0x80,0x80,0x02,0x80,0x80,0x80,0x80,0x00,0x00,0x02,0x00,0x00,
0x00,0x00,0x02,0x80,0x03,0x80,0x00,0x03,0x00,0x13,0x00,0x00,0x01,0x33,0x15,0x23,
0x01,0x15,0x21,0x15,0x21,0x15,0x21,0x15,0x21,0x11,0x21,0x35,0x33,0x15,0x21,0x15,
0x01,0x80,0x80,0x80,0xff,0x00,0x01,0x80,0xfe,0x80,0x02,0x00,0xfd,0x80,0x01,0x00,
0x80,0x01,0x00,0x03,0x80,0x80,0xff,0x00,0x80,0x80,0x80,0x80,0x02,0x80,0x80,0x80,
0x80,0x00,0x00,0x00,0x00,0x02,0x00,0x00,0x00,0x00,0x02,0x80,0x03,0x80,0x00,0x03,
0x00,0x17,0x00,0x00,0x01,0x33,0x15,0x23,0x03,0x15,0x21,0x15,0x21,0x15,0x21,0x15,
0x21,0x11,0x33,0x35,0x33,0x15,0x33,0x35,0x33,0x15,0x33,0x15,0x01,0x00,0x80,0x80,
0x80,0x01,0x80,0xfe,0x80,0x02,0x00,0xfd,0x80,0x80,0x80,0x80,0x80,0x80,0x03,0x80,
0x80,0xff,0x00,0x80,0x80,0x80,0x80,0x02,0x80,0x80,0x80,0x80,0x80,0x80,0x00,0x00,
0x00,0x03,0x00,0x00,0x00,0x00,0x02,0x80,0x03,0x80,0x00,0x03,0x00,0x07,0x00,0x13,
0x00,0x00,0x13,0x33,0x15,0x23,0x25,0x33,0x15,0x23,0x01,0x15,0x21,0x15,0x21,0x15,
0x21,0x15,0x21,0x11,0x21,0x15,0x80,0x80,0x80,0x01,0x00,0x80,0x80,0xff,0x00,0x01,
0x80,0xfe,0x80,0x02,0x00,0xfd,0x80,0x02,0x80,0x03,0x80,0x80,0x80,0x80,0xff,0x00,
0x80,0x80,0x80,0x80,0x02,0x80,0x80,0x00,0x00,0x02,0x00,0x80,0x00,0x00,0x02,0x00,
0x03,0x80,0x00,0x03,0x00,0x13,0x00,0x00,0x13,0x35,0x33,0x15,0x13,0x11,0x33,0x15,
0x21,0x35,0x33,0x11,0x23,0x35,0x33,0x35,0x33,0x15,0x33,0x15,0x80,0x80,0x80,0x80,
0xfe,0x80,0x80,0x80,0x80,0x80,0x80,0x03,0x00,0x80,0x80,0xff,0x00,0xfe,0x80,0x80,
0x80,0x01,0x80,0x80,0x80,0x80,0x80,0x00,0x00,0x02,0x00,0x80,0x00,0x00,0x02,0x00,
0x03,0x80,0x00,0x03,0x00,0x13,0x00,0x00,0x13,0x35,0x33,0x15,0x13,0x11,0x33,0x15,
0x21,0x35,0x33,0x11,0x23,0x35,0x33,0x35,0x33,0x15,0x33,0x15,0x80,0x80,0x80,0x80,
0xfe,0x80,0x80,0x80,0x80,0x80,0x80,0x03,0x00,0x80,0x80,0xff,0x00,0xfe,0x80,0x80,
0x80,0x01,0x80,0x80,0x80,0x80,0x80,0x00,0x00,0x02,0x00,0x80,0x00,0x00,0x02,0x00,
0x03,0x80,0x00,0x03,0x00,0x13,0x00,0x00,0x01,0x33,0x15,0x23,0x17,0x35,0x33,0x11,
0x23,0x11,0x33,0x15,0x21,0x35,0x33,0x11,0x23,0x11,0x33,0x15,0x01,0x00,0x80,0x80,
0x80,0x80,0x80,0x80,0xfe,0x80,0x80,0x80,0x80,0x03,0x80,0x80,0x80,0x80,0xff,0x00,
0xfe,0x80,0x80,0x80,0x01,0x80,0x01,0x00,0x80,0x00,0x00,0x00,0x00,0x03,0x00,0x80,
0x00,0x00,0x02,0x00,0x03,0x80,0x00,0x03,0x00,0x07,0x00,0x13,0x00,0x00,0x13,0x33,
0x15,0x23,0x21,0x35,0x33,0x15,0x05,0x21,0x15,0x23,0x11,0x33,0x15,0x21,0x35,0x33,
0x11,0x23,0x80,0x80,0x80,0x01,0x00,0x80,0xfe,0x80,0x01,0x80,0x80,0x80,0xfe,0x80,
0x80,0x80,0x03,0x80,0x80,0x80,0x80,0x80,0x80,0xfe,0x80,0x80,0x80,0x01,0x80,0x00,
0x00,0x04,0x00,0x00,0x00,0x00,0x02,0x80,0x03,0x80,0x00,0x0b,0x00,0x0f,0x00,0x13,
0x00,0x17,0x00,0x00,0x37,0x21,0x15,0x21,0x11,0x21,0x15,0x21,0x11,0x21,0x15,0x21,
0x01,0x15,0x23,0x35,0x17,0x33,0x11,0x23,0x15,0x23,0x35,0x33,0x80,0x01,0x00,0xfe,
0x80,0x01,0x80,0xff,0x00,0x01,0x00,0xff,0x00,0x01,0x80,0x80,0x80,0x80,0x80,0x80,
0x80,0x80,0x80,0x03,0x80,0x80,0xff,0x00,0x80,0x01,0x80,0x80,0x80,0x80,0xfe,0x80,
0x80,0x80,0x00,0x00,0x00,0x04,0x00,0x00,0x00,0x00,0x02,0x80,0x03,0x80,0x00,0x03,
0x00,0x0b,0x00,0x13,0x00,0x17,0x00,0x00,0x01,0x21,0x35,0x21,0x01,0x15,0x33,0x15,
0x23,0x11,0x23,0x11,0x21,0x33,0x11,0x23,0x35,0x23,0x35,0x33,0x21,0x35,0x33,0x15,
0x02,0x00,0xfe,0x80,0x01,0x80,0xfe,0x80,0x80,0x80,0x80,0x02,0x00,0x80,0x80,0x80,
0x80,0xff,0x00,0x80,0x03,0x00,0x80,0xff,0x00,0x80,0x80,0xfe,0x80,0x02,0x80,0xfd,
0x80,0x80,0x80,0x80,0x80,0x00,0x00,0x00,0x00,0x04,0x00,0x00,0x00,0x00,0x02,0x80,
0x03,0x80,0x00,0x03,0x00,0x0d,0x00,0x11,0x00,0x15,0x00,0x00,0x13,0x35,0x33,0x15,
0x17,0x21,0x11,0x23,0x11,0x21,0x35,0x33,0x35,0x33,0x01,0x11,0x23,0x11,0x13,0x21,
0x15,0x21,0x80,0x80,0x80,0x01,0x00,0x80,0xfe,0x80,0x80,0x80,0xff,0x00,0x80,0x80,
0x01,0x80,0xfe,0x80,0x03,0x00,0x80,0x80,0x80,0xfe,0x00,0x01,0x80,0x80,0x80,0xff,
0x00,0xfe,0x80,0x01,0x80,0xfe,0x80,0x80,0x00,0x04,0x00,0x00,0x00,0x00,0x02,0x80,
0x03,0x80,0x00,0x03,0x00,0x0d,0x00,0x11,0x00,0x15,0x00,0x00,0x01,0x33,0x15,0x23,
0x15,0x21,0x11,0x23,0x11,0x21,0x35,0x33,0x35,0x33,0x01,0x11,0x23,0x11,0x13,0x21,
0x15,0x21,0x01,0x80,0x80,0x80,0x01,0x00,0x80,0xfe,0x80,0x80,0x80,0xff,0x00,0x80,
0x80,0x01,0x80,0xfe,0x80,0x03,0x80,0x80,0x80,0xfe,0x00,0x01,0x80,0x80,0x80,0xff,
0x00,0xfe,0x80,0x01,0x80,0xfe,0x80,0x80,0x00,0x04,0x00,0x00,0x00,0x00,0x02,0x80,
0x03,0x80,0x00,0x03,0x00,0x0f,0x00,0x13,0x00,0x17,0x00,0x00,0x01,0x33,0x15,0x23,
0x21,0x15,0x33,0x11,0x23,0x11,0x21,0x11,0x33,0x15,0x33,0x35,0x01,0x11,0x23,0x11,
0x13,0x21,0x15,0x21,0x01,0x00,0x80,0x80,0x01,0x00,0x80,0x80,0xfe,0x80,0x80,0x80,
0xff,0x00,0x80,0x80,0x01,0x80,0xfe,0x80,0x03,0x80,0x80,0x80,0xfe,0x00,0x01,0x80,
0x01,0x00,0x80,0x80,0xff,0x00,0xfe,0x80,0x01,0x80,0xfe,0x80,0x80,0x00,0x00,0x00,
0x00,0x04,0x00,0x00,0x00,0x00,0x02,0x80,0x03,0x80,0x00,0x03,0x00,0x09,0x00,0x0d,
0x00,0x11,0x00,0x00,0x01,0x21,0x35,0x21,0x13,0x11,0x23,0x11,0x21,0x35,0x15,0x11,
0x23,0x11,0x13,0x21,0x15,0x21,0x02,0x00,0xfe,0x80,0x01,0x80,0x80,0x80,0xfe,0x80,
0x80,0x80,0x01,0x80,0xfe,0x80,0x03,0x00,0x80,0xff,0x00,0xfe,0x00,0x01,0x80,0x80,
0x80,0xfe,0x80,0x01,0x80,0xfe,0x80,0x80,0x00,0x05,0x00,0x00,0x00,0x00,0x02,0x80,
0x03,0x80,0x00,0x03,0x00,0x07,0x00,0x0d,0x00,0x11,0x00,0x15,0x00,0x00,0x13,0x33,
0x15,0x23,0x25,0x33,0x15,0x23,0x05,0x11,0x23,0x11,0x21,0x35,0x15,0x11,0x23,0x11,
0x13,0x21,0x15,0x21,0x80,0x80,0x80,0x01,0x00,0x80,0x80,0x01,0x00,0x80,0xfe,0x80,
0x80,0x80,0x01,0x80,0xfe,0x80,0x03,0x80,0x80,0x80,0x80,0x80,0xfe,0x00,0x01,0x80,
0x80,0x80,0xfe,0x80,0x01,0x80,0xfe,0x80,0x80,0x00,0x00,0x00,0x00,0x09,0x00,0x00,
0x00,0x80,0x02,0x80,0x03,0x00,0x00,0x03,0x00,0x07,0x00,0x0b,0x00,0x0f,0x00,0x13,
0x00,0x17,0x00,0x1b,0x00,0x1f,0x00,0x23,0x00,0x00,0x13,0x23,0x35,0x33,0x05,0x23,
0x35,0x33,0x01,0x23,0x35,0x33,0x05,0x23,0x35,0x33,0x03,0x23,0x35,0x33,0x03,0x23,
0x35,0x33,0x05,0x23,0x35,0x33,0x01,0x23,0x35,0x33,0x05,0x23,0x35,0x33,0x80,0x80,
0x80,0x02,0x00,0x80,0x80,0xfe,0x80,0x80,0x80,0x01,0x00,0x80,0x80,0x80,0x80,0x80,
0x80,0x80,0x80,0x01,0x00,0x80,0x80,0xfe,0x80,0x80,0x80,0x02,0x00,0x80,0x80,0x02,
0x80,0x80,0x80,0x80,0xff,0x00,0x80,0x80,0x80,0xff,0x00,0x80,0xff,0x00,0x80,0x80,
0x80,0xff,0x00,0x80,0x80,0x80,0x00,0x00,0x00,0x05,0x00,0x00,0x00,0x00,0x02,0x80,
0x03,0x80,0x00,0x03,0x00,0x0b,0x00,0x13,0x00,0x17,0x00,0x1b,0x00,0x00,0x01,0x21,
0x35,0x21,0x01,0x15,0x23,0x15,0x23,0x11,0x33,0x11,0x01,0x35,0x33,0x11,0x23,0x11,
0x23,0x35,0x11,0x23,0x35,0x33,0x01,0x21,0x15,0x21,0x02,0x00,0xfe,0x80,0x01,0x80,
0xff,0x00,0x80,0x80,0x80,0x01,0x80,0x80,0x80,0x80,0x80,0x80,0xff,0x00,0x01,0x80,
0xfe,0x80,0x03,0x00,0x80,0xfe,0x00,0x80,0x80,0x02,0x80,0xfe,0x80,0x01,0x00,0x80,
0xfd,0x80,0x01,0x80,0x80,0xff,0x00,0x80,0xfe,0x80,0x80,0x00,0x00,0x05,0x00,0x00,
0x00,0x00,0x02,0x80,0x03,0x80,0x00,0x03,0x00,0x07,0x00,0x0b,0x00,0x0f,0x00,0x13,
0x00,0x00,0x13,0x33,0x15,0x23,0x21,0x15,0x23,0x35,0x03,0x23,0x11,0x33,0x21,0x33,
0x11,0x23,0x29,0x01,0x15,0x21,0x80,0x80,0x80,0x01,0x00,0x80,0x80,0x80,0x80,0x01,
0x80,0x80,0x80,0xfe,0x80,0x01,0x80,0xfe,0x80,0x03,0x80,0x80,0x80,0x80,0xfd,0x80,
0x02,0x00,0xfe,0x00,0x80,0x00,0x00,0x00,0x00,0x05,0x00,0x00,0x00,0x00,0x02,0x80,
0x03,0x80,0x00,0x03,0x00,0x07,0x00,0x0b,0x00,0x0f,0x00,0x13,0x00,0x00,0x01,0x33,
0x15,0x2b,0x01,0x33,0x15,0x23,0x03,0x23,0x11,0x33,0x21,0x33,0x11,0x23,0x29,0x01,
0x15,0x21,0x01,0x80,0x80,0x80,0x80,0x80,0x80,0x80,0x80,0x80,0x01,0x80,0x80,0x80,
0xfe,0x80,0x01,0x80,0xfe,0x80,0x03,0x80,0x80,0x80,0xfe,0x00,0x02,0x00,0xfe,0x00,
0x80,0x00,0x00,0x00,0x00,0x06,0x00,0x00,0x00,0x00,0x02,0x80,0x03,0x80,0x00,0x03,
0x00,0x07,0x00,0x0b,0x00,0x0f,0x00,0x13,0x00,0x17,0x00,0x00,0x01,0x33,0x15,0x2b,
0x01,0x33,0x15,0x23,0x25,0x15,0x23,0x35,0x01,0x23,0x11,0x33,0x21,0x33,0x11,0x23,
0x29,0x01,0x15,0x21,0x01,0x00,0x80,0x80,0x80,0x80,0x80,0x01,0x80,0x80,0xff,0x00,
0x80,0x80,0x01,0x80,0x80,0x80,0xfe,0x80,0x01,0x80,0xfe,0x80,0x03,0x80,0x80,0x80,
0x80,0x80,0x80,0xfd,0x80,0x02,0x00,0xfe,0x00,0x80,0x00,0x00,0x00,0x05,0x00,0x00,
0x00,0x00,0x02,0x80,0x03,0x80,0x00,0x03,0x00,0x07,0x00,0x0b,0x00,0x0f,0x00,0x13,
0x00,0x00,0x13,0x33,0x15,0x23,0x25,0x33,0x15,0x23,0x01,0x23,0x11,0x33,0x21,0x33,
0x11,0x23,0x29,0x01,0x15,0x21,0x80,0x80,0x80,0x01,0x00,0x80,0x80,0xff,0x00,0x80,
0x80,0x01,0x80,0x80,0x80,0xfe,0x80,0x01,0x80,0xfe,0x80,0x03,0x80,0x80,0x80,0x80,
0xfd,0x80,0x02,0x00,0xfe,0x00,0x80,0x00,0x00,0x05,0x00,0x00,0x00,0x00,0x02,0x80,
0x03,0x80,0x00,0x03,0x00,0x07,0x00,0x0b,0x00,0x0f,0x00,0x1b,0x00,0x00,0x01,0x33,
0x15,0x2b,0x01,0x33,0x15,0x23,0x05,0x35,0x33,0x15,0x21,0x35,0x33,0x15,0x05,0x33,
0x35,0x33,0x11,0x23,0x11,0x23,0x11,0x23,0x11,0x33,0x01,0x80,0x80,0x80,0x80,0x80,
0x80,0xff,0x00,0x80,0x01,0x80,0x80,0xfe,0x80,0x80,0x80,0x80,0x80,0x80,0x80,0x03,
0x80,0x80,0x80,0x80,0x80,0x80,0x80,0x80,0x80,0x80,0xff,0x00,0xff,0x00,0x01,0x00,
0x01,0x00,0x00,0x00,0x00,0x02,0x00,0x00,0x00,0x00,0x02,0x80,0x03,0x80,0x00,0x0b,
0x00,0x0f,0x00,0x00,0x13,0x21,0x15,0x21,0x15,0x23,0x11,0x33,0x15,0x21,0x15,0x29,
0x01,0x33,0x11,0x23,0x80,0x01,0x80,0xfe,0x80,0x80,0x80,0x01,0x80,0xfe,0x80,0x01,
0x80,0x80,0x80,0x01,0x00,0x80,0x80,0x03,0x80,0x80,0x80,0xfe,0x80,0x00,0x00,0x00,
0x00,0x06,0x00,0x00,0xff,0x80,0x02,0x80,0x02,0x80,0x00,0x03,0x00,0x07,0x00,0x0b,
0x00,0x0f,0x00,0x13,0x00,0x17,0x00,0x00,0x01,0x15,0x21,0x35,0x07,0x33,0x11,0x23,
0x01,0x33,0x15,0x23,0x29,0x01,0x15,0x29,0x01,0x15,0x23,0x35,0x01,0x35,0x21,0x15,
0x02,0x00,0xfe,0x80,0x80,0x80,0x80,0x02,0x00,0x80,0x80,0xff,0x00,0x01,0x00,0xff,
0x00,0x01,0x80,0x80,0xff,0x00,0x01,0x00,0x02,0x80,0x80,0x80,0x80,0xfd,0x80,0x02,
0x80,0x80,0x80,0x80,0x80,0xff,0x00,0x80,0x80,0x00,0x00,0x00,0x00,0x04,0x00,0x00,
0x00,0x00,0x02,0x80,0x03,0x80,0x00,0x03,0x00,0x0b,0x00,0x15,0x00,0x19,0x00,0x00,
0x13,0x35,0x33,0x15,0x33,0x15,0x33,0x15,0x21,0x35,0x33,0x35,0x01,0x35,0x33,0x11,
0x21,0x35,0x21,0x35,0x21,0x35,0x03,0x35,0x33,0x15,0x80,0x80,0x80,0x80,0xfe,0x80,
0x80,0x01,0x00,0x80,0xfe,0x00,0x01,0x80,0xfe,0x80,0x80,0x80,0x03,0x00,0x80,0x80,
0x80,0x80,0x80,0x80,0xfe,0x80,0x80,0xfe,0x00,0x80,0x80,0x80,0xff,0x00,0x80,0x80,
0x00,0x04,0x00,0x00,0x00,0x00,0x02,0x80,0x03,0x80,0x00,0x03,0x00,0x0b,0x00,0x15,
0x00,0x19,0x00,0x00,0x01,0x33,0x15,0x23,0x31,0x15,0x33,0x15,0x21,0x35,0x33,0x35,
0x01,0x35,0x33,0x11,0x21,0x35,0x21,0x35,0x21,0x35,0x03,0x35,0x33,0x15,0x01,0x80,
0x80,0x80,0x80,0xfe,0x80,0x80,0x01,0x00,0x80,0xfe,0x00,0x01,0x80,0xfe,0x80,0x80,
0x80,0x03,0x80,0x80,0x80,0x80,0x80,0x80,0xfe,0x80,0x80,0xfe,0x00,0x80,0x80,0x80,
0xff,0x00,0x80,0x80,0x00,0x04,0x00,0x00,0x00,0x00,0x02,0x80,0x03,0x80,0x00,0x03,
0x00,0x0b,0x00,0x15,0x00,0x19,0x00,0x00,0x01,0x33,0x15,0x23,0x3b,0x01,0x11,0x21,
0x11,0x33,0x15,0x33,0x13,0x35,0x33,0x11,0x21,0x35,0x21,0x35,0x21,0x35,0x03,0x35,
0x33,0x15,0x01,0x00,0x80,0x80,0x80,0x80,0xfe,0x80,0x80,0x80,0x80,0x80,0xfe,0x00,
0x01,0x80,0xfe,0x80,0x80,0x80,0x03,0x80,0x80,0xff,0x00,0x01,0x00,0x80,0xff,0x00,
0x80,0xfe,0x00,0x80,0x80,0x80,0xff,0x00,0x80,0x80,0x00,0x00,0x00,0x04,0x00,0x00,
0x00,0x00,0x02,0x80,0x03,0x80,0x00,0x03,0x00,0x07,0x00,0x11,0x00,0x15,0x00,0x00,
0x01,0x21,0x35,0x21,0x11,0x15,0x21,0x35,0x01,0x35,0x33,0x11,0x21,0x35,0x21,0x35,
0x21,0x35,0x03,0x35,0x33,0x15,0x02,0x00,0xfe,0x80,0x01,0x80,0xfe,0x80,0x01,0x80,
0x80,0xfe,0x00,0x01,0x80,0xfe,0x80,0x80,0x80,0x03,0x00,0x80,0xff,0x00,0x80,0x80,
0xff,0x00,0x80,0xfe,0x00,0x80,0x80,0x80,0xff,0x00,0x80,0x80,0x00,0x05,0x00,0x00,
0x00,0x00,0x02,0x80,0x03,0x80,0x00,0x03,0x00,0x07,0x00,0x0b,0x00,0x15,0x00,0x19,
0x00,0x00,0x13,0x33,0x15,0x23,0x25,0x33,0x15,0x23,0x17,0x15,0x21,0x35,0x01,0x35,
0x33,0x11,0x21,0x35,0x21,0x35,0x21,0x35,0x03,0x35,0x33,0x15,0x80,0x80,0x80,0x01,
0x00,0x80,0x80,0x80,0xfe,0x80,0x01,0x80,0x80,0xfe,0x00,0x01,0x80,0xfe,0x80,0x80,
0x80,0x03,0x80,0x80,0x80,0x80,0x80,0x80,0x80,0xff,0x00,0x80,0xfe,0x00,0x80,0x80,
0x80,0xff,0x00,0x80,0x80,0x00,0x00,0x00,0x00,0x04,0x00,0x00,0x00,0x00,0x02,0x80,
0x03,0x80,0x00,0x03,0x00,0x07,0x00,0x11,0x00,0x15,0x00,0x00,0x01,0x33,0x15,0x23,
0x05,0x15,0x21,0x35,0x01,0x35,0x33,0x11,0x21,0x35,0x21,0x35,0x21,0x35,0x03,0x35,
0x33,0x15,0x01,0x00,0x80,0x80,0x01,0x00,0xfe,0x80,0x01,0x80,0x80,0xfe,0x00,0x01,
0x80,0xfe,0x80,0x80,0x80,0x03,0x80,0x80,0x80,0x80,0x80,0xff,0x00,0x80,0xfe,0x00,
0x80,0x80,0x80,0xff,0x00,0x80,0x80,0x00,0x00,0x04,0x00,0x00,0x00,0x00,0x02,0x80,
0x02,0x80,0x00,0x03,0x00,0x07,0x00,0x19,0x00,0x1d,0x00,0x00,0x11,0x21,0x15,0x21,
0x25,0x33,0x15,0x23,0x17,0x35,0x33,0x11,0x21,0x15,0x21,0x15,0x21,0x35,0x33,0x35,
0x23,0x35,0x33,0x35,0x33,0x15,0x01,0x35,0x33,0x15,0x01,0x00,0xff,0x00,0x01,0x80,
0x80,0x80,0x80,0x80,0xff,0x00,0x01,0x00,0xfe,0x00,0x80,0x80,0x80,0x80,0xfe,0x80,
0x80,0x02,0x80,0x80,0x80,0x80,0x80,0x80,0xff,0x00,0x80,0x80,0x80,0x80,0x80,0x80,
0x80,0xff,0x00,0x80,0x80,0x00,0x00,0x00,0x00,0x05,0x00,0x00,0xff,0x80,0x02,0x80,
0x02,0x80,0x00,0x03,0x00,0x07,0x00,0x0b,0x00,0x0f,0x00,0x17,0x00,0x00,0x01,0x15,
0x21,0x35,0x07,0x33,0x11,0x23,0x01,0x15,0x23,0x35,0x11,0x33,0x15,0x23,0x01,0x35,
0x33,0x35,0x21,0x15,0x23,0x15,0x02,0x00,0xfe,0x80,0x80,0x80,0x80,0x02,0x80,0x80,
0x80,0x80,0xfe,0x00,0x80,0x01,0x80,0x80,0x02,0x80,0x80,0x80,0x80,0xfe,0x80,0x01,
0x80,0x80,0x80,0xff,0x00,0x80,0xff,0x00,0x80,0x80,0x80,0x80,0x00,0x04,0x00,0x00,
0x00,0x00,0x02,0x80,0x03,0x80,0x00,0x03,0x00,0x0b,0x00,0x15,0x00,0x19,0x00,0x00,
0x13,0x35,0x33,0x15,0x01,0x21,0x35,0x33,0x35,0x33,0x15,0x33,0x11,0x35,0x33,0x11,
0x21,0x15,0x23,0x11,0x33,0x15,0x11,0x35,0x21,0x15,0x80,0x80,0x01,0x00,0xfe,0x80,
0x80,0x80,0x80,0x80,0xfe,0x00,0x80,0x80,0x01,0x80,0x03,0x00,0x80,0x80,0xff,0x00,
0x80,0x80,0x80,0xff,0x00,0x80,0xff,0x00,0x80,0x01,0x80,0x80,0xfe,0x80,0x80,0x80,
0x00,0x04,0x00,0x00,0x00,0x00,0x02,0x80,0x03,0x80,0x00,0x03,0x00,0x0b,0x00,0x15,
0x00,0x19,0x00,0x00,0x01,0x33,0x15,0x23,0x13,0x21,0x35,0x33,0x35,0x33,0x15,0x33,
0x11,0x35,0x33,0x11,0x21,0x15,0x23,0x11,0x33,0x15,0x11,0x35,0x21,0x15,0x01,0x80,
0x80,0x80,0x80,0xfe,0x80,0x80,0x80,0x80,0x80,0xfe,0x00,0x80,0x80,0x01,0x80,0x03,
0x80,0x80,0xff,0x00,0x80,0x80,0x80,0xff,0x00,0x80,0xff,0x00,0x80,0x01,0x80,0x80,
0xfe,0x80,0x80,0x80,0x00,0x04,0x00,0x00,0x00,0x00,0x02,0x80,0x03,0x80,0x00,0x03,
0x00,0x0b,0x00,0x15,0x00,0x19,0x00,0x00,0x01,0x33,0x15,0x23,0x01,0x21,0x11,0x33,
0x15,0x33,0x35,0x33,0x11,0x35,0x33,0x11,0x21,0x15,0x23,0x11,0x33,0x15,0x11,0x35,
0x21,0x15,0x01,0x00,0x80,0x80,0x01,0x00,0xfe,0x80,0x80,0x80,0x80,0x80,0xfe,0x00,
0x80,0x80,0x01,0x80,0x03,0x80,0x80,0xff,0x00,0x01,0x00,0x80,0x80,0xfe,0x80,0x80,
0xff,0x00,0x80,0x01,0x80,0x80,0xfe,0x80,0x80,0x80,0x00,0x00,0x00,0x05,0x00,0x00,
0x00,0x00,0x02,0x80,0x03,0x80,0x00,0x03,0x00,0x07,0x00,0x0b,0x00,0x15,0x00,0x19,
0x00,0x00,0x13,0x33,0x15,0x23,0x25,0x33,0x15,0x23,0x13,0x21,0x35,0x21,0x11,0x35,
0x33,0x11,0x21,0x15,0x23,0x11,0x33,0x15,0x11,0x35,0x21,0x15,0x80,0x80,0x80,0x01,
0x00,0x80,0x80,0x80,0xfe,0x80,0x01,0x80,0x80,0xfe,0x00,0x80,0x80,0x01,0x80,0x03,
0x80,0x80,0x80,0x80,0xff,0x00,0x80,0xff,0x00,0x80,0xff,0x00,0x80,0x01,0x80,0x80,
0xfe,0x80,0x80,0x80,0x00,0x02,0x00,0x80,0x00,0x00,0x02,0x00,0x03,0x80,0x00,0x03,
0x00,0x0f,0x00,0x00,0x13,0x35,0x33,0x15,0x13,0x33,0x15,0x21,0x35,0x33,0x11,0x23,
0x35,0x33,0x35,0x33,0x80,0x80,0x80,0x80,0xfe,0x80,0x80,0x80,0x80,0x80,0x03,0x00,
0x80,0x80,0xfd,0x80,0x80,0x80,0x01,0x80,0x80,0x80,0x00,0x00,0x00,0x02,0x00,0x80,
0x00,0x00,0x02,0x00,0x03,0x80,0x00,0x03,0x00,0x0f,0x00,0x00,0x01,0x33,0x15,0x23,
0x11,0x33,0x15,0x21,0x35,0x33,0x11,0x23,0x35,0x33,0x35,0x33,0x01,0x80,0x80,0x80,
0x80,0xfe,0x80,0x80,0x80,0x80,0x80,0x03,0x80,0x80,0xfd,0x80,0x80,0x80,0x01,0x80,
0x80,0x80,0x00,0x00,0x00,0x03,0x00,0x80,0x00,0x00,0x02,0x00,0x03,0x80,0x00,0x03,
0x00,0x0f,0x00,0x13,0x00,0x00,0x01,0x33,0x15,0x23,0x13,0x33,0x15,0x21,0x35,0x33,
0x11,0x23,0x11,0x33,0x15,0x33,0x37,0x15,0x23,0x35,0x01,0x00,0x80,0x80,0x80,0x80,
0xfe,0x80,0x80,0x80,0x80,0x80,0x80,0x80,0x03,0x80,0x80,0xfd,0x80,0x80,0x80,0x01,
0x80,0x01,0x00,0x80,0x80,0x80,0x80,0x00,0x00,0x03,0x00,0x80,0x00,0x00,0x02,0x00,
0x03,0x80,0x00,0x03,0x00,0x07,0x00,0x11,0x00,0x00,0x13,0x33,0x15,0x23,0x21,0x35,
0x33,0x15,0x03,0x33,0x15,0x21,0x35,0x33,0x11,0x23,0x35,0x21,0x80,0x80,0x80,0x01,
0x00,0x80,0x80,0x80,0xfe,0x80,0x80,0x80,0x01,0x00,0x03,0x80,0x80,0x80,0x80,0xfd,
0x80,0x80,0x80,0x01,0x80,0x80,0x00,0x00,0x00,0x03,0x00,0x00,0x00,0x00,0x02,0x80,
0x03,0x80,0x00,0x0f,0x00,0x13,0x00,0x17,0x00,0x00,0x01,0x21,0x15,0x23,0x11,0x23,
0x11,0x21,0x35,0x21,0x35,0x21,0x35,0x33,0x35,0x33,0x01,0x33,0x11,0x23,0x17,0x35,
0x21,0x15,0x01,0x80,0x01,0x00,0x80,0x80,0xff,0x00,0x01,0x00,0xff,0x00,0x80,0x80,
0xfe,0x80,0x80,0x80,0x80,0x01,0x00,0x03,0x00,0x80,0xfe,0x00,0x01,0x00,0x80,0x80,
0x80,0x80,0xfe,0x00,0xff,0x00,0x80,0x80,0x80,0x00,0x00,0x00,0x00,0x04,0x00,0x00,
0x00,0x00,0x02,0x80,0x03,0x80,0x00,0x03,0x00,0x0b,0x00,0x0f,0x00,0x13,0x00,0x00,
0x01,0x21,0x35,0x21,0x01,0x33,0x15,0x33,0x15,0x23,0x11,0x23,0x01,0x21,0x15,0x29,
0x01,0x33,0x11,0x23,0x02,0x00,0xfe,0x80,0x01,0x80,0xfe,0x00,0x80,0x80,0x80,0x80,
0x01,0x00,0x01,0x00,0xff,0x00,0x01,0x00,0x80,0x80,0x03,0x00,0x80,0xff,0x00,0x80,
0x80,0xfe,0x80,0x02,0x80,0x80,0xfe,0x00,0x00,0x05,0x00,0x00,0x00,0x00,0x02,0x80,
0x03,0x80,0x00,0x03,0x00,0x0b,0x00,0x0f,0x00,0x13,0x00,0x17,0x00,0x00,0x13,0x35,
0x33,0x15,0x01,0x21,0x35,0x33,0x35,0x33,0x15,0x33,0x05,0x11,0x23,0x11,0x21,0x33,
0x11,0x23,0x29,0x01,0x15,0x21,0x80,0x80,0x01,0x00,0xfe,0x80,0x80,0x80,0x80,0xfe,
0x80,0x80,0x02,0x00,0x80,0x80,0xfe,0x80,0x01,0x80,0xfe,0x80,0x03,0x00,0x80,0x80,
0xff,0x00,0x80,0x80,0x80,0x80,0xfe,0x80,0x01,0x80,0xfe,0x80,0x80,0x00,0x00,0x00,
0x00,0x05,0x00,0x00,0x00,0x00,0x02,0x80,0x03,0x80,0x00,0x03,0x00,0x0b,0x00,0x0f,
0x00,0x13,0x00,0x17,0x00,0x00,0x01,0x33,0x15,0x23,0x13,0x21,0x35,0x33,0x35,0x33,
0x15,0x33,0x05,0x11,0x23,0x11,0x21,0x33,0x11,0x23,0x29,0x01,0x15,0x21,0x01,0x80,
0x80,0x80,0x80,0xfe,0x80,0x80,0x80,0x80,0xfe,0x80,0x80,0x02,0x00,0x80,0x80,0xfe,
0x80,0x01,0x80,0xfe,0x80,0x03,0x80,0x80,0xff,0x00,0x80,0x80,0x80,0x80,0xfe,0x80,
0x01,0x80,0xfe,0x80,0x80,0x00,0x00,0x00,0x00,0x05,0x00,0x00,0x00,0x00,0x02,0x80,
0x03,0x80,0x00,0x03,0x00,0x0b,0x00,0x0f,0x00,0x13,0x00,0x17,0x00,0x00,0x01,0x33,
0x15,0x23,0x01,0x21,0x11,0x33,0x15,0x33,0x35,0x33,0x01,0x11,0x23,0x11,0x21,0x33,
0x11,0x23,0x29,0x01,0x15,0x21,0x01,0x00,0x80,0x80,0x01,0x00,0xfe,0x80,0x80,0x80,
0x80,0xfe,0x80,0x80,0x02,0x00,0x80,0x80,0xfe,0x80,0x01,0x80,0xfe,0x80,0x03,0x80,
0x80,0xff,0x00,0x01,0x00,0x80,0x80,0xff,0x00,0xfe,0x80,0x01,0x80,0xfe,0x80,0x80,
0x00,0x05,0x00,0x00,0x00,0x00,0x02,0x80,0x03,0x80,0x00,0x03,0x00,0x07,0x00,0x0b,
0x00,0x0f,0x00,0x13,0x00,0x00,0x01,0x21,0x35,0x21,0x11,0x21,0x35,0x21,0x05,0x11,
0x23,0x11,0x21,0x33,0x11,0x23,0x29,0x01,0x15,0x21,0x02,0x00,0xfe,0x80,0x01,0x80,
0xfe,0x80,0x01,0x80,0xfe,0x80,0x80,0x02,0x00,0x80,0x80,0xfe,0x80,0x01,0x80,0xfe,
0x80,0x03,0x00,0x80,0xfe,0x80,0x80,0x80,0xfe,0x80,0x01,0x80,0xfe,0x80,0x80,0x00,
0x00,0x06,0x00,0x00,0x00,0x00,0x02,0x80,0x03,0x80,0x00,0x03,0x00,0x07,0x00,0x0b,
0x00,0x0f,0x00,0x13,0x00,0x17,0x00,0x00,0x13,0x33,0x15,0x23,0x25,0x33,0x15,0x23,
0x13,0x21,0x35,0x21,0x05,0x11,0x23,0x11,0x21,0x33,0x11,0x23,0x29,0x01,0x15,0x21,
0x80,0x80,0x80,0x01,0x00,0x80,0x80,0x80,0xfe,0x80,0x01,0x80,0xfe,0x80,0x80,0x02,
0x00,0x80,0x80,0xfe,0x80,0x01,0x80,0xfe,0x80,0x03,0x80,0x80,0x80,0x80,0xff,0x00,
0x80,0x80,0xfe,0x80,0x01,0x80,0xfe,0x80,0x80,0x00,0x00,0x00,0x00,0x03,0x00,0x00,
0x00,0x80,0x02,0x80,0x03,0x00,0x00,0x03,0x00,0x07,0x00,0x0b,0x00,0x00,0x01,0x33,
0x15,0x23,0x05,0x15,0x21,0x35,0x01,0x23,0x35,0x33,0x01,0x00,0x80,0x80,0x01,0x80,
0xfd,0x80,0x01,0x80,0x80,0x80,0x03,0x00,0x80,0x80,0x80,0x80,0xfe,0x80,0x80,0x00,
0x00,0x03,0x00,0x00,0x00,0x00,0x02,0x80,0x02,0x80,0x00,0x09,0x00,0x13,0x00,0x17,
0x00,0x00,0x01,0x15,0x33,0x11,0x23,0x11,0x23,0x35,0x21,0x35,0x13,0x15,0x21,0x15,
0x21,0x35,0x23,0x11,0x33,0x11,0x21,0x23,0x35,0x33,0x02,0x00,0x80,0x80,0x80,0xff,
0x00,0x80,0x01,0x00,0xfe,0x80,0x80,0x80,0x01,0x00,0x80,0x80,0x02,0x80,0x80,0xfe,
0x80,0x01,0x00,0x80,0x80,0xfe,0x80,0x80,0x80,0x80,0x01,0x80,0xff,0x00,0x80,0x00,
0x00,0x05,0x00,0x00,0x00,0x00,0x02,0x80,0x03,0x80,0x00,0x03,0x00,0x07,0x00,0x0b,
0x00,0x13,0x00,0x17,0x00,0x00,0x13,0x33,0x15,0x23,0x21,0x15,0x23,0x35,0x03,0x23,
0x11,0x33,0x21,0x33,0x11,0x23,0x35,0x23,0x35,0x33,0x01,0x35,0x21,0x15,0x80,0x80,
0x80,0x01,0x00,0x80,0x80,0x80,0x80,0x01,0x80,0x80,0x80,0x80,0x80,0xfe,0x80,0x01,
0x00,0x03,0x80,0x80,0x80,0x80,0xfd,0x80,0x02,0x00,0xfd,0x80,0x80,0x80,0xff,0x00,
0x80,0x80,0x00,0x00,0x00,0x05,0x00,0x00,0x00,0x00,0x02,0x80,0x03,0x80,0x00,0x03,
0x00,0x07,0x00,0x0b,0x00,0x13,0x00,0x17,0x00,0x00,0x01,0x33,0x15,0x2b,0x01,0x33,
0x15,0x23,0x03,0x23,0x11,0x33,0x21,0x33,0x11,0x23,0x35,0x23,0x35,0x33,0x01,0x35,
0x21,0x15,0x01,0x80,0x80,0x80,0x80,0x80,0x80,0x80,0x80,0x80,0x01,0x80,0x80,0x80,
0x80,0x80,0xfe,0x80,0x01,0x00,0x03,0x80,0x80,0x80,0xfe,0x00,0x02,0x00,0xfd,0x80,
0x80,0x80,0xff,0x00,0x80,0x80,0x00,0x00,0x00,0x06,0x00,0x00,0x00,0x00,0x02,0x80,
0x03,0x80,0x00,0x03,0x00,0x07,0x00,0x0b,0x00,0x0f,0x00,0x17,0x00,0x1b,0x00,0x00,
0x01,0x33,0x15,0x2b,0x01,0x33,0x15,0x23,0x25,0x15,0x23,0x35,0x01,0x23,0x11,0x33,
0x21,0x33,0x11,0x23,0x35,0x23,0x35,0x33,0x01,0x35,0x21,0x15,0x01,0x00,0x80,0x80,
0x80,0x80,0x80,0x01,0x80,0x80,0xff,0x00,0x80,0x80,0x01,0x80,0x80,0x80,0x80,0x80,
0xfe,0x80,0x01,0x00,0x03,0x80,0x80,0x80,0x80,0x80,0x80,0xfd,0x80,0x02,0x00,0xfd,
0x80,0x80,0x80,0xff,0x00,0x80,0x80,0x00,0x00,0x05,0x00,0x00,0x00,0x00,0x02,0x80,
0x03,0x80,0x00,0x03,0x00,0x07,0x00,0x0b,0x00,0x13,0x00,0x17,0x00,0x00,0x13,0x33,
0x15,0x23,0x25,0x33,0x15,0x23,0x01,0x23,0x11,0x33,0x21,0x33,0x11,0x23,0x35,0x23,
0x35,0x33,0x01,0x35,0x21,0x15,0x80,0x80,0x80,0x01,0x00,0x80,0x80,0xff,0x00,0x80,
0x80,0x01,0x80,0x80,0x80,0x80,0x80,0xfe,0x80,0x01,0x00,0x03,0x80,0x80,0x80,0x80,
0xfd,0x80,0x02,0x00,0xfd,0x80,0x80,0x80,0xff,0x00,0x80,0x80,0x00,0x06,0x00,0x00,
0xff,0x80,0x02,0x80,0x03,0x80,0x00,0x03,0x00,0x07,0x00,0x0b,0x00,0x13,0x00,0x17,
0x00,0x1b,0x00,0x00,0x01,0x33,0x15,0x2b,0x01,0x33,0x15,0x2b,0x01,0x11,0x23,0x11,
0x21,0x33,0x11,0x23,0x11,0x23,0x35,0x33,0x01,0x35,0x21,0x15,0x05,0x21,0x15,0x21,
0x01,0x80,0x80,0x80,0x80,0x80,0x80,0x80,0x80,0x02,0x00,0x80,0x80,0x80,0x80,0xfe,
0x80,0x01,0x00,0xff,0x00,0x01,0x80,0xfe,0x80,0x03,0x80,0x80,0x80,0xfe,0x80,0x01,
0x80,0xfd,0x80,0x01,0x00,0x80,0xff,0x00,0x80,0x80,0x80,0x80,0x00,0x02,0x00,0x80,
0xff,0x80,0x02,0x80,0x02,0x80,0x00,0x0b,0x00,0x0f,0x00,0x00,0x25,0x21,0x15,0x21,
0x15,0x23,0x11,0x33,0x15,0x21,0x15,0x29,0x01,0x33,0x11,0x23,0x01,0x00,0x01,0x00,
0xff,0x00,0x80,0x80,0x01,0x00,0xff,0x00,0x01,0x00,0x80,0x80,0x80,0x80,0x80,0x03,
0x00,0x80,0x80,0xff,0x00,0x00,0x00,0x00,0x00,0x06,0x00,0x00,0xff,0x80,0x02,0x80,
0x03,0x80,0x00,0x03,0x00,0x07,0x00,0x0b,0x00,0x13,0x00,0x17,0x00,0x1b,0x00,0x00,
0x13,0x33,0x15,0x23,0x25,0x33,0x15,0x23,0x05,0x11,0x23,0x11,0x21,0x33,0x11,0x23,
0x11,0x23,0x35,0x33,0x01,0x35,0x21,0x15,0x05,0x21,0x15,0x21,0x80,0x80,0x80,0x01,
0x00,0x80,0x80,0xff,0x00,0x80,0x02,0x00,0x80,0x80,0x80,0x80,0xfe,0x80,0x01,0x00,
0xff,0x00,0x01,0x80,0xfe,0x80,0x03,0x80,0x80,0x80,0x80,0x80,0xfe,0x80,0x01,0x80,
0xfd,0x80,0x01,0x00,0x80,0xff,0x00,0x80,0x80,0x80,0x80,0x00,0x00,0x01,0x00,0x80,
0x00,0x00,0x02,0x00,0x02,0x80,0x00,0x09,0x00,0x00,0x25,0x33,0x15,0x21,0x35,0x33,
0x11,0x23,0x35,0x21,0x01,0x80,0x80,0xfe,0x80,0x80,0x80,0x01,0x00,0x80,0x80,0x80,
0x01,0x80,0x80,0x00,0x00,0x02,0x00,0x00,0x00,0x00,0x02,0x80,0x03,0x80,0x00,0x0f,
0x00,0x13,0x00,0x00,0x01,0x11,0x33,0x15,0x23,0x11,0x21,0x15,0x21,0x35,0x33,0x11,
0x23,0x35,0x21,0x15,0x01,0x23,0x11,0x33,0x01,0x80,0x80,0x80,0x01,0x00,0xfe,0x00,
0x80,0x80,0x02,0x00,0xfe,0x00,0x80,0x80,0x03,0x00,0xff,0x00,0x80,0xff,0x00,0x80,
0x80,0x02,0x80,0x80,0x80,0xfd,0x80,0x02,0x80,0x00,0x00,0x00,0x00,0x04,0x00,0x00,
0x00,0x00,0x02,0x80,0x02,0x80,0x00,0x0d,0x00,0x11,0x00,0x15,0x00,0x19,0x00,0x00,
0x01,0x35,0x33,0x11,0x21,0x15,0x23,0x11,0x23,0x35,0x21,0x15,0x23,0x15,0x25,0x11,
0x23,0x11,0x01,0x23,0x35,0x33,0x21,0x15,0x23,0x35,0x02,0x00,0x80,0xff,0x00,0x80,
0x80,0x01,0x80,0x80,0xff,0x00,0x80,0x01,0x00,0x80,0x80,0x01,0x00,0x80,0x01,0x80,
0x80,0xff,0x00,0x80,0x01,0x80,0x80,0x80,0x80,0x80,0xfe,0x80,0x01,0x80,0xfe,0x00,
0x80,0x80,0x80,0x00,0x00,0x06,0x00,0x00,0x00,0x00,0x02,0x80,0x03,0x80,0x00,0x03,
0x00,0x07,0x00,0x0b,0x00,0x13,0x00,0x1b,0x00,0x1f,0x00,0x00,0x01,0x33,0x15,0x2b,
0x01,0x33,0x15,0x23,0x25,0x15,0x23,0x35,0x01,0x33,0x15,0x23,0x15,0x23,0x11,0x33,
0x21,0x33,0x11,0x23,0x35,0x23,0x35,0x33,0x01,0x33,0x11,0x23,0x01,0x00,0x80,0x80,
0x80,0x80,0x80,0x01,0x80,0x80,0xff,0x00,0x80,0x80,0x80,0x80,0x01,0x80,0x80,0x80,
0x80,0x80,0xff,0x00,0x80,0x80,0x03,0x80,0x80,0x80,0x80,0x80,0x80,0xfe,0x00,0x80,
0x80,0x02,0x80,0xfd,0x80,0x80,0x80,0x01,0x00,0xff,0x00,0x00,0x00,0x08,0x00,0x00,
0x00,0x00,0x02,0x80,0x03,0x80,0x00,0x03,0x00,0x07,0x00,0x0b,0x00,0x0f,0x00,0x13,
0x00,0x17,0x00,0x1b,0x00,0x1f,0x00,0x00,0x01,0x33,0x15,0x2b,0x01,0x33,0x15,0x23,
0x25,0x15,0x23,0x35,0x01,0x23,0x11,0x33,0x21,0x33,0x11,0x23,0x01,0x33,0x11,0x23,
0x15,0x23,0x35,0x33,0x05,0x23,0x35,0x33,0x01,0x00,0x80,0x80,0x80,0x80,0x80,0x01,
0x80,0x80,0xff,0x00,0x80,0x80,0x01,0x80,0x80,0x80,0xff,0x00,0x80,0x80,0x80,0x80,
0x01,0x00,0x80,0x80,0x03,0x80,0x80,0x80,0x80,0x80,0x80,0xfd,0x80,0x02,0x00,0xfe,
0x00,0x01,0x00,0xff,0x00,0x80,0x80,0x80,0x80,0x00,0x00,0x00,0x00,0x06,0x00,0x00,
0x00,0x00,0x02,0x80,0x03,0x80,0x00,0x03,0x00,0x07,0x00,0x0b,0x00,0x0f,0x00,0x13,
0x00,0x1f,0x00,0x00,0x01,0x33,0x15,0x2b,0x01,0x33,0x15,0x23,0x25,0x15,0x23,0x35,
0x01,0x35,0x33,0x15,0x21,0x35,0x33,0x15,0x05,0x33,0x35,0x33,0x11,0x23,0x11,0x23,
0x11,0x23,0x11,0x33,0x01,0x00,0x80,0x80,0x80,0x80,0x80,0x01,0x80,0x80,0xfe,0x80,
0x80,0x01,0x80,0x80,0xfe,0x80,0x80,0x80,0x80,0x80,0x80,0x80,0x03,0x80,0x80,0x80,
0x80,0x80,0x80,0xff,0x00,0x80,0x80,0x80,0x80,0x80,0x80,0xff,0x00,0xff,0x00,0x01,
0x00,0x01,0x00,0x00,0x00,0x07,0x00,0x00,0xff,0x80,0x02,0x80,0x03,0x80,0x00,0x03,
0x00,0x07,0x00,0x0b,0x00,0x0f,0x00,0x17,0x00,0x1b,0x00,0x1f,0x00,0x00,0x01,0x33,
0x15,0x2b,0x01,0x33,0x15,0x23,0x25,0x15,0x23,0x35,0x05,0x11,0x23,0x11,0x21,0x33,
0x11,0x23,0x11,0x23,0x35,0x33,0x01,0x35,0x21,0x15,0x05,0x21,0x15,0x21,0x01,0x00,
0x80,0x80,0x80,0x80,0x80,0x01,0x80,0x80,0xff,0x00,0x80,0x02,0x00,0x80,0x80,0x80,
0x80,0xfe,0x80,0x01,0x00,0xff,0x00,0x01,0x80,0xfe,0x80,0x03,0x80,0x80,0x80,0x80,
0x80,0x80,0x80,0xfe,0x80,0x01,0x80,0xfd,0x80,0x01,0x00,0x80,0xff,0x00,0x80,0x80,
0x80,0x80,0x00,0x00,0x00,0x05,0x00,0x00,0x00,0x00,0x02,0x80,0x03,0x80,0x00,0x03,
0x00,0x07,0x00,0x0b,0x00,0x0f,0x00,0x1b,0x00,0x00,0x13,0x33,0x15,0x23,0x25,0x33,
0x15,0x23,0x01,0x35,0x33,0x15,0x21,0x35,0x33,0x15,0x05,0x33,0x35,0x33,0x11,0x23,
0x11,0x23,0x11,0x23,0x11,0x33,0x80,0x80,0x80,0x01,0x00,0x80,0x80,0xfe,0x80,0x80,
0x01,0x80,0x80,0xfe,0x80,0x80,0x80,0x80,0x80,0x80,0x80,0x03,0x80,0x80,0x80,0x80,
0xff,0x00,0x80,0x80,0x80,0x80,0x80,0x80,0xff,0x00,0xff,0x00,0x01,0x00,0x01,0x00,
0x00,0x05,0x00,0x00,0xff,0x80,0x02,0x80,0x03,0x80,0x00,0x03,0x00,0x0f,0x00,0x13,
0x00,0x17,0x00,0x1b,0x00,0x00,0x01,0x35,0x33,0x15,0x01,0x11,0x33,0x11,0x33,0x15,
0x23,0x11,0x23,0x11,0x23,0x35,0x25,0x35,0x33,0x15,0x01,0x35,0x33,0x15,0x17,0x23,
0x35,0x33,0x01,0x80,0x80,0xff,0x00,0x80,0x80,0x80,0x80,0x80,0x01,0x80,0x80,0xfd,
0x80,0x80,0x80,0x80,0x80,0x03,0x00,0x80,0x80,0xff,0x00,0x01,0x00,0xff,0x00,0x80,
0xfe,0x80,0x01,0x80,0x80,0x80,0x80,0x80,0xfd,0x80,0x80,0x80,0x80,0x80,0x00,0x00,
0x00,0x03,0x00,0x80,0x02,0x80,0x02,0x00,0x03,0x80,0x00,0x03,0x00,0x07,0x00,0x0b,
0x00,0x00,0x01,0x23,0x35,0x33,0x03,0x23,0x35,0x33,0x05,0x23,0x35,0x33,0x01,0x80,
0x80,0x80,0x80,0x80,0x80,0x01,0x00,0x80,0x80,0x03,0x00,0x80,0xff,0x00,0x80,0x80,
0x80,0x00,0x00,0x00,0x00,0x03,0x00,0x80,0x02,0x80,0x02,0x00,0x03,0x80,0x00,0x03,
0x00,0x07,0x00,0x0b,0x00,0x00,0x01,0x23,0x35,0x33,0x05,0x23,0x35,0x33,0x03,0x23,
0x35,0x33,0x01,0x00,0x80,0x80,0x01,0x00,0x80,0x80,0x80,0x80,0x80,0x03,0x00,0x80,
0x80,0x80,0xff,0x00,0x80,0x00,0x00,0x00,0x00,0x03,0x00,0x80,0x02,0x80,0x02,0x80,
0x03,0x80,0x00,0x03,0x00,0x07,0x00,0x0b,0x00,0x00,0x13,0x35,0x33,0x15,0x21,0x35,
0x33,0x15,0x05,0x35,0x21,0x15,0x80,0x80,0x01,0x00,0x80,0xfe,0x80,0x01,0x00,0x03,
0x00,0x80,0x80,0x80,0x80,0x80,0x80,0x80,0x00,0x01,0x01,0x00,0x03,0x00,0x01,0x80,
0x03,0x80,0x00,0x03,0x00,0x00,0x01,0x23,0x35,0x33,0x01,0x80,0x80,0x80,0x03,0x00,
0x80,0x00,0x00,0x00,0x00,0x01,0x01,0x00,0x03,0x00,0x01,0x80,0x03,0x80,0x00,0x03,
0x00,0x00,0x01,0x23,0x35,0x33,0x01,0x80,0x80,0x80,0x03,0x00,0x80,0x00,0x00,0x00,
0x00,0x01,0x01,0x00,0xff,0x80,0x02,0x80,0x00,0x00,0x00,0x03,0x00,0x00,0x21,0x15,
0x21,0x35,0x02,0x80,0xfe,0x80,0x80,0x80,0x00,0x01,0x00,0x80,0x03,0x00,0x02,0x00,
0x03,0x80,0x00,0x03,0x00,0x00,0x01,0x15,0x21,0x35,0x02,0x00,0xfe,0x80,0x03,0x80,
0x80,0x80,0x00,0x00,0x00,0x04,0x00,0x80,0x02,0x80,0x02,0x80,0x03,0x80,0x00,0x03,
0x00,0x07,0x00,0x0b,0x00,0x0f,0x00,0x00,0x01,0x23,0x35,0x33,0x05,0x23,0x35,0x33,
0x01,0x23,0x35,0x33,0x05,0x23,0x35,0x33,0x01,0x80,0x80,0x80,0x01,0x00,0x80,0x80,
0xfe,0x80,0x80,0x80,0x01,0x00,0x80,0x80,0x03,0x00,0x80,0x80,0x80,0xff,0x00,0x80,
0x80,0x80,0x00,0x00,0x00,0x02,0xfd,0x80,0x02,0x80,0xfe,0x80,0x03,0x80,0x00,0x03,
0x00,0x07,0x00,0x00,0x01,0x23,0x35,0x33,0x13,0x23,0x35,0x33,0xfe,0x00,0x80,0x80,
0x80,0x80,0x80,0x03,0x00,0x80,0xff,0x00,0x80,0x00,0x00,0x00,0x00,0x02,0xfe,0x00,
0x02,0x80,0xff,0x00,0x03,0x80,0x00,0x03,0x00,0x07,0x00,0x00,0x01,0x23,0x35,0x33,
0x03,0x23,0x35,0x33,0xff,0x00,0x80,0x80,0x80,0x80,0x80,0x03,0x00,0x80,0xff,0x00,
0x80,0x00,0x00,0x00,0x00,0x03,0xfd,0x80,0x02,0x80,0xff,0x00,0x03,0x80,0x00,0x03,
0x00,0x07,0x00,0x0b,0x00,0x00,0x01,0x23,0x35,0x33,0x03,0x23,0x35,0x33,0x05,0x23,
0x35,0x33,0xfe,0x80,0x80,0x80,0x80,0x80,0x80,0x01,0x00,0x80,0x80,0x03,0x00,0x80,
0xff,0x00,0x80,0x80,0x80,0x00,0x00,0x00,0x00,0x01,0xfd,0x80,0x03,0x00,0xff,0x00,
0x03,0x80,0x00,0x03,0x00,0x00,0x01,0x15,0x21,0x35,0xff,0x00,0xfe,0x80,0x03,0x80,
0x80,0x80,0x00,0x00,0x00,0x01,0xfd,0x80,0x02,0x80,0xff,0x00,0x03,0x00,0x00,0x03,
0x00,0x00,0x01,0x15,0x21,0x35,0xff,0x00,0xfe,0x80,0x03,0x00,0x80,0x80,0x00,0x00,
0x00,0x03,0xfd,0x80,0x02,0x80,0xff,0x80,0x03,0x80,0x00,0x03,0x00,0x07,0x00,0x0b,
0x00,0x00,0x01,0x35,0x33,0x15,0x21,0x35,0x33,0x15,0x05,0x35,0x21,0x15,0xfd,0x80,
0x80,0x01,0x00,0x80,0xfe,0x80,0x01,0x00,0x03,0x00,0x80,0x80,0x80,0x80,0x80,0x80,
0x80,0x00,0x00,0x00,0x00,0x01,0xfe,0x00,0x03,0x00,0xfe,0x80,0x03,0x80,0x00,0x03,
0x00,0x00,0x01,0x23,0x35,0x33,0xfe,0x80,0x80,0x80,0x03,0x00,0x80,0x00,0x00,0x00,
0x00,0x02,0xfd,0x80,0x03,0x00,0xff,0x00,0x03,0x80,0x00,0x03,0x00,0x07,0x00,0x00,
0x01,0x23,0x35,0x33,0x05,0x23,0x35,0x33,0xfe,0x00,0x80,0x80,0x01,0x00,0x80,0x80,
0x03,0x00,0x80,0x80,0x80,0x00,0x00,0x00,0x00,0x01,0xfe,0x00,0x03,0x00,0xfe,0x80,
0x03,0x80,0x00,0x03,0x00,0x00,0x01,0x23,0x35,0x33,0xfe,0x80,0x80,0x80,0x03,0x00,
0x80,0x00,0x00,0x00,0x00,0x04,0xfd,0x80,0x02,0x80,0xff,0x80,0x03,0x80,0x00,0x03,
0x00,0x07,0x00,0x0b,0x00,0x0f,0x00,0x00,0x01,0x23,0x35,0x33,0x05,0x23,0x35,0x33,
0x01,0x23,0x35,0x33,0x05,0x23,0x35,0x33,0xfe,0x80,0x80,0x80,0x01,0x00,0x80,0x80,
0xfe,0x80,0x80,0x80,0x01,0x00,0x80,0x80,0x03,0x00,0x80,0x80,0x80,0xff,0x00,0x80,
0x80,0x80,0x00,0x00,0x00,0x03,0xfd,0x80,0x02,0x80,0xff,0x00,0x03,0x80,0x00,0x03,
0x00,0x07,0x00,0x0b,0x00,0x00,0x01,0x23,0x35,0x33,0x05,0x23,0x35,0x33,0x03,0x23,
0x35,0x33,0xfe,0x00,0x80,0x80,0x01,0x00,0x80,0x80,0x80,0x80,0x80,0x03,0x00,0x80,
0x80,0x80,0xff,0x00,0x80,0x00,0x00,0x00,0x00,0x02,0xfe,0x00,0x02,0x80,0xff,0x00,
0x03,0x80,0x00,0x03,0x00,0x07,0x00,0x00,0x01,0x23,0x35,0x33,0x03,0x23,0x35,0x33,
0xff,0x00,0x80,0x80,0x80,0x80,0x80,0x03,0x00,0x80,0xff,0x00,0x80,0x00,0x00,0x00,
0x00,0x02,0xfe,0x00,0xff,0x80,0xff,0x00,0x00,0x80,0x00,0x03,0x00,0x07,0x00,0x00,
0x21,0x23,0x35,0x33,0x03,0x23,0x35,0x33,0xff,0x00,0x80,0x80,0x80,0x80,0x80,0x80,
0xff,0x00,0x80,0x00,0x00,0x01,0xfd,0x00,0xff,0x80,0xfe,0x80,0x00,0x00,0x00,0x03,
0x00,0x00,0x21,0x15,0x21,0x35,0xfe,0x80,0xfe,0x80,0x80,0x80,0x00,0x01,0xfe,0x00,
0xff,0x80,0xff,0x80,0x00,0x00,0x00,0x03,0x00,0x00,0x23,0x15,0x21,0x35,0x80,0xfe,
0x80,0x80,0x80,0x00,0x00,0x01,0xfd,0x00,0x01,0x80,0xff,0x80,0x02,0x00,0x00,0x03,
0x00,0x00,0x03,0x15,0x21,0x35,0x80,0xfd,0x80,0x02,0x00,0x80,0x80,0x00,0x00,0x00,
0x00,0x01,0xfd,0x80,0x01,0x80,0xff,0x00,0x02,0x00,0x00,0x03,0x00,0x00,0x01,0x15,
0x21,0x35,0xff,0x00,0xfe,0x80,0x02,0x00,0x80,0x80,0x00,0x00,0x00,0x03,0xfd,0x80,
0x00,0x80,0xff,0x00,0x02,0x00,0x00,0x03,0x00,0x07,0x00,0x0b,0x00,0x00,0x01,0x23,
0x35,0x33,0x03,0x23,0x35,0x33,0x03,0x23,0x35,0x33,0xff,0x00,0x80,0x80,0x80,0x80,
0x80,0x80,0x80,0x80,0x01,0x80,0x80,0xff,0x00,0x80,0xff,0x00,0x80,0x00,0x00,0x00,
0x00,0x03,0xfd,0x80,0x01,0x00,0xff,0x00,0x02,0x80,0x00,0x03,0x00,0x07,0x00,0x0b,
0x00,0x00,0x01,0x23,0x35,0x33,0x03,0x23,0x35,0x33,0x03,0x23,0x35,0x33,0xff,0x00,
0x80,0x80,0x80,0x80,0x80,0x80,0x80,0x80,0x02,0x00,0x80,0xff,0x00,0x80,0xff,0x00,
0x80,0x00,0x00,0x00,0x00,0x02,0x01,0x00,0x02,0x80,0x02,0x00,0x03,0x80,0x00,0x03,
0x00,0x07,0x00,0x00,0x01,0x23,0x35,0x33,0x03,0x23,0x35,0x33,0x02,0x00,0x80,0x80,
0x80,0x80,0x80,0x03,0x00,0x80,0xff,0x00,0x80,0x00,0x00,0x00,0x00,0x03,0x00,0x00,
0x02,0x80,0x02,0x80,0x03,0x80,0x00,0x03,0x00,0x07,0x00,0x0b,0x00,0x00,0x01,0x11,
0x33,0x11,0x21,0x23,0x35,0x33,0x05,0x35,0x33,0x15,0x01,0x00,0x80,0xff,0x00,0x80,
0x80,0x01,0x80,0x80,0x02,0x80,0x01,0x00,0xff,0x00,0x80,0x80,0x80,0x80,0x00,0x00,
0x00,0x04,0x00,0x00,0x00,0x00,0x02,0x80,0x03,0x80,0x00,0x03,0x00,0x07,0x00,0x13,
0x00,0x17,0x00,0x00,0x11,0x33,0x11,0x23,0x01,0x33,0x15,0x23,0x3b,0x01,0x11,0x23,
0x11,0x21,0x11,0x23,0x11,0x33,0x11,0x21,0x01,0x33,0x15,0x23,0x80,0x80,0x01,0x80,
0x80,0x80,0x80,0x80,0x80,0xff,0x00,0x80,0x80,0x01,0x00,0xff,0x00,0x80,0x80,0x03,
0x80,0xff,0x00,0x01,0x00,0x80,0xfd,0x00,0x01,0x00,0xff,0x00,0x02,0x80,0xff,0x00,
0x01,0x80,0x80,0x00,0x00,0x02,0x00,0x00,0x00,0x00,0x02,0x80,0x03,0x80,0x00,0x03,
0x00,0x0f,0x00,0x00,0x19,0x01,0x33,0x11,0x25,0x11,0x33,0x15,0x23,0x11,0x21,0x15,
0x21,0x11,0x21,0x15,0x80,0x01,0x00,0x80,0x80,0x01,0x00,0xfe,0x80,0x01,0x80,0x02,
0x80,0x01,0x00,0xff,0x00,0x80,0xff,0x00,0x80,0xff,0x00,0x80,0x03,0x80,0x80,0x00,
0x00,0x02,0x00,0x00,0x00,0x00,0x02,0x80,0x03,0x80,0x00,0x03,0x00,0x0f,0x00,0x00,
0x19,0x01,0x33,0x11,0x01,0x33,0x11,0x23,0x11,0x23,0x11,0x23,0x11,0x33,0x11,0x33,
0x80,0x01,0x80,0x80,0x80,0x80,0x80,0x80,0x80,0x02,0x80,0x01,0x00,0xff,0x00,0x01,
0x00,0xfc,0x80,0x01,0x80,0xfe,0x80,0x03,0x80,0xfe,0x80,0x00,0x00,0x02,0x00,0x00,
0x00,0x00,0x02,0x80,0x03,0x80,0x00,0x03,0x00,0x0f,0x00,0x00,0x19,0x01,0x33,0x11,
0x01,0x33,0x15,0x21,0x35,0x33,0x11,0x23,0x35,0x21,0x15,0x23,0x80,0x01,0x80,0x80,
0xfe,0x80,0x80,0x80,0x01,0x80,0x80,0x02,0x80,0x01,0x00,0xff,0x00,0xfe,0x00,0x80,
0x80,0x02,0x80,0x80,0x80,0x00,0x00,0x00,0x00,0x05,0x00,0x00,0x00,0x00,0x02,0x80,
0x03,0x80,0x00,0x03,0x00,0x07,0x00,0x0b,0x00,0x0f,0x00,0x13,0x00,0x00,0x19,0x01,
0x33,0x11,0x01,0x33,0x15,0x23,0x11,0x23,0x11,0x3b,0x02,0x11,0x23,0x15,0x23,0x35,
0x33,0x80,0x01,0x00,0x80,0x80,0x80,0x80,0x80,0x80,0x80,0x80,0x80,0x02,0x80,0x01,
0x00,0xff,0x00,0x01,0x00,0x80,0xfd,0x80,0x02,0x80,0xfd,0x80,0x80,0x80,0x00,0x00,
0x00,0x02,0x00,0x00,0x00,0x00,0x02,0x80,0x03,0x80,0x00,0x03,0x00,0x0f,0x00,0x00,
0x19,0x01,0x33,0x11,0x01,0x33,0x11,0x23,0x11,0x23,0x11,0x23,0x11,0x33,0x11,0x33,
0x80,0x01,0x80,0x80,0x80,0x80,0x80,0x80,0x80,0x02,0x80,0x01,0x00,0xff,0x00,0x01,
0x00,0xfe,0x00,0xfe,0x80,0x01,0x80,0x02,0x00,0xfe,0x80,0x00,0x00,0x04,0x00,0x00,
0x00,0x00,0x02,0x80,0x03,0x80,0x00,0x03,0x00,0x07,0x00,0x0d,0x00,0x11,0x00,0x00,
0x13,0x11,0x23,0x11,0x05,0x35,0x33,0x15,0x21,0x33,0x11,0x21,0x35,0x33,0x01,0x33,
0x11,0x23,0x80,0x80,0x01,0x80,0x80,0xff,0x00,0x80,0xff,0x00,0x80,0x01,0x00,0x80,
0x80,0x03,0x80,0xff,0x00,0x01,0x00,0x80,0x80,0x80,0xfd,0x00,0x80,0x02,0x80,0xfd,
0x00,0x00,0x00,0x00,0x00,0x05,0x00,0x00,0x00,0x00,0x02,0x80,0x03,0x80,0x00,0x03,
0x00,0x07,0x00,0x0b,0x00,0x0f,0x00,0x13,0x00,0x00,0x01,0x11,0x23,0x11,0x03,0x23,
0x35,0x33,0x05,0x35,0x33,0x15,0x05,0x11,0x23,0x11,0x01,0x23,0x35,0x33,0x01,0x80,
0x80,0x80,0x80,0x80,0x01,0x80,0x80,0xff,0x00,0x80,0x01,0x00,0x80,0x80,0x03,0x80,
0xff,0x00,0x01,0x00,0xff,0x00,0x80,0x80,0x80,0x80,0x80,0xfe,0x80,0x01,0x80,0xfe,
0x00,0x80,0x00,0x00,0x00,0x04,0x00,0x00,0x00,0x00,0x02,0x80,0x03,0x80,0x00,0x03,
0x00,0x07,0x00,0x0b,0x00,0x17,0x00,0x00,0x01,0x33,0x15,0x2b,0x01,0x33,0x15,0x23,
0x25,0x15,0x23,0x35,0x17,0x33,0x11,0x23,0x11,0x21,0x11,0x23,0x11,0x33,0x11,0x21,
0x01,0x00,0x80,0x80,0x80,0x80,0x80,0x01,0x80,0x80,0x80,0x80,0x80,0xfe,0x80,0x80,
0x80,0x01,0x80,0x03,0x80,0x80,0x80,0x80,0x80,0x80,0x80,0xfd,0x80,0x01,0x00,0xff,
0x00,0x02,0x80,0xff,0x00,0x00,0x00,0x00,0x00,0x03,0x00,0x00,0x00,0x00,0x02,0x80,
0x03,0x80,0x00,0x0b,0x00,0x0f,0x00,0x13,0x00,0x00,0x13,0x21,0x15,0x21,0x11,0x21,
0x15,0x21,0x11,0x21,0x15,0x29,0x01,0x33,0x11,0x23,0x13,0x23,0x11,0x33,0x80,0x01,
0x80,0xfe,0x80,0x01,0x80,0xfe,0x00,0x02,0x00,0xfe,0x80,0x01,0x80,0x80,0x80,0x80,
0x80,0x80,0x02,0x00,0x80,0xff,0x00,0x80,0x03,0x80,0x80,0xff,0x00,0xfe,0x80,0x01,
0x00,0x00,0x00,0x00,0x00,0x01,0x00,0x00,0x00,0x00,0x02,0x80,0x03,0x80,0x00,0x05,
0x00,0x00,0x01,0x15,0x21,0x11,0x23,0x11,0x02,0x80,0xfe,0x00,0x80,0x03,0x80,0x80,
0xfd,0x00,0x03,0x80,0x00,0x04,0x00,0x00,0x00,0x00,0x02,0x80,0x03,0x80,0x00,0x03,
0x00,0x07,0x00,0x0b,0x00,0x13,0x00,0x00,0x01,0x11,0x23,0x19,0x02,0x23,0x11,0x01,
0x23,0x11,0x33,0x11,0x33,0x11,0x21,0x11,0x33,0x11,0x21,0x01,0x80,0x80,0x80,0x01,
0x80,0x80,0x80,0x80,0xfd,0x80,0x80,0x01,0x80,0x03,0x80,0xff,0x00,0x01,0x00,0xff,
0x00,0xff,0x00,0x01,0x00,0xff,0x00,0x01,0x00,0xff,0x00,0xfe,0x80,0x01,0x80,0xff,
0x00,0x00,0x00,0x00,0x00,0x01,0x00,0x00,0x00,0x00,0x02,0x80,0x03,0x80,0x00,0x0b,
0x00,0x00,0x13,0x11,0x21,0x15,0x21,0x11,0x21,0x15,0x21,0x11,0x21,0x15,0x80,0x01,
0x80,0xfe,0x80,0x02,0x00,0xfd,0x80,0x02,0x80,0x03,0x00,0xff,0x00,0x80,0xff,0x00,
0x80,0x03,0x80,0x80,0x00,0x05,0x00,0x00,0x00,0x00,0x02,0x80,0x03,0x80,0x00,0x05,
0x00,0x09,0x00,0x0d,0x00,0x11,0x00,0x17,0x00,0x00,0x01,0x11,0x23,0x35,0x21,0x35,
0x01,0x23,0x35,0x33,0x03,0x23,0x35,0x33,0x03,0x23,0x35,0x33,0x01,0x11,0x33,0x15,
0x21,0x15,0x02,0x80,0x80,0xfe,0x00,0x02,0x00,0x80,0x80,0x80,0x80,0x80,0x80,0x80,
0x80,0xff,0x00,0x80,0x02,0x00,0x03,0x80,0xff,0x00,0x80,0x80,0xfe,0x80,0x80,0xff,
0x00,0x80,0xff,0x00,0x80,0xfe,0x80,0x01,0x00,0x80,0x80,0x00,0x00,0x01,0x00,0x00,
0x00,0x00,0x02,0x80,0x03,0x80,0x00,0x0b,0x00,0x00,0x01,0x33,0x11,0x23,0x11,0x21,
0x11,0x23,0x11,0x33,0x11,0x21,0x02,0x00,0x80,0x80,0xfe,0x80,0x80,0x80,0x01,0x80,
0x03,0x80,0xfc,0x80,0x01,0x80,0xfe,0x80,0x03,0x80,0xfe,0x80,0x00,0x03,0x00,0x00,
0x00,0x00,0x02,0x80,0x03,0x80,0x00,0x03,0x00,0x0f,0x00,0x13,0x00,0x00,0x01,0x21,
0x35,0x21,0x15,0x33,0x11,0x23,0x11,0x21,0x11,0x23,0x11,0x33,0x11,0x21,0x01,0x21,
0x15,0x21,0x02,0x00,0xfe,0x80,0x01,0x80,0x80,0x80,0xfe,0x80,0x80,0x80,0x01,0x80,
0xfe,0x80,0x01,0x80,0xfe,0x80,0x03,0x00,0x80,0x80,0xfd,0x80,0x01,0x00,0xff,0x00,
0x02,0x80,0xff,0x00,0xfe,0x80,0x80,0x00,0x00,0x01,0x00,0x80,0x00,0x00,0x02,0x00,
0x03,0x80,0x00,0x0b,0x00,0x00,0x25,0x33,0x15,0x21,0x35,0x33,0x11,0x23,0x35,0x21,
0x15,0x23,0x01,0x80,0x80,0xfe,0x80,0x80,0x80,0x01,0x80,0x80,0x80,0x80,0x80,0x02,
0x80,0x80,0x80,0x00,0x00,0x07,0x00,0x00,0x00,0x00,0x02,0x80,0x03,0x80,0x00,0x07,
0x00,0x0b,0x00,0x0f,0x00,0x13,0x00,0x17,0x00,0x1b,0x00,0x1f,0x00,0x00,0x13,0x33,
0x15,0x23,0x11,0x23,0x11,0x33,0x21,0x33,0x15,0x2b,0x01,0x33,0x15,0x2b,0x01,0x33,
0x15,0x23,0x17,0x15,0x23,0x35,0x05,0x15,0x23,0x35,0x05,0x15,0x23,0x35,0x80,0x80,
0x80,0x80,0x80,0x01,0x80,0x80,0x80,0x80,0x80,0x80,0x80,0x80,0x80,0x80,0x80,0x01,
0x00,0x80,0x01,0x00,0x80,0x02,0x00,0x80,0xfe,0x80,0x03,0x80,0x80,0x80,0x80,0x80,
0x80,0x80,0x80,0x80,0x80,0x80,0x80,0x80,0x00,0x05,0x00,0x00,0x00,0x00,0x02,0x80,
0x03,0x80,0x00,0x03,0x00,0x07,0x00,0x0b,0x00,0x0f,0x00,0x13,0x00,0x00,0x01,0x33,
0x11,0x23,0x03,0x11,0x33,0x11,0x13,0x33,0x11,0x23,0x21,0x33,0x11,0x23,0x01,0x33,
0x11,0x23,0x01,0x00,0x80,0x80,0x80,0x80,0x80,0x80,0x80,0xfe,0x80,0x80,0x80,0x02,
0x00,0x80,0x80,0x03,0x80,0xff,0x00,0xff,0x00,0x01,0x00,0xff,0x00,0x01,0x00,0xff,
0x00,0xfe,0x80,0x01,0x80,0xfe,0x80,0x00,0x00,0x03,0x00,0x00,0x00,0x00,0x02,0x80,
0x03,0x80,0x00,0x07,0x00,0x0f,0x00,0x13,0x00,0x00,0x13,0x15,0x33,0x15,0x23,0x11,
0x23,0x11,0x05,0x35,0x33,0x11,0x23,0x11,0x23,0x35,0x11,0x23,0x35,0x33,0x80,0x80,
0x80,0x80,0x02,0x00,0x80,0x80,0x80,0x80,0x80,0x03,0x80,0x80,0x80,0xfd,0x80,0x03,
0x80,0x80,0x80,0xfc,0x80,0x02,0x80,0x80,0xff,0x00,0x80,0x00,0x00,0x03,0x00,0x00,
0x00,0x00,0x02,0x80,0x03,0x80,0x00,0x07,0x00,0x0f,0x00,0x13,0x00,0x00,0x13,0x15,
0x33,0x15,0x23,0x11,0x23,0x11,0x21,0x33,0x11,0x23,0x11,0x23,0x35,0x33,0x21,0x35,
0x33,0x15,0x80,0x80,0x80,0x80,0x02,0x00,0x80,0x80,0x80,0x80,0xff,0x00,0x80,0x03,
0x80,0x80,0x80,0xfd,0x80,0x03,0x80,0xfc,0x80,0x01,0x80,0x80,0x80,0x80,0x00,0x00,
0x00,0x03,0x00,0x00,0x00,0x00,0x02,0x80,0x03,0x80,0x00,0x03,0x00,0x07,0x00,0x0b,
0x00,0x00,0x01,0x15,0x21,0x35,0x01,0x21,0x35,0x21,0x13,0x15,0x21,0x35,0x02,0x80,
0xfd,0x80,0x02,0x00,0xfe,0x80,0x01,0x80,0x80,0xfd,0x80,0x03,0x80,0x80,0x80,0xfe,
0x00,0x80,0xfe,0x80,0x80,0x80,0x00,0x00,0x00,0x04,0x00,0x00,0x00,0x00,0x02,0x80,
0x03,0x80,0x00,0x03,0x00,0x07,0x00,0x0b,0x00,0x0f,0x00,0x00,0x01,0x21,0x35,0x21,
0x01,0x23,0x11,0x33,0x21,0x33,0x11,0x23,0x29,0x01,0x15,0x21,0x02,0x00,0xfe,0x80,
0x01,0x80,0xfe,0x80,0x80,0x80,0x01,0x80,0x80,0x80,0xfe,0x80,0x01,0x80,0xfe,0x80,
0x03,0x00,0x80,0xfd,0x00,0x02,0x80,0xfd,0x80,0x80,0x00,0x00,0x00,0x01,0x00,0x00,
0x00,0x00,0x02,0x80,0x03,0x80,0x00,0x07,0x00,0x00,0x01,0x11,0x23,0x11,0x21,0x11,
0x23,0x11,0x02,0x80,0x80,0xfe,0x80,0x80,0x03,0x80,0xfc,0x80,0x03,0x00,0xfd,0x00,
0x03,0x80,0x00,0x00,0x00,0x02,0x00,0x00,0x00,0x00,0x02,0x80,0x03,0x80,0x00,0x09,
0x00,0x0d,0x00,0x00,0x13,0x21,0x15,0x21,0x11,0x23,0x11,0x21,0x15,0x29,0x01,0x33,
0x11,0x23,0x80,0x01,0x80,0xfe,0x80,0x80,0x02,0x00,0xfe,0x80,0x01,0x80,0x80,0x80,
0x02,0x00,0x80,0xfe,0x80,0x03,0x80,0x80,0xff,0x00,0x00,0x00,0x00,0x05,0x00,0x00,
0x00,0x00,0x02,0x80,0x03,0x80,0x00,0x05,0x00,0x09,0x00,0x0d,0x00,0x11,0x00,0x17,
0x00,0x00,0x13,0x15,0x23,0x11,0x21,0x15,0x05,0x15,0x23,0x35,0x05,0x15,0x23,0x35,
0x11,0x23,0x35,0x33,0x01,0x11,0x33,0x15,0x21,0x15,0x80,0x80,0x02,0x80,0xfe,0x80,
0x80,0x01,0x00,0x80,0x80,0x80,0xff,0x00,0x80,0x02,0x00,0x03,0x00,0x80,0x01,0x00,
0x80,0x80,0x80,0x80,0x80,0x80,0x80,0xff,0x00,0x80,0xfe,0x80,0x01,0x00,0x80,0x80,
0x00,0x01,0x00,0x00,0x00,0x00,0x02,0x80,0x03,0x80,0x00,0x07,0x00,0x00,0x01,0x15,
0x21,0x11,0x23,0x11,0x21,0x35,0x02,0x80,0xff,0x00,0x80,0xff,0x00,0x03,0x80,0x80,
0xfd,0x00,0x03,0x00,0x80,0x00,0x00,0x00,0x00,0x03,0x00,0x00,0x00,0x00,0x02,0x80,
0x03,0x80,0x00,0x03,0x00,0x07,0x00,0x13,0x00,0x00,0x11,0x33,0x11,0x23,0x01,0x33,
0x11,0x23,0x05,0x33,0x35,0x33,0x11,0x23,0x11,0x23,0x11,0x23,0x11,0x33,0x80,0x80,
0x02,0x00,0x80,0x80,0xff,0x00,0x80,0x80,0x80,0x80,0x80,0x80,0x03,0x80,0xff,0x00,
0x01,0x00,0xff,0x00,0x80,0x80,0xff,0x00,0xfe,0x80,0x01,0x80,0x01,0x00,0x00,0x00,
0x00,0x03,0x00,0x00,0xff,0x80,0x02,0x80,0x03,0x80,0x00,0x13,0x00,0x17,0x00,0x1b,
0x00,0x00,0x25,0x33,0x15,0x23,0x15,0x23,0x35,0x23,0x35,0x33,0x11,0x23,0x35,0x33,
0x35,0x33,0x15,0x33,0x15,0x23,0x01,0x23,0x11,0x33,0x21,0x33,0x11,0x23,0x01,0x80,
0x80,0x80,0x80,0x80,0x80,0x80,0x80,0x80,0x80,0x80,0xff,0x00,0x80,0x80,0x01,0x80,
0x80,0x80,0x80,0x80,0x80,0x80,0x80,0x02,0x00,0x80,0x80,0x80,0x80,0xfe,0x00,0x02,
0x00,0xfe,0x00,0x00,0x00,0x09,0x00,0x00,0x00,0x00,0x02,0x80,0x03,0x80,0x00,0x03,
0x00,0x07,0x00,0x0b,0x00,0x0f,0x00,0x13,0x00,0x17,0x00,0x1b,0x00,0x1f,0x00,0x23,
0x00,0x00,0x11,0x33,0x11,0x23,0x01,0x33,0x11,0x23,0x05,0x35,0x33,0x15,0x21,0x23,
0x35,0x33,0x03,0x23,0x35,0x33,0x03,0x23,0x35,0x33,0x21,0x15,0x23,0x35,0x01,0x11,
0x33,0x11,0x21,0x23,0x11,0x33,0x80,0x80,0x02,0x00,0x80,0x80,0xfe,0x80,0x80,0x01,
0x00,0x80,0x80,0x80,0x80,0x80,0x80,0x80,0x80,0x01,0x00,0x80,0xfe,0x80,0x80,0x02,
0x00,0x80,0x80,0x03,0x80,0xff,0x00,0x01,0x00,0xff,0x00,0x80,0x80,0x80,0x80,0xff,
0x00,0x80,0xff,0x00,0x80,0x80,0x80,0xfe,0x80,0x01,0x00,0xff,0x00,0x01,0x00,0x00,
0x00,0x03,0x00,0x00,0x00,0x00,0x02,0x80,0x03,0x80,0x00,0x03,0x00,0x0f,0x00,0x13,
0x00,0x00,0x13,0x23,0x11,0x33,0x01,0x33,0x15,0x23,0x15,0x23,0x35,0x23,0x35,0x33,
0x11,0x3b,0x02,0x11,0x23,0x80,0x80,0x80,0x01,0x00,0x80,0x80,0x80,0x80,0x80,0x80,
0x80,0x80,0x80,0x01,0x00,0x02,0x80,0xfd,0x80,0x80,0x80,0x80,0x80,0x02,0x80,0xfd,
0x80,0x00,0x00,0x00,0x00,0x05,0x00,0x00,0x00,0x00,0x02,0x80,0x03,0x80,0x00,0x03,
0x00,0x07,0x00,0x0b,0x00,0x11,0x00,0x17,0x00,0x00,0x01,0x15,0x21,0x35,0x07,0x33,
0x11,0x23,0x01,0x33,0x11,0x23,0x01,0x35,0x33,0x35,0x33,0x11,0x33,0x11,0x33,0x15,
0x33,0x15,0x02,0x00,0xfe,0x80,0x80,0x80,0x80,0x02,0x00,0x80,0x80,0xfe,0x00,0x80,
0x80,0x80,0x80,0x80,0x03,0x80,0x80,0x80,0x80,0xfe,0x00,0x02,0x00,0xfe,0x00,0xff,
0x00,0x80,0x80,0xff,0x00,0x01,0x00,0x80,0x80,0x00,0x00,0x00,0x00,0x03,0x00,0x80,
0x00,0x00,0x02,0x00,0x03,0x80,0x00,0x03,0x00,0x07,0x00,0x13,0x00,0x00,0x13,0x33,
0x15,0x23,0x21,0x35,0x33,0x15,0x05,0x21,0x15,0x23,0x11,0x33,0x15,0x21,0x35,0x33,
0x11,0x23,0x80,0x80,0x80,0x01,0x00,0x80,0xfe,0x80,0x01,0x80,0x80,0x80,0xfe,0x80,
0x80,0x80,0x03,0x80,0x80,0x80,0x80,0x80,0x80,0xfe,0x80,0x80,0x80,0x01,0x80,0x00,
0x00,0x05,0x00,0x00,0x00,0x00,0x02,0x80,0x03,0x80,0x00,0x03,0x00,0x07,0x00,0x0b,
0x00,0x0f,0x00,0x1b,0x00,0x00,0x13,0x33,0x15,0x23,0x25,0x33,0x15,0x23,0x01,0x35,
0x33,0x15,0x21,0x35,0x33,0x15,0x05,0x33,0x35,0x33,0x11,0x23,0x11,0x23,0x11,0x23,
0x11,0x33,0x80,0x80,0x80,0x01,0x00,0x80,0x80,0xfe,0x80,0x80,0x01,0x80,0x80,0xfe,
0x80,0x80,0x80,0x80,0x80,0x80,0x80,0x03,0x80,0x80,0x80,0x80,0xff,0x00,0x80,0x80,
0x80,0x80,0x80,0x80,0xff,0x00,0xff,0x00,0x01,0x00,0x01,0x00,0x00,0x07,0x00,0x00,
0x00,0x00,0x02,0x80,0x03,0x80,0x00,0x03,0x00,0x09,0x00,0x0d,0x00,0x11,0x00,0x15,
0x00,0x19,0x00,0x1d,0x00,0x00,0x01,0x33,0x15,0x23,0x11,0x21,0x35,0x33,0x35,0x33,
0x17,0x33,0x15,0x23,0x21,0x11,0x23,0x11,0x21,0x11,0x23,0x11,0x01,0x35,0x21,0x15,
0x25,0x15,0x23,0x35,0x01,0x80,0x80,0x80,0xff,0x00,0x80,0x80,0x80,0x80,0x80,0xfe,
0x80,0x80,0x02,0x00,0x80,0xff,0x00,0x01,0x00,0x01,0x00,0x80,0x03,0x80,0x80,0xff,
0x00,0x80,0x80,0x80,0x80,0xfe,0x80,0x01,0x80,0xfe,0x80,0x01,0x80,0xfe,0x00,0x80,
0x80,0x80,0x80,0x80,0x00,0x08,0x00,0x00,0x00,0x00,0x02,0x80,0x03,0x80,0x00,0x03,
0x00,0x0b,0x00,0x0f,0x00,0x13,0x00,0x17,0x00,0x1b,0x00,0x1f,0x00,0x23,0x00,0x00,
0x01,0x33,0x15,0x23,0x31,0x15,0x33,0x15,0x21,0x35,0x33,0x35,0x03,0x23,0x35,0x33,
0x21,0x15,0x23,0x35,0x03,0x21,0x35,0x21,0x01,0x23,0x35,0x33,0x21,0x33,0x15,0x23,
0x05,0x35,0x21,0x15,0x01,0x80,0x80,0x80,0x80,0xfe,0x80,0x80,0x80,0x80,0x80,0x02,
0x00,0x80,0x80,0xff,0x00,0x01,0x00,0xff,0x00,0x80,0x80,0x01,0x80,0x80,0x80,0xfe,
0x80,0x01,0x80,0x03,0x80,0x80,0x80,0x80,0x80,0x80,0xfe,0x80,0x80,0x80,0x80,0xff,
0x00,0x80,0xff,0x00,0x80,0x80,0x80,0x80,0x80,0x00,0x00,0x00,0x00,0x05,0x00,0x00,
0xff,0x80,0x02,0x80,0x03,0x80,0x00,0x03,0x00,0x09,0x00,0x0d,0x00,0x11,0x00,0x15,
0x00,0x00,0x01,0x33,0x15,0x23,0x31,0x15,0x33,0x15,0x21,0x11,0x01,0x35,0x33,0x15,
0x31,0x33,0x11,0x23,0x01,0x33,0x11,0x23,0x01,0x80,0x80,0x80,0x80,0xff,0x00,0xff,
0x00,0x80,0x80,0x80,0x01,0x80,0x80,0x80,0x03,0x80,0x80,0x80,0x80,0x01,0x00,0xff,
0x00,0x80,0x80,0xfe,0x00,0x02,0x00,0xfd,0x80,0x00,0x00,0x00,0x00,0x04,0x00,0x80,
0x00,0x00,0x02,0x00,0x03,0x80,0x00,0x03,0x00,0x07,0x00,0x0b,0x00,0x0f,0x00,0x00,
0x13,0x33,0x15,0x23,0x21,0x15,0x23,0x35,0x13,0x11,0x23,0x11,0x13,0x35,0x33,0x15,
0x80,0x80,0x80,0x01,0x00,0x80,0x80,0x80,0x80,0x80,0x03,0x80,0x80,0x80,0x80,0xff,
0x00,0xfe,0x80,0x01,0x80,0xfe,0x00,0x80,0x80,0x00,0x00,0x00,0x00,0x07,0x00,0x00,
0x00,0x00,0x02,0x80,0x03,0x80,0x00,0x03,0x00,0x07,0x00,0x0b,0x00,0x0f,0x00,0x13,
0x00,0x17,0x00,0x1b,0x00,0x00,0x01,0x11,0x23,0x11,0x05,0x33,0x15,0x23,0x21,0x35,
0x33,0x15,0x05,0x11,0x23,0x11,0x05,0x35,0x33,0x15,0x19,0x01,0x33,0x11,0x29,0x01,
0x15,0x21,0x01,0x80,0x80,0xff,0x00,0x80,0x80,0x02,0x00,0x80,0xfe,0x00,0x80,0x01,
0x80,0x80,0x80,0xfe,0x00,0x01,0x80,0xfe,0x80,0x03,0x80,0xff,0x00,0x01,0x00,0x80,
0x80,0x80,0x80,0x80,0xfe,0x80,0x01,0x80,0x80,0x80,0x80,0xff,0x00,0x01,0x00,0xff,
0x00,0x80,0x00,0x00,0x00,0x06,0x00,0x00,0x00,0x00,0x02,0x80,0x02,0x80,0x00,0x03,
0x00,0x07,0x00,0x0b,0x00,0x0f,0x00,0x13,0x00,0x17,0x00,0x00,0x01,0x15,0x21,0x35,
0x21,0x33,0x15,0x23,0x21,0x11,0x23,0x11,0x21,0x11,0x23,0x11,0x01,0x35,0x21,0x15,
0x25,0x15,0x23,0x35,0x01,0x80,0xff,0x00,0x01,0x80,0x80,0x80,0xfe,0x80,0x80,0x02,
0x00,0x80,0xff,0x00,0x01,0x00,0x01,0x00,0x80,0x02,0x80,0x80,0x80,0x80,0xfe,0x80,
0x01,0x80,0xfe,0x80,0x01,0x80,0xfe,0x00,0x80,0x80,0x80,0x80,0x80,0x00,0x00,0x00,
0x00,0x05,0x00,0x00,0xff,0x80,0x02,0x80,0x02,0x80,0x00,0x03,0x00,0x0b,0x00,0x0f,
0x00,0x13,0x00,0x17,0x00,0x00,0x01,0x21,0x35,0x21,0x01,0x21,0x15,0x21,0x15,0x23,
0x11,0x33,0x21,0x15,0x23,0x35,0x05,0x21,0x15,0x29,0x01,0x15,0x23,0x35,0x02,0x00,
0xfe,0x80,0x01,0x80,0xfe,0x80,0x01,0x80,0xfe,0x80,0x80,0x80,0x02,0x00,0x80,0xff,
0x00,0x01,0x00,0xff,0x00,0x01,0x80,0x80,0x02,0x00,0x80,0xfe,0x00,0x80,0x80,0x02,
0x80,0x80,0x80,0x80,0x80,0x80,0x80,0x00,0x00,0x04,0x00,0x00,0xff,0x80,0x02,0x80,
0x02,0x80,0x00,0x03,0x00,0x07,0x00,0x0b,0x00,0x15,0x00,0x00,0x11,0x33,0x11,0x23,
0x25,0x35,0x33,0x15,0x31,0x33,0x11,0x23,0x25,0x15,0x21,0x15,0x23,0x11,0x23,0x11,
0x23,0x11,0x80,0x80,0x01,0x80,0x80,0x80,0x80,0xff,0x00,0x01,0x00,0x80,0x80,0x80,
0x02,0x80,0xff,0x00,0x80,0x80,0x80,0xff,0x00,0x80,0x80,0x80,0xff,0x00,0x01,0x00,
0x01,0x00,0x00,0x00,0x00,0x07,0x00,0x00,0x00,0x00,0x02,0x80,0x03,0x00,0x00,0x03,
0x00,0x07,0x00,0x0b,0x00,0x0f,0x00,0x13,0x00,0x17,0x00,0x1b,0x00,0x00,0x01,0x21,
0x35,0x21,0x01,0x35,0x33,0x15,0x05,0x21,0x35,0x21,0x05,0x33,0x15,0x23,0x05,0x23,
0x11,0x33,0x01,0x35,0x33,0x15,0x31,0x21,0x15,0x21,0x02,0x80,0xfe,0x80,0x01,0x80,
0xfe,0x00,0x80,0x01,0x00,0xff,0x00,0x01,0x00,0xfe,0x80,0x80,0x80,0x02,0x00,0x80,
0x80,0xfd,0x80,0x80,0x01,0x80,0xfe,0x80,0x02,0x80,0x80,0xff,0x00,0x80,0x80,0x80,
0x80,0x80,0x80,0x80,0x01,0x00,0xff,0x00,0x80,0x80,0x80,0x00,0x00,0x07,0x00,0x00,
0x00,0x00,0x02,0x80,0x02,0x80,0x00,0x03,0x00,0x07,0x00,0x0b,0x00,0x0f,0x00,0x13,
0x00,0x17,0x00,0x1b,0x00,0x00,0x01,0x15,0x21,0x35,0x11,0x23,0x35,0x33,0x21,0x15,
0x23,0x35,0x03,0x21,0x35,0x21,0x01,0x23,0x35,0x33,0x21,0x33,0x15,0x23,0x05,0x35,
0x21,0x15,0x02,0x00,0xfe,0x80,0x80,0x80,0x02,0x00,0x80,0x80,0xff,0x00,0x01,0x00,
0xff,0x00,0x80,0x80,0x01,0x80,0x80,0x80,0xfe,0x80,0x01,0x80,0x02,0x80,0x80,0x80,
0xff,0x00,0x80,0x80,0x80,0xff,0x00,0x80,0xff,0x00,0x80,0x80,0x80,0x80,0x80,0x00,
0x00,0x05,0x00,0x80,0xff,0x80,0x02,0x80,0x03,0x00,0x00,0x07,0x00,0x0b,0x00,0x0f,
0x00,0x13,0x00,0x17,0x00,0x00,0x01,0x23,0x15,0x23,0x35,0x21,0x35,0x21,0x01,0x33,
0x15,0x2b,0x01,0x33,0x11,0x23,0x05,0x21,0x35,0x21,0x17,0x15,0x23,0x35,0x02,0x80,
0x80,0x80,0xff,0x00,0x02,0x00,0xfe,0x80,0x80,0x80,0x80,0x80,0x80,0x01,0x80,0xff,
0x00,0x01,0x00,0x80,0x80,0x02,0x80,0x80,0x80,0x80,0xff,0x00,0x80,0xff,0x00,0x80,
0x80,0x80,0x80,0x80,0x00,0x04,0x00,0x00,0xff,0x80,0x02,0x80,0x02,0x80,0x00,0x03,
0x00,0x07,0x00,0x0b,0x00,0x0f,0x00,0x00,0x11,0x35,0x33,0x15,0x37,0x21,0x15,0x21,
0x23,0x33,0x11,0x23,0x01,0x33,0x11,0x23,0x80,0x80,0x01,0x00,0xff,0x00,0x80,0x80,
0x80,0x01,0x80,0x80,0x80,0x02,0x00,0x80,0x80,0x80,0x80,0xfe,0x00,0x02,0x00,0xfd,
0x80,0x00,0x00,0x00,0x00,0x03,0x00,0x00,0x00,0x00,0x02,0x80,0x02,0x80,0x00,0x03,
0x00,0x0f,0x00,0x13,0x00,0x00,0x01,0x21,0x35,0x21,0x11,0x35,0x33,0x11,0x23,0x35,
0x21,0x15,0x23,0x11,0x33,0x15,0x11,0x21,0x15,0x21,0x02,0x00,0xfe,0x80,0x01,0x80,
0x80,0x80,0xfe,0x80,0x80,0x80,0x01,0x80,0xfe,0x80,0x02,0x00,0x80,0xff,0x00,0x80,
0xfe,0x80,0x80,0x80,0x01,0x80,0x80,0xff,0x00,0x80,0x00,0x00,0x00,0x02,0x01,0x00,
0x00,0x00,0x02,0x00,0x02,0x80,0x00,0x03,0x00,0x07,0x00,0x00,0x25,0x23,0x11,0x33,
0x11,0x35,0x33,0x15,0x01,0x80,0x80,0x80,0x80,0x80,0x02,0x00,0xfd,0x80,0x80,0x80,
0x00,0x06,0x00,0x00,0x00,0x00,0x02,0x80,0x02,0x80,0x00,0x07,0x00,0x0b,0x00,0x0f,
0x00,0x13,0x00,0x17,0x00,0x1b,0x00,0x00,0x13,0x33,0x15,0x23,0x15,0x23,0x11,0x33,
0x21,0x33,0x15,0x2b,0x01,0x33,0x15,0x23,0x07,0x35,0x33,0x15,0x33,0x15,0x23,0x35,
0x05,0x15,0x23,0x35,0x80,0x80,0x80,0x80,0x80,0x01,0x80,0x80,0x80,0x80,0x80,0x80,
0x80,0x80,0x80,0x80,0x01,0x00,0x80,0x01,0x00,0x80,0x80,0x02,0x80,0x80,0x80,0x80,
0x80,0x80,0x80,0x80,0x80,0x80,0x80,0x00,0x00,0x06,0x00,0x00,0x00,0x00,0x02,0x80,
0x03,0x00,0x00,0x03,0x00,0x07,0x00,0x0d,0x00,0x11,0x00,0x15,0x00,0x19,0x00,0x00,
0x11,0x21,0x15,0x21,0x05,0x35,0x33,0x15,0x31,0x33,0x11,0x21,0x35,0x33,0x03,0x23,
0x35,0x33,0x21,0x33,0x11,0x23,0x21,0x23,0x35,0x33,0x01,0x00,0xff,0x00,0x01,0x00,
0x80,0x80,0xff,0x00,0x80,0x80,0x80,0x80,0x01,0x00,0x80,0x80,0xfe,0x80,0x80,0x80,
0x03,0x00,0x80,0x80,0x80,0x80,0xff,0x00,0x80,0xff,0x00,0x80,0xff,0x00,0x80,0x00,
0x00,0x03,0x00,0x00,0xff,0x80,0x02,0x80,0x02,0x80,0x00,0x07,0x00,0x0b,0x00,0x0f,
0x00,0x00,0x13,0x33,0x15,0x23,0x11,0x23,0x11,0x33,0x21,0x33,0x11,0x23,0x05,0x35,
0x21,0x15,0x80,0x80,0x80,0x80,0x80,0x01,0x80,0x80,0x80,0xff,0x00,0x01,0x00,0x01,
0x00,0x80,0xff,0x00,0x03,0x00,0xfe,0x00,0x80,0x80,0x80,0x00,0x00,0x05,0x00,0x00,
0x00,0x00,0x02,0x80,0x02,0x80,0x00,0x03,0x00,0x07,0x00,0x0b,0x00,0x0f,0x00,0x13,
0x00,0x00,0x11,0x33,0x11,0x23,0x01,0x33,0x11,0x23,0x25,0x33,0x11,0x23,0x21,0x23,
0x35,0x33,0x03,0x23,0x35,0x33,0x80,0x80,0x02,0x00,0x80,0x80,0xfe,0x80,0x80,0x80,
0x01,0x80,0x80,0x80,0x80,0x80,0x80,0x02,0x80,0xff,0x00,0x01,0x00,0xfe,0x80,0x80,
0xff,0x00,0x80,0xff,0x00,0x80,0x00,0x00,0x00,0x05,0x00,0x00,0xff,0x80,0x02,0x80,
0x03,0x00,0x00,0x07,0x00,0x0b,0x00,0x0f,0x00,0x13,0x00,0x19,0x00,0x00,0x01,0x21,
0x35,0x23,0x35,0x21,0x15,0x23,0x01,0x35,0x33,0x1d,0x01,0x35,0x21,0x15,0x05,0x23,
0x35,0x33,0x11,0x35,0x21,0x11,0x23,0x35,0x02,0x00,0xfe,0x80,0x80,0x02,0x80,0x80,
0xfe,0x00,0x80,0x01,0x80,0xfe,0x80,0x80,0x80,0x02,0x00,0x80,0x02,0x00,0x80,0x80,
0x80,0xff,0x00,0x80,0x80,0x80,0x80,0x80,0x80,0x80,0xff,0x00,0x80,0xff,0x00,0x80,
0x00,0x04,0x00,0x00,0x00,0x00,0x02,0x80,0x02,0x80,0x00,0x03,0x00,0x07,0x00,0x0b,
0x00,0x0f,0x00,0x00,0x01,0x21,0x35,0x21,0x05,0x11,0x23,0x11,0x21,0x33,0x11,0x23,
0x29,0x01,0x15,0x21,0x02,0x00,0xfe,0x80,0x01,0x80,0xfe,0x80,0x80,0x02,0x00,0x80,
0x80,0xfe,0x80,0x01,0x80,0xfe,0x80,0x02,0x00,0x80,0x80,0xfe,0x80,0x01,0x80,0xfe,
0x80,0x80,0x00,0x00,0x00,0x02,0x00,0x00,0x00,0x00,0x02,0x80,0x02,0x80,0x00,0x0b,
0x00,0x0f,0x00,0x00,0x01,0x11,0x23,0x11,0x23,0x11,0x23,0x11,0x23,0x35,0x21,0x15,
0x11,0x15,0x23,0x35,0x02,0x00,0x80,0x80,0x80,0x80,0x02,0x80,0x80,0x02,0x00,0xfe,
0x80,0x01,0x80,0xfe,0x00,0x02,0x00,0x80,0x80,0xfe,0x80,0x80,0x80,0x00,0x00,0x00,
0x00,0x04,0x00,0x00,0xff,0x80,0x02,0x80,0x02,0x80,0x00,0x03,0x00,0x0b,0x00,0x0f,
0x00,0x13,0x00,0x00,0x01,0x21,0x35,0x21,0x01,0x33,0x15,0x23,0x11,0x23,0x11,0x33,
0x21,0x33,0x11,0x23,0x05,0x35,0x21,0x15,0x02,0x00,0xfe,0x80,0x01,0x80,0xfe,0x80,
0x80,0x80,0x80,0x80,0x01,0x80,0x80,0x80,0xff,0x00,0x01,0x00,0x02,0x00,0x80,0xfe,
0x80,0x80,0xff,0x00,0x02,0x80,0xfe,0x80,0x80,0x80,0x80,0x00,0x00,0x05,0x00,0x00,
0xff,0x80,0x02,0x80,0x02,0x80,0x00,0x03,0x00,0x07,0x00,0x0b,0x00,0x0f,0x00,0x13,
0x00,0x00,0x01,0x15,0x21,0x35,0x07,0x33,0x11,0x23,0x01,0x15,0x23,0x35,0x01,0x35,
0x21,0x15,0x33,0x15,0x23,0x35,0x02,0x00,0xfe,0x80,0x80,0x80,0x80,0x02,0x80,0x80,
0xfe,0x80,0x01,0x80,0x80,0x80,0x02,0x80,0x80,0x80,0x80,0xfe,0x80,0x01,0x80,0x80,
0x80,0xfe,0x00,0x80,0x80,0x80,0x80,0x00,0x00,0x04,0x00,0x00,0x00,0x00,0x02,0x80,
0x02,0x80,0x00,0x07,0x00,0x0b,0x00,0x0f,0x00,0x13,0x00,0x00,0x01,0x15,0x23,0x15,
0x23,0x35,0x21,0x35,0x15,0x11,0x23,0x11,0x01,0x23,0x11,0x33,0x01,0x21,0x15,0x21,
0x02,0x80,0x80,0x80,0xff,0x00,0x80,0x02,0x80,0x80,0x80,0xfe,0x00,0x01,0x80,0xfe,
0x80,0x02,0x80,0x80,0x80,0x80,0x80,0x80,0xfe,0x80,0x01,0x80,0xfe,0x80,0x01,0x00,
0xff,0x00,0x80,0x00,0x00,0x02,0x00,0x00,0x00,0x00,0x02,0x80,0x02,0x80,0x00,0x07,
0x00,0x0b,0x00,0x00,0x01,0x15,0x21,0x11,0x23,0x11,0x21,0x35,0x01,0x15,0x23,0x35,
0x02,0x80,0xff,0x00,0x80,0xff,0x00,0x02,0x00,0x80,0x02,0x80,0x80,0xfe,0x80,0x01,
0x80,0x80,0xfe,0x00,0x80,0x80,0x00,0x00,0x00,0x04,0x00,0x00,0x00,0x00,0x02,0x80,
0x02,0x80,0x00,0x03,0x00,0x07,0x00,0x0b,0x00,0x0f,0x00,0x00,0x37,0x23,0x11,0x33,
0x05,0x35,0x33,0x15,0x31,0x33,0x11,0x23,0x29,0x01,0x15,0x21,0x80,0x80,0x80,0x01,
0x00,0x80,0x80,0x80,0xfe,0x80,0x01,0x80,0xfe,0x80,0x80,0x02,0x00,0x80,0x80,0x80,
0xfe,0x80,0x80,0x00,0x00,0x03,0x00,0x00,0xff,0x80,0x02,0x80,0x03,0x00,0x00,0x13,
0x00,0x17,0x00,0x1b,0x00,0x00,0x25,0x33,0x15,0x23,0x15,0x23,0x35,0x23,0x35,0x33,
0x11,0x23,0x35,0x33,0x35,0x33,0x15,0x33,0x15,0x23,0x21,0x11,0x23,0x11,0x21,0x33,
0x11,0x23,0x01,0x80,0x80,0x80,0x80,0x80,0x80,0x80,0x80,0x80,0x80,0x80,0xff,0x00,
0x80,0x02,0x00,0x80,0x80,0x80,0x80,0x80,0x80,0x80,0x01,0x80,0x80,0x80,0x80,0x80,
0xfe,0x80,0x01,0x80,0xfe,0x80,0x00,0x00,0x00,0x07,0x00,0x00,0x00,0x00,0x02,0x80,
0x02,0x80,0x00,0x05,0x00,0x09,0x00,0x0d,0x00,0x11,0x00,0x15,0x00,0x1b,0x00,0x1f,
0x00,0x00,0x01,0x11,0x23,0x35,0x23,0x35,0x21,0x33,0x15,0x2b,0x01,0x33,0x15,0x23,
0x07,0x35,0x33,0x15,0x07,0x23,0x35,0x33,0x13,0x11,0x33,0x15,0x33,0x15,0x21,0x23,
0x35,0x33,0x01,0x00,0x80,0x80,0x02,0x00,0x80,0x80,0x80,0x80,0x80,0x80,0x80,0x80,
0x80,0x80,0x80,0x80,0x80,0xfe,0x00,0x80,0x80,0x02,0x80,0xff,0x00,0x80,0x80,0x80,
0x80,0x80,0x80,0x80,0x80,0x80,0xff,0x00,0x01,0x00,0x80,0x80,0x80,0x00,0x00,0x00,
0x00,0x03,0x00,0x00,0xff,0x80,0x02,0x80,0x03,0x00,0x00,0x0b,0x00,0x0f,0x00,0x13,
0x00,0x00,0x25,0x33,0x15,0x23,0x15,0x23,0x35,0x23,0x35,0x33,0x11,0x33,0x01,0x23,
0x11,0x33,0x05,0x33,0x11,0x23,0x01,0x80,0x80,0x80,0x80,0x80,0x80,0x80,0xff,0x00,
0x80,0x80,0x01,0x80,0x80,0x80,0x80,0x80,0x80,0x80,0x80,0x02,0x80,0xfd,0x80,0x02,
0x00,0x80,0xfe,0x80,0x00,0x07,0x00,0x00,0x00,0x00,0x02,0x80,0x02,0x80,0x00,0x03,
0x00,0x07,0x00,0x0b,0x00,0x0f,0x00,0x13,0x00,0x17,0x00,0x1b,0x00,0x00,0x13,0x33,
0x15,0x23,0x21,0x35,0x33,0x15,0x21,0x11,0x23,0x11,0x21,0x33,0x11,0x23,0x01,0x33,
0x11,0x23,0x15,0x23,0x35,0x33,0x05,0x23,0x35,0x33,0x80,0x80,0x80,0x01,0x00,0x80,
0xfe,0x80,0x80,0x02,0x00,0x80,0x80,0xff,0x00,0x80,0x80,0x80,0x80,0x01,0x00,0x80,
0x80,0x02,0x80,0x80,0x80,0x80,0xfe,0x80,0x01,0x80,0xfe,0x80,0x01,0x00,0xff,0x00,
0x80,0x80,0x80,0x80,0x00,0x04,0x00,0x80,0x00,0x00,0x02,0x00,0x03,0x80,0x00,0x03,
0x00,0x07,0x00,0x0b,0x00,0x0f,0x00,0x00,0x13,0x33,0x15,0x23,0x21,0x35,0x33,0x15,
0x03,0x23,0x11,0x33,0x13,0x23,0x35,0x33,0x80,0x80,0x80,0x01,0x00,0x80,0x80,0x80,
0x80,0x80,0x80,0x80,0x03,0x80,0x80,0x80,0x80,0xfd,0x80,0x02,0x00,0xfd,0x80,0x80,
0x00,0x06,0x00,0x00,0x00,0x00,0x02,0x80,0x03,0x80,0x00,0x03,0x00,0x07,0x00,0x0b,
0x00,0x0f,0x00,0x13,0x00,0x17,0x00,0x00,0x13,0x33,0x15,0x23,0x25,0x33,0x15,0x23,
0x01,0x23,0x11,0x33,0x05,0x35,0x33,0x15,0x31,0x33,0x11,0x23,0x29,0x01,0x15,0x21,
0x80,0x80,0x80,0x01,0x00,0x80,0x80,0xff,0x00,0x80,0x80,0x01,0x00,0x80,0x80,0x80,
0xfe,0x80,0x01,0x80,0xfe,0x80,0x03,0x80,0x80,0x80,0x80,0xfd,0x80,0x02,0x00,0x80,
0x80,0x80,0xfe,0x80,0x80,0x00,0x00,0x00,0x00,0x05,0x00,0x00,0x00,0x00,0x02,0x80,
0x03,0x80,0x00,0x03,0x00,0x0b,0x00,0x0f,0x00,0x13,0x00,0x17,0x00,0x00,0x01,0x33,
0x15,0x23,0x13,0x21,0x35,0x33,0x35,0x33,0x15,0x33,0x05,0x11,0x23,0x11,0x21,0x33,
0x11,0x23,0x29,0x01,0x15,0x21,0x01,0x80,0x80,0x80,0x80,0xfe,0x80,0x80,0x80,0x80,
0xfe,0x80,0x80,0x02,0x00,0x80,0x80,0xfe,0x80,0x01,0x80,0xfe,0x80,0x03,0x80,0x80,
0xff,0x00,0x80,0x80,0x80,0x80,0xfe,0x80,0x01,0x80,0xfe,0x80,0x80,0x00,0x00,0x00,
0x00,0x06,0x00,0x00,0x00,0x00,0x02,0x80,0x03,0x80,0x00,0x03,0x00,0x07,0x00,0x0b,
0x00,0x0f,0x00,0x13,0x00,0x17,0x00,0x00,0x01,0x33,0x15,0x2b,0x01,0x33,0x15,0x23,
0x03,0x23,0x11,0x33,0x01,0x35,0x33,0x15,0x31,0x33,0x11,0x23,0x29,0x01,0x15,0x21,
0x01,0x80,0x80,0x80,0x80,0x80,0x80,0x80,0x80,0x80,0x01,0x00,0x80,0x80,0x80,0xfe,
0x80,0x01,0x80,0xfe,0x80,0x03,0x80,0x80,0x80,0xfe,0x00,0x02,0x00,0xff,0x00,0x80,
0x80,0xff,0x00,0x80,0x00,0x07,0x00,0x00,0x00,0x00,0x02,0x80,0x03,0x80,0x00,0x03,
0x00,0x07,0x00,0x0b,0x00,0x0f,0x00,0x13,0x00,0x17,0x00,0x1b,0x00,0x00,0x01,0x33,
0x15,0x2b,0x01,0x33,0x15,0x23,0x07,0x11,0x23,0x11,0x21,0x33,0x11,0x23,0x01,0x33,
0x11,0x23,0x15,0x23,0x35,0x33,0x05,0x23,0x35,0x33,0x01,0x80,0x80,0x80,0x80,0x80,
0x80,0x80,0x80,0x02,0x00,0x80,0x80,0xff,0x00,0x80,0x80,0x80,0x80,0x01,0x00,0x80,
0x80,0x03,0x80,0x80,0x80,0x80,0xfe,0x80,0x01,0x80,0xfe,0x80,0x01,0x00,0xff,0x00,
0x80,0x80,0x80,0x80,0x00,0x01,0x00,0x00,0x00,0x00,0x02,0x80,0x03,0x80,0x00,0x13,
0x00,0x00,0x13,0x15,0x21,0x15,0x21,0x11,0x21,0x15,0x21,0x11,0x33,0x35,0x33,0x15,
0x33,0x35,0x33,0x15,0x33,0x15,0x80,0x01,0x80,0xfe,0x80,0x02,0x00,0xfd,0x80,0x80,
0x80,0x80,0x80,0x80,0x02,0x80,0x80,0x80,0xff,0x00,0x80,0x03,0x00,0x80,0x80,0x80,
0x80,0x80,0x00,0x00,0x00,0x04,0x00,0x00,0x00,0x00,0x02,0x80,0x03,0x80,0x00,0x03,
0x00,0x07,0x00,0x0b,0x00,0x17,0x00,0x00,0x01,0x33,0x15,0x2b,0x01,0x33,0x15,0x23,
0x25,0x15,0x23,0x35,0x17,0x33,0x11,0x23,0x11,0x21,0x11,0x23,0x11,0x33,0x11,0x21,
0x01,0x00,0x80,0x80,0x80,0x80,0x80,0x01,0x80,0x80,0x80,0x80,0x80,0xfe,0x80,0x80,
0x80,0x01,0x80,0x03,0x80,0x80,0x80,0x80,0x80,0x80,0x80,0xfd,0x80,0x01,0x00,0xff,
0x00,0x02,0x80,0xff,0x00,0x00,0x00,0x00,0x00,0x02,0x00,0x00,0x00,0x00,0x02,0x80,
0x03,0x80,0x00,0x0b,0x00,0x0f,0x00,0x00,0x13,0x11,0x21,0x15,0x21,0x11,0x21,0x15,
0x21,0x11,0x21,0x15,0x11,0x23,0x11,0x33,0x80,0x01,0x80,0xfe,0x80,0x01,0x80,0xfe,
0x00,0x02,0x80,0x80,0x80,0x03,0x00,0xff,0x00,0x80,0xff,0x00,0x80,0x03,0x80,0x80,
0xfd,0x80,0x01,0x00,0x00,0x03,0x00,0x00,0x00,0x00,0x02,0x80,0x03,0x80,0x00,0x0b,
0x00,0x0f,0x00,0x13,0x00,0x00,0x13,0x21,0x15,0x21,0x11,0x21,0x15,0x21,0x11,0x21,
0x15,0x29,0x01,0x33,0x11,0x23,0x13,0x23,0x11,0x33,0x80,0x01,0x80,0xfe,0x80,0x01,
0x80,0xfe,0x00,0x02,0x00,0xfe,0x80,0x01,0x80,0x80,0x80,0x80,0x80,0x80,0x02,0x00,
0x80,0xff,0x00,0x80,0x03,0x80,0x80,0xff,0x00,0xfe,0x80,0x01,0x00,0x00,0x00,0x00,
0x00,0x01,0x00,0x00,0x00,0x00,0x02,0x80,0x03,0x80,0x00,0x07,0x00,0x00,0x01,0x11,
0x23,0x35,0x21,0x11,0x23,0x11,0x02,0x80,0x80,0xfe,0x80,0x80,0x03,0x80,0xff,0x00,
0x80,0xfd,0x00,0x03,0x80,0x00,0x00,0x00,0x00,0x01,0x00,0x00,0x00,0x00,0x02,0x80,
0x03,0x80,0x00,0x11,0x00,0x00,0x01,0x33,0x11,0x23,0x35,0x21,0x15,0x23,0x11,0x33,
0x11,0x33,0x11,0x33,0x11,0x23,0x35,0x21,0x02,0x00,0x80,0x80,0xfe,0x80,0x80,0x80,
0x80,0x80,0x80,0x01,0x00,0x01,0x00,0xff,0x00,0x80,0x80,0x01,0x00,0x02,0x00,0xfe,
0x00,0x02,0x00,0x80,0x00,0x01,0x00,0x00,0x00,0x00,0x02,0x80,0x03,0x80,0x00,0x0b,
0x00,0x00,0x13,0x11,0x21,0x15,0x21,0x11,0x21,0x15,0x21,0x11,0x21,0x15,0x80,0x01,
0x80,0xfe,0x80,0x02,0x00,0xfd,0x80,0x02,0x80,0x03,0x00,0xff,0x00,0x80,0xff,0x00,
0x80,0x03,0x80,0x80,0x00,0x05,0x00,0x00,0x00,0x00,0x02,0x80,0x03,0x80,0x00,0x03,
0x00,0x0f,0x00,0x13,0x00,0x17,0x00,0x1b,0x00,0x00,0x13,0x11,0x23,0x11,0x01,0x33,
0x15,0x23,0x11,0x23,0x11,0x23,0x35,0x33,0x11,0x3b,0x02,0x11,0x23,0x05,0x33,0x11,
0x23,0x21,0x11,0x33,0x11,0x80,0x80,0x01,0x80,0x80,0x80,0x80,0x80,0x80,0x80,0x80,
0x80,0x80,0xfe,0x00,0x80,0x80,0x02,0x00,0x80,0x03,0x80,0xfe,0x80,0x01,0x80,0xfe,
0x80,0x80,0xfe,0x80,0x01,0x80,0x80,0x01,0x80,0xfe,0x80,0x80,0xfe,0x80,0x01,0x80,
0xfe,0x80,0x00,0x00,0x00,0x07,0x00,0x00,0x00,0x00,0x02,0x80,0x03,0x80,0x00,0x03,
0x00,0x07,0x00,0x0b,0x00,0x0f,0x00,0x13,0x00,0x17,0x00,0x1b,0x00,0x00,0x01,0x15,
0x21,0x35,0x03,0x11,0x33,0x11,0x01,0x33,0x11,0x23,0x05,0x35,0x21,0x15,0x13,0x23,
0x11,0x33,0x01,0x35,0x33,0x15,0x31,0x21,0x15,0x21,0x02,0x00,0xfe,0x80,0x80,0x80,
0x01,0x80,0x80,0x80,0xff,0x00,0x01,0x00,0x80,0x80,0x80,0xfd,0x80,0x80,0x01,0x80,
0xfe,0x80,0x03,0x80,0x80,0x80,0xfe,0x80,0x01,0x00,0xff,0x00,0x01,0x00,0xff,0x00,
0x80,0x80,0x80,0xff,0x00,0x01,0x00,0xff,0x00,0x80,0x80,0x80,0x00,0x03,0x00,0x00,
0x00,0x00,0x02,0x80,0x03,0x80,0x00,0x07,0x00,0x0f,0x00,0x13,0x00,0x00,0x13,0x33,
0x15,0x23,0x11,0x23,0x11,0x33,0x21,0x33,0x11,0x23,0x11,0x23,0x35,0x33,0x03,0x23,
0x35,0x33,0x80,0x80,0x80,0x80,0x80,0x01,0x80,0x80,0x80,0x80,0x80,0x80,0x80,0x80,
0x01,0x80,0x80,0xff,0x00,0x03,0x80,0xfc,0x80,0x02,0x00,0x80,0xff,0x00,0x80,0x00,
0x00,0x04,0x00,0x00,0x00,0x00,0x02,0x80,0x03,0x80,0x00,0x07,0x00,0x0b,0x00,0x13,
0x00,0x17,0x00,0x00,0x13,0x33,0x15,0x23,0x11,0x23,0x11,0x3b,0x02,0x15,0x23,0x25,
0x33,0x11,0x23,0x11,0x23,0x35,0x33,0x03,0x23,0x35,0x33,0x80,0x80,0x80,0x80,0x80,
0x80,0x80,0x80,0x01,0x00,0x80,0x80,0x80,0x80,0x80,0x80,0x80,0x01,0x80,0x80,0xff,
0x00,0x03,0x80,0x80,0x80,0xfc,0x80,0x02,0x00,0x80,0xff,0x00,0x80,0x00,0x00,0x00,
0x00,0x07,0x00,0x00,0x00,0x00,0x02,0x80,0x03,0x80,0x00,0x07,0x00,0x0b,0x00,0x0f,
0x00,0x13,0x00,0x17,0x00,0x1b,0x00,0x1f,0x00,0x00,0x13,0x33,0x15,0x23,0x11,0x23,
0x11,0x33,0x21,0x33,0x15,0x2b,0x01,0x33,0x15,0x2b,0x01,0x33,0x15,0x23,0x17,0x15,
0x23,0x35,0x05,0x15,0x23,0x35,0x05,0x15,0x23,0x35,0x80,0x80,0x80,0x80,0x80,0x01,
0x80,0x80,0x80,0x80,0x80,0x80,0x80,0x80,0x80,0x80,0x80,0x01,0x00,0x80,0x01,0x00,
0x80,0x02,0x00,0x80,0xfe,0x80,0x03,0x80,0x80,0x80,0x80,0x80,0x80,0x80,0x80,0x80,
0x80,0x80,0x80,0x80,0x00,0x02,0x00,0x00,0x00,0x00,0x02,0x80,0x03,0x80,0x00,0x07,
0x00,0x0b,0x00,0x00,0x01,0x11,0x23,0x11,0x21,0x11,0x23,0x19,0x01,0x23,0x35,0x33,
0x02,0x80,0x80,0xff,0x00,0x80,0x80,0x80,0x03,0x80,0xfc,0x80,0x03,0x00,0xfd,0x80,
0x03,0x00,0xfc,0x80,0x80,0x00,0x00,0x00,0x00,0x03,0x00,0x00,0x00,0x00,0x02,0x80,
0x03,0x80,0x00,0x07,0x00,0x0f,0x00,0x13,0x00,0x00,0x13,0x15,0x33,0x15,0x23,0x11,
0x23,0x11,0x05,0x35,0x33,0x11,0x23,0x11,0x23,0x35,0x03,0x11,0x33,0x11,0x80,0x80,
0x80,0x80,0x02,0x00,0x80,0x80,0x80,0x80,0x80,0x03,0x80,0x80,0x80,0xfd,0x80,0x03,
0x80,0x80,0x80,0xfc,0x80,0x02,0x80,0x80,0xfe,0x80,0x01,0x00,0xff,0x00,0x00,0x00,
0x00,0x01,0x00,0x00,0x00,0x00,0x02,0x80,0x03,0x80,0x00,0x0b,0x00,0x00,0x01,0x33,
0x11,0x23,0x11,0x21,0x11,0x23,0x11,0x33,0x11,0x21,0x02,0x00,0x80,0x80,0xfe,0x80,
0x80,0x80,0x01,0x80,0x03,0x80,0xfc,0x80,0x01,0x80,0xfe,0x80,0x03,0x80,0xfe,0x80,
0x00,0x04,0x00,0x00,0x00,0x00,0x02,0x80,0x03,0x80,0x00,0x03,0x00,0x07,0x00,0x0b,
0x00,0x0f,0x00,0x00,0x01,0x21,0x35,0x21,0x01,0x23,0x11,0x33,0x21,0x33,0x11,0x23,
0x29,0x01,0x15,0x21,0x02,0x00,0xfe,0x80,0x01,0x80,0xfe,0x80,0x80,0x80,0x01,0x80,
0x80,0x80,0xfe,0x80,0x01,0x80,0xfe,0x80,0x03,0x00,0x80,0xfd,0x00,0x02,0x80,0xfd,
0x80,0x80,0x00,0x00,0x00,0x01,0x00,0x00,0x00,0x00,0x02,0x80,0x03,0x80,0x00,0x07,
0x00,0x00,0x01,0x11,0x23,0x11,0x21,0x11,0x23,0x11,0x02,0x80,0x80,0xfe,0x80,0x80,
0x03,0x80,0xfc,0x80,0x03,0x00,0xfd,0x00,0x03,0x80,0x00,0x00,0x00,0x02,0x00,0x00,
0x00,0x00,0x02,0x80,0x03,0x80,0x00,0x09,0x00,0x0d,0x00,0x00,0x13,0x21,0x15,0x21,
0x11,0x23,0x11,0x21,0x15,0x29,0x01,0x33,0x11,0x23,0x80,0x01,0x80,0xfe,0x80,0x80,
0x02,0x00,0xfe,0x80,0x01,0x80,0x80,0x80,0x02,0x00,0x80,0xfe,0x80,0x03,0x80,0x80,
0xff,0x00,0x00,0x00,0x00,0x05,0x00,0x00,0x00,0x00,0x02,0x80,0x03,0x80,0x00,0x03,
0x00,0x07,0x00,0x0b,0x00,0x0f,0x00,0x13,0x00,0x00,0x01,0x15,0x21,0x35,0x07,0x33,
0x11,0x23,0x01,0x15,0x23,0x35,0x11,0x33,0x15,0x23,0x05,0x35,0x21,0x15,0x02,0x00,
0xfe,0x80,0x80,0x80,0x80,0x02,0x80,0x80,0x80,0x80,0xfe,0x80,0x01,0x80,0x03,0x80,
0x80,0x80,0x80,0xfd,0x80,0x02,0x80,0x80,0x80,0xfe,0x00,0x80,0x80,0x80,0x80,0x00,
0x00,0x01,0x00,0x00,0x00,0x00,0x02,0x80,0x03,0x80,0x00,0x07,0x00,0x00,0x01,0x15,
0x21,0x11,0x23,0x11,0x21,0x35,0x02,0x80,0xff,0x00,0x80,0xff,0x00,0x03,0x80,0x80,
0xfd,0x00,0x03,0x00,0x80,0x00,0x00,0x00,0x00,0x07,0x00,0x00,0x00,0x00,0x02,0x80,
0x03,0x80,0x00,0x03,0x00,0x07,0x00,0x0b,0x00,0x0f,0x00,0x13,0x00,0x17,0x00,0x1b,
0x00,0x00,0x13,0x11,0x23,0x11,0x21,0x33,0x11,0x23,0x05,0x35,0x33,0x15,0x21,0x23,
0x35,0x33,0x03,0x23,0x35,0x33,0x03,0x23,0x35,0x33,0x03,0x23,0x35,0x33,0x80,0x80,
0x02,0x00,0x80,0x80,0xfe,0x80,0x80,0x01,0x00,0x80,0x80,0x80,0x80,0x80,0x80,0x80,
0x80,0x80,0x80,0x80,0x03,0x80,0xfe,0x80,0x01,0x80,0xfe,0x80,0x80,0x80,0x80,0x80,
0xff,0x00,0x80,0xff,0x00,0x80,0xff,0x00,0x80,0x00,0x00,0x00,0x00,0x03,0x00,0x00,
0xff,0x80,0x02,0x80,0x03,0x80,0x00,0x13,0x00,0x17,0x00,0x1b,0x00,0x00,0x25,0x33,
0x15,0x23,0x15,0x23,0x35,0x23,0x35,0x33,0x11,0x23,0x35,0x33,0x35,0x33,0x15,0x33,
0x15,0x23,0x01,0x23,0x11,0x33,0x21,0x33,0x11,0x23,0x01,0x80,0x80,0x80,0x80,0x80,
0x80,0x80,0x80,0x80,0x80,0x80,0xff,0x00,0x80,0x80,0x01,0x80,0x80,0x80,0x80,0x80,
0x80,0x80,0x80,0x02,0x00,0x80,0x80,0x80,0x80,0xfe,0x00,0x02,0x00,0xfe,0x00,0x00,
0x00,0x09,0x00,0x00,0x00,0x00,0x02,0x80,0x03,0x80,0x00,0x03,0x00,0x07,0x00,0x0b,
0x00,0x0f,0x00,0x13,0x00,0x17,0x00,0x1b,0x00,0x1f,0x00,0x23,0x00,0x00,0x11,0x33,
0x11,0x23,0x01,0x33,0x11,0x23,0x05,0x35,0x33,0x15,0x21,0x23,0x35,0x33,0x03,0x23,
0x35,0x33,0x03,0x23,0x35,0x33,0x21,0x15,0x23,0x35,0x01,0x11,0x33,0x11,0x21,0x23,
0x11,0x33,0x80,0x80,0x02,0x00,0x80,0x80,0xfe,0x80,0x80,0x01,0x00,0x80,0x80,0x80,
0x80,0x80,0x80,0x80,0x80,0x01,0x00,0x80,0xfe,0x80,0x80,0x02,0x00,0x80,0x80,0x03,
0x80,0xff,0x00,0x01,0x00,0xff,0x00,0x80,0x80,0x80,0x80,0xff,0x00,0x80,0xff,0x00,
0x80,0x80,0x80,0xfe,0x80,0x01,0x00,0xff,0x00,0x01,0x00,0x00,0x00,0x01,0x00,0x00,
0xff,0x80,0x02,0x80,0x03,0x80,0x00,0x0b,0x00,0x00,0x25,0x33,0x11,0x23,0x35,0x21,
0x11,0x33,0x11,0x21,0x11,0x33,0x02,0x00,0x80,0x80,0xfe,0x00,0x80,0x01,0x00,0x80,
0x80,0xff,0x00,0x80,0x03,0x80,0xfd,0x00,0x03,0x00,0x00,0x00,0x00,0x02,0x00,0x00,
0x00,0x00,0x02,0x80,0x03,0x80,0x00,0x03,0x00,0x0b,0x00,0x00,0x13,0x11,0x23,0x11,
0x21,0x33,0x11,0x23,0x11,0x21,0x35,0x21,0x80,0x80,0x02,0x00,0x80,0x80,0xfe,0x80,
0x01,0x80,0x03,0x80,0xfe,0x80,0x01,0x80,0xfc,0x80,0x01,0x80,0x80,0x00,0x00,0x00,
0x00,0x01,0x00,0x00,0x00,0x00,0x02,0x80,0x03,0x80,0x00,0x0b,0x00,0x00,0x01,0x33,
0x11,0x21,0x11,0x33,0x11,0x33,0x11,0x33,0x11,0x33,0x02,0x00,0x80,0xfd,0x80,0x80,
0x80,0x80,0x80,0x03,0x80,0xfc,0x80,0x03,0x80,0xfd,0x00,0x02,0x80,0xfd,0x80,0x00,
0x00,0x01,0x00,0x00,0xff,0x80,0x03,0x00,0x03,0x80,0x00,0x0f,0x00,0x00,0x25,0x33,
0x11,0x23,0x35,0x21,0x11,0x33,0x11,0x33,0x11,0x33,0x11,0x33,0x11,0x33,0x02,0x80,
0x80,0x80,0xfd,0x80,0x80,0x80,0x80,0x80,0x80,0x80,0xff,0x00,0x80,0x03,0x80,0xfd,
0x00,0x02,0x80,0xfd,0x80,0x03,0x00,0x00,0x00,0x02,0x00,0x00,0x00,0x00,0x02,0x80,
0x03,0x80,0x00,0x0b,0x00,0x0f,0x00,0x00,0x25,0x21,0x15,0x21,0x11,0x23,0x35,0x21,
0x11,0x21,0x15,0x29,0x01,0x33,0x11,0x23,0x01,0x00,0x01,0x00,0xfe,0x80,0x80,0x01,
0x00,0x01,0x00,0xff,0x00,0x01,0x00,0x80,0x80,0x80,0x80,0x03,0x00,0x80,0xfe,0x80,
0x80,0xff,0x00,0x00,0x00,0x03,0x00,0x00,0x00,0x00,0x02,0x80,0x03,0x80,0x00,0x09,
0x00,0x0d,0x00,0x11,0x00,0x00,0x13,0x11,0x33,0x15,0x21,0x11,0x33,0x11,0x33,0x15,
0x01,0x33,0x11,0x23,0x25,0x11,0x33,0x11,0x80,0x80,0xff,0x00,0x80,0x80,0x01,0x00,
0x80,0x80,0xff,0x00,0x80,0x01,0x80,0xff,0x00,0x80,0x03,0x80,0xfe,0x80,0x80,0x02,
0x00,0xfc,0x80,0x80,0x01,0x00,0xff,0x00,0x00,0x02,0x00,0x00,0x00,0x00,0x02,0x80,
0x03,0x80,0x00,0x09,0x00,0x0d,0x00,0x00,0x37,0x21,0x15,0x21,0x11,0x33,0x11,0x21,
0x15,0x29,0x01,0x33,0x11,0x23,0x80,0x01,0x80,0xfe,0x00,0x80,0x01,0x80,0xfe,0x80,
0x01,0x80,0x80,0x80,0x80,0x80,0x03,0x80,0xfe,0x80,0x80,0xff,0x00,0x00,0x00,0x00,
0x00,0x05,0x00,0x00,0x00,0x00,0x02,0x80,0x03,0x80,0x00,0x03,0x00,0x07,0x00,0x0f,
0x00,0x13,0x00,0x17,0x00,0x00,0x01,0x15,0x21,0x35,0x11,0x23,0x35,0x33,0x21,0x33,
0x11,0x23,0x11,0x21,0x35,0x21,0x01,0x35,0x33,0x15,0x31,0x21,0x15,0x21,0x02,0x00,
0xfe,0x80,0x80,0x80,0x01,0x80,0x80,0x80,0xff,0x00,0x01,0x00,0xfe,0x00,0x80,0x01,
0x80,0xfe,0x80,0x03,0x80,0x80,0x80,0xff,0x00,0x80,0xfd,0x80,0x01,0x00,0x80,0xfe,
0x80,0x80,0x80,0x80,0x00,0x04,0x00,0x00,0x00,0x00,0x02,0x80,0x03,0x80,0x00,0x0b,
0x00,0x0f,0x00,0x13,0x00,0x17,0x00,0x00,0x25,0x23,0x11,0x23,0x11,0x23,0x11,0x33,
0x11,0x33,0x11,0x33,0x35,0x33,0x15,0x23,0x3b,0x01,0x11,0x23,0x15,0x23,0x35,0x33,
0x01,0x80,0x80,0x80,0x80,0x80,0x80,0x80,0x80,0x80,0x80,0x80,0x80,0x80,0x80,0x80,
0x01,0x00,0xfe,0x80,0x03,0x80,0xfe,0x80,0x01,0x00,0x80,0x80,0xfd,0x80,0x80,0x80,
0x00,0x04,0x00,0x00,0x00,0x00,0x02,0x80,0x03,0x80,0x00,0x0d,0x00,0x11,0x00,0x15,
0x00,0x19,0x00,0x00,0x01,0x11,0x23,0x11,0x23,0x15,0x23,0x35,0x23,0x35,0x21,0x11,
0x21,0x35,0x07,0x33,0x11,0x23,0x01,0x23,0x35,0x33,0x03,0x23,0x35,0x33,0x02,0x80,
0x80,0x80,0x80,0x80,0x01,0x80,0xfe,0x80,0x80,0x80,0x80,0x01,0x00,0x80,0x80,0x80,
0x80,0x80,0x03,0x80,0xfc,0x80,0x01,0x80,0x80,0x80,0x80,0x01,0x00,0x80,0x80,0xff,
0x00,0xfe,0x80,0x80,0xff,0x00,0x80,0x00,0x00,0x03,0x00,0x00,0x00,0x00,0x02,0x80,
0x02,0x80,0x00,0x03,0x00,0x0d,0x00,0x11,0x00,0x00,0x01,0x15,0x21,0x35,0x01,0x35,
0x33,0x11,0x21,0x35,0x21,0x35,0x21,0x35,0x03,0x35,0x33,0x15,0x02,0x00,0xfe,0x80,
0x01,0x80,0x80,0xfe,0x00,0x01,0x80,0xfe,0x80,0x80,0x80,0x02,0x80,0x80,0x80,0xff,
0x00,0x80,0xfe,0x00,0x80,0x80,0x80,0xff,0x00,0x80,0x80,0x00,0x00,0x05,0x00,0x00,
0x00,0x00,0x02,0x80,0x03,0x00,0x00,0x03,0x00,0x0b,0x00,0x0f,0x00,0x13,0x00,0x17,
0x00,0x00,0x13,0x35,0x21,0x15,0x21,0x33,0x11,0x33,0x15,0x23,0x15,0x23,0x01,0x15,
0x21,0x35,0x01,0x23,0x11,0x33,0x01,0x21,0x15,0x21,0x80,0x02,0x00,0xfd,0x80,0x80,
0x80,0x80,0x80,0x02,0x00,0xff,0x00,0x01,0x80,0x80,0x80,0xfe,0x00,0x01,0x80,0xfe,
0x80,0x02,0x80,0x80,0x80,0xff,0x00,0x80,0x80,0x01,0x80,0x80,0x80,0xfe,0x80,0x01,
0x00,0xff,0x00,0x80,0x00,0x03,0x00,0x00,0x00,0x00,0x02,0x80,0x02,0x80,0x00,0x0b,
0x00,0x0f,0x00,0x13,0x00,0x00,0x01,0x15,0x21,0x15,0x21,0x15,0x21,0x11,0x21,0x15,
0x21,0x15,0x25,0x15,0x23,0x35,0x13,0x15,0x23,0x35,0x02,0x00,0xfe,0x80,0x01,0x80,
0xfe,0x00,0x02,0x00,0xfe,0x80,0x02,0x00,0x80,0x80,0x80,0x01,0x80,0x80,0x80,0x80,
0x02,0x80,0x80,0x80,0x80,0x80,0x80,0xff,0x00,0x80,0x80,0x00,0x00,0x01,0x00,0x00,
0x00,0x00,0x02,0x80,0x02,0x80,0x00,0x07,0x00,0x00,0x01,0x11,0x23,0x35,0x21,0x11,
0x23,0x11,0x02,0x80,0x80,0xfe,0x80,0x80,0x02,0x80,0xff,0x00,0x80,0xfe,0x00,0x02,
0x80,0x00,0x00,0x00,0x00,0x01,0x00,0x00,0x00,0x00,0x02,0x80,0x02,0x80,0x00,0x11,
0x00,0x00,0x01,0x33,0x11,0x23,0x35,0x21,0x15,0x23,0x11,0x33,0x11,0x33,0x11,0x33,
0x11,0x23,0x35,0x21,0x02,0x00,0x80,0x80,0xfe,0x80,0x80,0x80,0x80,0x80,0x80,0x01,
0x00,0x01,0x00,0xff,0x00,0x80,0x80,0x01,0x00,0x01,0x00,0xff,0x00,0x01,0x00,0x80,
0x00,0x03,0x00,0x00,0x00,0x00,0x02,0x80,0x02,0x80,0x00,0x03,0x00,0x0d,0x00,0x11,
0x00,0x00,0x01,0x21,0x35,0x21,0x11,0x35,0x33,0x11,0x21,0x15,0x23,0x11,0x33,0x15,
0x11,0x35,0x21,0x15,0x02,0x00,0xfe,0x80,0x01,0x80,0x80,0xfe,0x00,0x80,0x80,0x01,
0x80,0x02,0x00,0x80,0xff,0x00,0x80,0xff,0x00,0x80,0x01,0x80,0x80,0xfe,0x80,0x80,
0x80,0x00,0x00,0x00,0x00,0x05,0x00,0x00,0x00,0x00,0x02,0x80,0x02,0x80,0x00,0x03,
0x00,0x0f,0x00,0x13,0x00,0x17,0x00,0x1b,0x00,0x00,0x11,0x33,0x11,0x23,0x01,0x11,
0x33,0x15,0x23,0x11,0x23,0x11,0x23,0x35,0x33,0x11,0x21,0x33,0x11,0x23,0x01,0x11,
0x33,0x11,0x21,0x23,0x11,0x33,0x80,0x80,0x01,0x80,0x80,0x80,0x80,0x80,0x80,0x01,
0x00,0x80,0x80,0xfe,0x00,0x80,0x02,0x00,0x80,0x80,0x02,0x80,0xff,0x00,0x01,0x00,
0xff,0x00,0x80,0xff,0x00,0x01,0x00,0x80,0x01,0x00,0xff,0x00,0xfe,0x80,0x01,0x00,
0xff,0x00,0x01,0x00,0x00,0x06,0x00,0x00,0x00,0x00,0x02,0x80,0x02,0x80,0x00,0x05,
0x00,0x09,0x00,0x0d,0x00,0x11,0x00,0x15,0x00,0x19,0x00,0x00,0x01,0x15,0x21,0x15,
0x23,0x11,0x05,0x33,0x15,0x23,0x29,0x01,0x15,0x21,0x05,0x35,0x33,0x15,0x25,0x15,
0x23,0x35,0x05,0x21,0x15,0x21,0x02,0x00,0xfe,0x80,0x80,0x02,0x00,0x80,0x80,0xff,
0x00,0x01,0x00,0xff,0x00,0xff,0x00,0x80,0x02,0x00,0x80,0xfe,0x80,0x01,0x80,0xfe,
0x80,0x02,0x80,0x80,0x80,0x01,0x00,0x80,0x80,0x80,0x80,0x80,0x80,0x80,0x80,0x80,
0x80,0x80,0x00,0x00,0x00,0x03,0x00,0x00,0x00,0x00,0x02,0x80,0x02,0x80,0x00,0x07,
0x00,0x0f,0x00,0x13,0x00,0x00,0x13,0x33,0x15,0x23,0x15,0x23,0x11,0x33,0x05,0x35,
0x33,0x11,0x23,0x11,0x23,0x35,0x11,0x23,0x35,0x33,0x80,0x80,0x80,0x80,0x80,0x01,
0x80,0x80,0x80,0x80,0x80,0x80,0x01,0x00,0x80,0x80,0x02,0x80,0x80,0x80,0xfd,0x80,
0x01,0x80,0x80,0xff,0x00,0x80,0x00,0x00,0x00,0x04,0x00,0x00,0x00,0x00,0x02,0x80,
0x03,0x80,0x00,0x03,0x00,0x0b,0x00,0x13,0x00,0x17,0x00,0x00,0x01,0x21,0x35,0x21,
0x01,0x33,0x15,0x23,0x15,0x23,0x11,0x33,0x05,0x35,0x33,0x11,0x23,0x11,0x23,0x35,
0x11,0x23,0x35,0x33,0x02,0x00,0xfe,0x80,0x01,0x80,0xfe,0x80,0x80,0x80,0x80,0x80,
0x01,0x80,0x80,0x80,0x80,0x80,0x80,0x03,0x00,0x80,0xfd,0x80,0x80,0x80,0x02,0x80,
0x80,0x80,0xfd,0x80,0x01,0x80,0x80,0xff,0x00,0x80,0x00,0x00,0x00,0x05,0x00,0x00,
0x00,0x00,0x02,0x80,0x02,0x80,0x00,0x07,0x00,0x0b,0x00,0x0f,0x00,0x13,0x00,0x17,
0x00,0x00,0x13,0x21,0x15,0x21,0x11,0x23,0x11,0x33,0x21,0x33,0x15,0x2b,0x01,0x33,
0x15,0x23,0x17,0x15,0x23,0x35,0x05,0x15,0x23,0x35,0x80,0x01,0x00,0xff,0x00,0x80,
0x80,0x01,0x80,0x80,0x80,0x80,0x80,0x80,0x80,0x80,0x01,0x00,0x80,0x01,0x80,0x80,
0xff,0x00,0x02,0x80,0x80,0x80,0x80,0x80,0x80,0x80,0x80,0x80,0x00,0x02,0x00,0x00,
0x00,0x00,0x02,0x80,0x02,0x80,0x00,0x07,0x00,0x0b,0x00,0x00,0x01,0x11,0x23,0x11,
0x21,0x11,0x23,0x19,0x01,0x23,0x35,0x33,0x02,0x80,0x80,0xff,0x00,0x80,0x80,0x80,
0x02,0x80,0xfd,0x80,0x02,0x00,0xfe,0x80,0x02,0x00,0xfd,0x80,0x80,0x00,0x00,0x00,
0x00,0x03,0x00,0x00,0x00,0x00,0x02,0x80,0x02,0x80,0x00,0x07,0x00,0x0f,0x00,0x13,
0x00,0x00,0x13,0x15,0x33,0x15,0x23,0x11,0x23,0x11,0x05,0x35,0x33,0x11,0x23,0x11,
0x23,0x35,0x11,0x23,0x35,0x33,0x80,0x80,0x80,0x80,0x02,0x00,0x80,0x80,0x80,0x80,
0x80,0x02,0x80,0x80,0x80,0xfe,0x80,0x02,0x80,0x80,0x80,0xfd,0x80,0x01,0x80,0x80,
0xff,0x00,0x80,0x00,0x00,0x01,0x00,0x00,0x00,0x00,0x02,0x80,0x02,0x80,0x00,0x0b,
0x00,0x00,0x01,0x33,0x11,0x23,0x11,0x21,0x11,0x23,0x11,0x33,0x11,0x21,0x02,0x00,
0x80,0x80,0xfe,0x80,0x80,0x80,0x01,0x80,0x02,0x80,0xfd,0x80,0x01,0x00,0xff,0x00,
0x02,0x80,0xff,0x00,0x00,0x04,0x00,0x00,0x00,0x00,0x02,0x80,0x02,0x80,0x00,0x03,
0x00,0x07,0x00,0x0b,0x00,0x0f,0x00,0x00,0x01,0x21,0x35,0x21,0x05,0x11,0x23,0x11,
0x21,0x33,0x11,0x23,0x29,0x01,0x15,0x21,0x02,0x00,0xfe,0x80,0x01,0x80,0xfe,0x80,
0x80,0x02,0x00,0x80,0x80,0xfe,0x80,0x01,0x80,0xfe,0x80,0x02,0x00,0x80,0x80,0xfe,
0x80,0x01,0x80,0xfe,0x80,0x80,0x00,0x00,0x00,0x01,0x00,0x00,0x00,0x00,0x02,0x80,
0x02,0x80,0x00,0x07,0x00,0x00,0x01,0x11,0x23,0x11,0x21,0x11,0x23,0x11,0x02,0x80,
0x80,0xfe,0x80,0x80,0x02,0x80,0xfd,0x80,0x02,0x00,0xfe,0x00,0x02,0x80,0x00,0x00,
0x00,0x04,0x00,0x00,0xff,0x80,0x02,0x80,0x02,0x80,0x00,0x0b,0x00,0x0f,0x00,0x13,
0x00,0x17,0x00,0x00,0x13,0x15,0x33,0x15,0x23,0x11,0x23,0x11,0x33,0x15,0x33,0x15,
0x01,0x15,0x21,0x35,0x05,0x33,0x11,0x23,0x05,0x35,0x21,0x15,0x80,0x80,0x80,0x80,
0x80,0x80,0x01,0x00,0xff,0x00,0x01,0x00,0x80,0x80,0xff,0x00,0x01,0x00,0x01,0x80,
0x80,0x80,0xff,0x00,0x03,0x00,0x80,0x80,0x01,0x00,0x80,0x80,0x80,0xfe,0x80,0x80,
0x80,0x80,0x00,0x00,0x00,0x05,0x00,0x00,0x00,0x00,0x02,0x80,0x02,0x80,0x00,0x03,
0x00,0x07,0x00,0x0b,0x00,0x0f,0x00,0x13,0x00,0x00,0x01,0x15,0x21,0x35,0x07,0x33,
0x11,0x23,0x01,0x15,0x23,0x35,0x11,0x33,0x15,0x23,0x05,0x35,0x21,0x15,0x02,0x00,
0xfe,0x80,0x80,0x80,0x80,0x02,0x80,0x80,0x80,0x80,0xfe,0x80,0x01,0x80,0x02,0x80,
0x80,0x80,0x80,0xfe,0x80,0x01,0x80,0x80,0x80,0xff,0x00,0x80,0x80,0x80,0x80,0x00,
0x00,0x01,0x00,0x00,0x00,0x00,0x02,0x80,0x02,0x80,0x00,0x07,0x00,0x00,0x01,0x15,
0x21,0x11,0x23,0x11,0x21,0x35,0x02,0x80,0xff,0x00,0x80,0xff,0x00,0x02,0x80,0x80,
0xfe,0x00,0x02,0x00,0x80,0x00,0x00,0x00,0x00,0x04,0x00,0x00,0xff,0x80,0x02,0x80,
0x02,0x80,0x00,0x03,0x00,0x0b,0x00,0x0f,0x00,0x13,0x00,0x00,0x13,0x11,0x23,0x11,
0x21,0x33,0x11,0x23,0x11,0x23,0x35,0x33,0x01,0x35,0x21,0x15,0x05,0x21,0x15,0x21,
0x80,0x80,0x02,0x00,0x80,0x80,0x80,0x80,0xfe,0x80,0x01,0x00,0xff,0x00,0x01,0x80,
0xfe,0x80,0x02,0x80,0xfe,0x80,0x01,0x80,0xfd,0x80,0x01,0x00,0x80,0xff,0x00,0x80,
0x80,0x80,0x80,0x00,0x00,0x03,0x00,0x00,0xff,0x80,0x02,0x80,0x02,0x80,0x00,0x13,
0x00,0x17,0x00,0x1b,0x00,0x00,0x01,0x11,0x33,0x15,0x23,0x15,0x23,0x35,0x23,0x35,
0x33,0x11,0x23,0x35,0x33,0x35,0x33,0x15,0x33,0x15,0x21,0x33,0x11,0x23,0x01,0x33,
0x11,0x23,0x01,0x80,0x80,0x80,0x80,0x80,0x80,0x80,0x80,0x80,0x80,0xfe,0x00,0x80,
0x80,0x02,0x00,0x80,0x80,0x01,0x80,0xff,0x00,0x80,0x80,0x80,0x80,0x01,0x00,0x80,
0x80,0x80,0x80,0xff,0x00,0x01,0x00,0xff,0x00,0x00,0x00,0x00,0x00,0x09,0x00,0x00,
0x00,0x00,0x02,0x80,0x02,0x80,0x00,0x03,0x00,0x07,0x00,0x0b,0x00,0x0f,0x00,0x13,
0x00,0x17,0x00,0x1b,0x00,0x1f,0x00,0x23,0x00,0x00,0x13,0x23,0x35,0x33,0x05,0x23,
0x35,0x33,0x01,0x23,0x35,0x33,0x05,0x23,0x35,0x33,0x03,0x23,0x35,0x33,0x03,0x23,
0x35,0x33,0x05,0x23,0x35,0x33,0x01,0x23,0x35,0x33,0x05,0x23,0x35,0x33,0x80,0x80,
0x80,0x02,0x00,0x80,0x80,0xfe,0x80,0x80,0x80,0x01,0x00,0x80,0x80,0x80,0x80,0x80,
0x80,0x80,0x80,0x01,0x00,0x80,0x80,0xfe,0x80,0x80,0x80,0x02,0x00,0x80,0x80,0x02,
0x00,0x80,0x80,0x80,0xff,0x00,0x80,0x80,0x80,0xff,0x00,0x80,0xff,0x00,0x80,0x80,
0x80,0xff,0x00,0x80,0x80,0x80,0x00,0x00,0x00,0x01,0x00,0x00,0xff,0x80,0x02,0x80,
0x02,0x80,0x00,0x0b,0x00,0x00,0x25,0x33,0x11,0x23,0x35,0x21,0x11,0x33,0x11,0x21,
0x11,0x33,0x02,0x00,0x80,0x80,0xfe,0x00,0x80,0x01,0x00,0x80,0x80,0xff,0x00,0x80,
0x02,0x80,0xfe,0x00,0x02,0x00,0x00,0x00,0x00,0x02,0x00,0x00,0x00,0x00,0x02,0x80,
0x02,0x80,0x00,0x03,0x00,0x0b,0x00,0x00,0x11,0x33,0x11,0x23,0x01,0x33,0x11,0x23,
0x11,0x21,0x35,0x21,0x80,0x80,0x02,0x00,0x80,0x80,0xfe,0x80,0x01,0x80,0x02,0x80,
0xff,0x00,0x01,0x00,0xfd,0x80,0x01,0x00,0x80,0x00,0x00,0x00,0x00,0x01,0x00,0x00,
0x00,0x00,0x02,0x80,0x02,0x80,0x00,0x0b,0x00,0x00,0x01,0x33,0x11,0x21,0x11,0x33,
0x11,0x33,0x11,0x33,0x11,0x33,0x02,0x00,0x80,0xfd,0x80,0x80,0x80,0x80,0x80,0x02,
0x80,0xfd,0x80,0x02,0x80,0xfe,0x00,0x01,0x80,0xfe,0x80,0x00,0x00,0x01,0x00,0x00,
0xff,0x80,0x03,0x00,0x02,0x80,0x00,0x0f,0x00,0x00,0x25,0x33,0x11,0x23,0x35,0x21,
0x11,0x33,0x11,0x33,0x11,0x33,0x11,0x33,0x11,0x33,0x02,0x80,0x80,0x80,0xfd,0x80,
0x80,0x80,0x80,0x80,0x80,0x80,0xff,0x00,0x80,0x02,0x80,0xfe,0x00,0x01,0x80,0xfe,
0x80,0x02,0x00,0x00,0x00,0x02,0x00,0x00,0x00,0x00,0x02,0x80,0x02,0x80,0x00,0x0b,
0x00,0x0f,0x00,0x00,0x01,0x15,0x21,0x15,0x21,0x11,0x23,0x35,0x21,0x11,0x21,0x1d,
0x01,0x35,0x33,0x15,0x01,0x00,0x01,0x00,0xfe,0x80,0x80,0x01,0x00,0x01,0x00,0x80,
0x01,0x00,0x80,0x80,0x02,0x00,0x80,0xff,0x00,0x80,0x80,0x80,0x80,0x00,0x00,0x00,
0x00,0x03,0x00,0x00,0x00,0x00,0x02,0x80,0x02,0x80,0x00,0x09,0x00,0x0d,0x00,0x11,
0x00,0x00,0x01,0x23,0x15,0x33,0x15,0x21,0x11,0x33,0x11,0x33,0x01,0x33,0x11,0x23,
0x27,0x23,0x35,0x33,0x01,0x00,0x80,0x80,0xff,0x00,0x80,0x80,0x01,0x00,0x80,0x80,
0x80,0x80,0x80,0x01,0x00,0x80,0x80,0x02,0x80,0xff,0x00,0x01,0x00,0xfd,0x80,0x80,
0x80,0x00,0x00,0x00,0x00,0x02,0x00,0x00,0x00,0x00,0x02,0x80,0x02,0x80,0x00,0x09,
0x00,0x0d,0x00,0x00,0x37,0x21,0x15,0x21,0x11,0x33,0x11,0x21,0x15,0x21,0x05,0x35,
0x33,0x15,0x80,0x01,0x80,0xfe,0x00,0x80,0x01,0x80,0xfe,0x80,0x01,0x80,0x80,0x80,
0x80,0x02,0x80,0xff,0x00,0x80,0x80,0x80,0x80,0x00,0x00,0x00,0x00,0x05,0x00,0x00,
0x00,0x00,0x02,0x80,0x02,0x80,0x00,0x03,0x00,0x07,0x00,0x0f,0x00,0x13,0x00,0x17,
0x00,0x00,0x01,0x15,0x21,0x35,0x11,0x23,0x35,0x33,0x05,0x35,0x33,0x11,0x23,0x35,
0x21,0x35,0x01,0x35,0x33,0x15,0x31,0x21,0x15,0x21,0x02,0x00,0xfe,0x80,0x80,0x80,
0x01,0x80,0x80,0x80,0xff,0x00,0xff,0x00,0x80,0x01,0x80,0xfe,0x80,0x02,0x80,0x80,
0x80,0xff,0x00,0x80,0x80,0x80,0xfe,0x80,0x80,0x80,0xff,0x00,0x80,0x80,0x80,0x00,
0x00,0x04,0x00,0x00,0x00,0x00,0x02,0x80,0x02,0x80,0x00,0x0b,0x00,0x0f,0x00,0x13,
0x00,0x17,0x00,0x00,0x01,0x11,0x23,0x35,0x23,0x11,0x23,0x11,0x33,0x11,0x33,0x35,
0x37,0x33,0x15,0x23,0x3b,0x01,0x11,0x23,0x15,0x23,0x35,0x33,0x01,0x80,0x80,0x80,
0x80,0x80,0x80,0x80,0x80,0x80,0x80,0x80,0x80,0x80,0x80,0x02,0x00,0xfe,0x80,0x80,
0xff,0x00,0x02,0x80,0xff,0x00,0x80,0x80,0x80,0xfe,0x80,0x80,0x80,0x00,0x00,0x00,
0x00,0x03,0x00,0x00,0x00,0x00,0x02,0x80,0x02,0x80,0x00,0x0b,0x00,0x0f,0x00,0x13,
0x00,0x00,0x01,0x11,0x23,0x11,0x21,0x15,0x23,0x11,0x21,0x35,0x21,0x35,0x03,0x35,
0x33,0x15,0x11,0x23,0x35,0x33,0x02,0x80,0x80,0xff,0x00,0x80,0x01,0x80,0xfe,0x80,
0x80,0x80,0x80,0x80,0x02,0x80,0xfd,0x80,0x01,0x00,0x80,0x01,0x00,0x80,0x80,0xff,
0x00,0x80,0x80,0xfe,0x80,0x80,0x00,0x00,0x00,0x05,0x00,0x00,0x00,0x00,0x02,0x80,
0x03,0x80,0x00,0x03,0x00,0x07,0x00,0x0b,0x00,0x15,0x00,0x19,0x00,0x00,0x13,0x33,
0x15,0x23,0x25,0x33,0x15,0x23,0x13,0x21,0x35,0x21,0x11,0x35,0x33,0x11,0x21,0x15,
0x23,0x11,0x33,0x15,0x11,0x35,0x21,0x15,0x80,0x80,0x80,0x01,0x00,0x80,0x80,0x80,
0xfe,0x80,0x01,0x80,0x80,0xfe,0x00,0x80,0x80,0x01,0x80,0x03,0x80,0x80,0x80,0x80,
0xff,0x00,0x80,0xff,0x00,0x80,0xff,0x00,0x80,0x01,0x80,0x80,0xfe,0x80,0x80,0x80,
0x00,0x05,0x00,0x00,0x00,0x00,0x02,0x80,0x02,0x80,0x00,0x03,0x00,0x07,0x00,0x0f,
0x00,0x13,0x00,0x17,0x00,0x00,0x11,0x35,0x33,0x15,0x25,0x33,0x11,0x23,0x25,0x15,
0x21,0x11,0x23,0x35,0x21,0x11,0x03,0x11,0x33,0x11,0x25,0x15,0x23,0x35,0x80,0x01,
0x80,0x80,0x80,0xff,0x00,0x01,0x00,0x80,0xff,0x00,0x80,0x80,0x02,0x00,0x80,0x02,
0x00,0x80,0x80,0x80,0xff,0x00,0x80,0x80,0xff,0x00,0x80,0x01,0x00,0xfe,0x00,0x01,
0x00,0xff,0x00,0x80,0x80,0x80,0x00,0x00,0x00,0x02,0x00,0x00,0x00,0x00,0x02,0x80,
0x02,0x80,0x00,0x03,0x00,0x0b,0x00,0x00,0x01,0x15,0x21,0x35,0x01,0x33,0x15,0x21,
0x35,0x21,0x11,0x33,0x01,0x80,0xfe,0x80,0x02,0x00,0x80,0xfd,0x80,0x01,0x80,0x80,
0x02,0x80,0x80,0x80,0xfe,0x00,0x80,0x80,0x01,0x80,0x00,0x00,0x00,0x04,0x00,0x80,
0x00,0x00,0x02,0x80,0x02,0x80,0x00,0x03,0x00,0x0b,0x00,0x0f,0x00,0x13,0x00,0x00,
0x13,0x21,0x15,0x29,0x01,0x11,0x23,0x35,0x23,0x35,0x33,0x35,0x01,0x11,0x33,0x11,
0x21,0x35,0x33,0x15,0x80,0x01,0x00,0xff,0x00,0x01,0x80,0x80,0x80,0x80,0xff,0x00,
0x80,0x01,0x00,0x80,0x02,0x80,0x80,0xfe,0x80,0x80,0x80,0x80,0xfe,0x00,0x01,0x00,
0xff,0x00,0x80,0x80,0x00,0x01,0x00,0x00,0x00,0x00,0x02,0x80,0x02,0x80,0x00,0x07,
0x00,0x00,0x01,0x15,0x23,0x11,0x23,0x11,0x21,0x35,0x02,0x80,0x80,0x80,0xfe,0x80,
0x02,0x80,0x80,0xfe,0x00,0x02,0x00,0x80,0x00,0x03,0x00,0x00,0x00,0x00,0x02,0x80,
0x02,0x80,0x00,0x03,0x00,0x07,0x00,0x0b,0x00,0x00,0x01,0x15,0x21,0x35,0x05,0x33,
0x11,0x23,0x01,0x33,0x11,0x23,0x02,0x00,0xfe,0x00,0x02,0x00,0x80,0x80,0xfe,0x00,
0x80,0x80,0x02,0x80,0x80,0x80,0x80,0xfe,0x00,0x01,0x80,0xfe,0x80,0x00,0x00,0x00,
0x00,0x01,0x01,0x00,0x00,0x00,0x01,0x80,0x02,0x80,0x00,0x03,0x00,0x00,0x01,0x33,
0x11,0x23,0x01,0x00,0x80,0x80,0x02,0x80,0xfd,0x80,0x00,0x00,0x00,0x02,0x00,0x80,
0x00,0x00,0x02,0x80,0x02,0x80,0x00,0x07,0x00,0x0b,0x00,0x00,0x01,0x15,0x23,0x15,
0x23,0x35,0x21,0x35,0x13,0x33,0x11,0x23,0x02,0x80,0x80,0x80,0xff,0x00,0x80,0x80,
0x80,0x02,0x80,0x80,0x80,0x80,0x80,0xff,0x00,0xfe,0x80,0x00,0x00,0x02,0x00,0x00,
0x00,0x00,0x02,0x80,0x02,0x80,0x00,0x05,0x00,0x09,0x00,0x00,0x01,0x15,0x21,0x11,
0x23,0x11,0x05,0x33,0x11,0x23,0x02,0x00,0xfe,0x80,0x80,0x02,0x00,0x80,0x80,0x02,
0x80,0x80,0xfe,0x00,0x02,0x80,0x80,0xfe,0x00,0x00,0x00,0x00,0x00,0x05,0x00,0x00,
0x00,0x00,0x02,0x80,0x02,0x80,0x00,0x03,0x00,0x07,0x00,0x0b,0x00,0x0f,0x00,0x13,
0x00,0x00,0x37,0x23,0x11,0x33,0x05,0x35,0x33,0x15,0x07,0x23,0x35,0x3b,0x02,0x11,
0x23,0x29,0x01,0x15,0x21,0x80,0x80,0x80,0x01,0x00,0x80,0x80,0x80,0x80,0x80,0x80,
0x80,0xfe,0x80,0x01,0x80,0xfe,0x80,0x80,0x02,0x00,0x80,0x80,0x80,0x80,0x80,0xfe,
0x80,0x80,0x00,0x00,0x00,0x01,0x01,0x00,0x01,0x00,0x01,0x80,0x02,0x80,0x00,0x03,
0x00,0x00,0x01,0x33,0x11,0x23,0x01,0x00,0x80,0x80,0x02,0x80,0xfe,0x80,0x00,0x00,
0x00,0x02,0x00,0x80,0xff,0x80,0x02,0x80,0x02,0x80,0x00,0x03,0x00,0x07,0x00,0x00,
0x01,0x15,0x21,0x35,0x05,0x33,0x11,0x23,0x02,0x00,0xfe,0x80,0x01,0x80,0x80,0x80,
0x02,0x80,0x80,0x80,0x80,0xfd,0x80,0x00,0x00,0x03,0x00,0x80,0x00,0x00,0x02,0x80,
0x02,0x80,0x00,0x03,0x00,0x07,0x00,0x0b,0x00,0x00,0x01,0x15,0x21,0x35,0x05,0x33,
0x11,0x23,0x29,0x01,0x15,0x21,0x02,0x00,0xfe,0x80,0x01,0x80,0x80,0x80,0xfe,0x80,
0x01,0x80,0xfe,0x80,0x02,0x80,0x80,0x80,0x80,0xfe,0x80,0x80,0x00,0x03,0x00,0x80,
0x00,0x00,0x02,0x80,0x03,0x80,0x00,0x07,0x00,0x0b,0x00,0x0f,0x00,0x00,0x01,0x11,
0x23,0x35,0x21,0x11,0x33,0x11,0x01,0x23,0x35,0x33,0x01,0x11,0x33,0x11,0x02,0x80,
0x80,0xfe,0x80,0x80,0x01,0x00,0x80,0x80,0xff,0x00,0x80,0x02,0x80,0xff,0x00,0x80,
0x01,0x80,0xff,0x00,0xfe,0x80,0x80,0xfe,0x80,0x01,0x00,0xff,0x00,0x00,0x00,0x00,
0x00,0x02,0x00,0x00,0x00,0x00,0x02,0x80,0x02,0x80,0x00,0x0b,0x00,0x0f,0x00,0x00,
0x01,0x33,0x11,0x21,0x11,0x33,0x15,0x33,0x15,0x23,0x11,0x21,0x11,0x15,0x21,0x35,
0x02,0x00,0x80,0xfd,0x80,0x80,0x80,0x80,0x01,0x80,0xff,0x00,0x02,0x00,0xfe,0x00,
0x02,0x80,0x80,0x80,0xff,0x00,0x02,0x00,0x80,0x80,0x00,0x00,0x00,0x05,0x00,0x00,
0x00,0x00,0x02,0x80,0x02,0x80,0x00,0x03,0x00,0x07,0x00,0x0b,0x00,0x11,0x00,0x15,
0x00,0x00,0x11,0x35,0x33,0x15,0x37,0x21,0x15,0x21,0x03,0x11,0x33,0x11,0x01,0x33,
0x11,0x21,0x35,0x33,0x05,0x11,0x33,0x11,0x80,0x80,0x01,0x00,0xff,0x00,0x80,0x80,
0x01,0x00,0x80,0xff,0x00,0x80,0xfe,0x00,0x80,0x02,0x00,0x80,0x80,0x80,0x80,0xff,
0x00,0x01,0x00,0xff,0x00,0x01,0x00,0xfe,0x00,0x80,0x80,0x01,0x00,0xff,0x00,0x00,
0x00,0x01,0x01,0x00,0xff,0x80,0x01,0x80,0x02,0x80,0x00,0x03,0x00,0x00,0x01,0x33,
0x11,0x23,0x01,0x00,0x80,0x80,0x02,0x80,0xfd,0x00,0x00,0x00,0x00,0x02,0x00,0x80,
0x00,0x00,0x02,0x00,0x02,0x80,0x00,0x03,0x00,0x09,0x00,0x00,0x13,0x21,0x15,0x29,
0x01,0x33,0x11,0x21,0x35,0x21,0x80,0x01,0x00,0xff,0x00,0x01,0x00,0x80,0xfe,0x80,
0x01,0x00,0x02,0x80,0x80,0xfe,0x00,0x80,0x00,0x03,0x00,0x00,0x00,0x00,0x02,0x80,
0x02,0x80,0x00,0x05,0x00,0x09,0x00,0x0d,0x00,0x00,0x13,0x11,0x23,0x11,0x21,0x15,
0x31,0x33,0x11,0x23,0x29,0x01,0x15,0x21,0x80,0x80,0x02,0x00,0x80,0x80,0xfe,0x80,
0x01,0x80,0xfe,0x80,0x02,0x00,0xfe,0x80,0x02,0x00,0x80,0xfe,0x80,0x80,0x00,0x00,
0x00,0x03,0x00,0x80,0x00,0x00,0x02,0x80,0x02,0x80,0x00,0x03,0x00,0x07,0x00,0x0f,
0x00,0x00,0x01,0x11,0x23,0x11,0x21,0x33,0x11,0x23,0x25,0x33,0x15,0x33,0x15,0x21,
0x35,0x33,0x01,0x00,0x80,0x01,0x80,0x80,0x80,0xff,0x00,0x80,0x80,0xfe,0x80,0x80,
0x02,0x80,0xfe,0x80,0x01,0x80,0xfe,0x00,0x80,0x80,0x80,0x80,0x00,0x03,0x00,0x80,
0xff,0x80,0x02,0x80,0x02,0x80,0x00,0x05,0x00,0x09,0x00,0x0d,0x00,0x00,0x01,0x15,
0x21,0x11,0x23,0x11,0x05,0x33,0x11,0x23,0x03,0x15,0x23,0x35,0x02,0x00,0xff,0x00,
0x80,0x01,0x80,0x80,0x80,0x80,0x80,0x02,0x80,0x80,0xff,0x00,0x01,0x80,0x80,0xfd,
0x80,0x01,0x80,0x80,0x80,0x00,0x00,0x00,0x00,0x04,0x00,0x80,0x00,0x00,0x02,0x80,
0x02,0x80,0x00,0x05,0x00,0x09,0x00,0x0d,0x00,0x11,0x00,0x00,0x01,0x15,0x21,0x15,
0x23,0x11,0x05,0x33,0x11,0x23,0x03,0x15,0x23,0x35,0x03,0x21,0x15,0x21,0x02,0x00,
0xff,0x00,0x80,0x01,0x80,0x80,0x80,0x80,0x80,0x80,0x01,0x80,0xfe,0x80,0x02,0x80,
0x80,0x80,0x01,0x00,0x80,0xfe,0x80,0x01,0x00,0x80,0x80,0xff,0x00,0x80,0x00,0x00,
0x00,0x03,0x00,0x80,0x00,0x00,0x02,0x80,0x02,0x80,0x00,0x03,0x00,0x07,0x00,0x0d,
0x00,0x00,0x13,0x33,0x11,0x23,0x01,0x33,0x11,0x23,0x29,0x01,0x15,0x23,0x11,0x23,
0x80,0x80,0x80,0x01,0x80,0x80,0x80,0xff,0x00,0x01,0x00,0x80,0x80,0x02,0x80,0xff,
0x00,0x01,0x00,0xff,0x00,0x80,0xff,0x00,0x00,0x03,0x00,0x80,0x00,0x00,0x02,0x80,
0x02,0x80,0x00,0x03,0x00,0x07,0x00,0x11,0x00,0x00,0x13,0x33,0x11,0x23,0x01,0x33,
0x11,0x23,0x05,0x35,0x21,0x11,0x33,0x15,0x21,0x35,0x21,0x35,0x80,0x80,0x80,0x01,
0x80,0x80,0x80,0xff,0x00,0x01,0x00,0x80,0xfe,0x00,0x01,0x00,0x02,0x80,0xff,0x00,
0x01,0x00,0xff,0x00,0x80,0x80,0xff,0x00,0x80,0x80,0x80,0x00,0x00,0x03,0x00,0x80,
0xff,0x80,0x02,0x80,0x02,0x80,0x00,0x05,0x00,0x09,0x00,0x0d,0x00,0x00,0x01,0x11,
0x23,0x11,0x21,0x35,0x11,0x33,0x11,0x23,0x25,0x11,0x33,0x11,0x02,0x80,0x80,0xfe,
0x80,0x80,0x80,0x01,0x00,0x80,0x02,0x80,0xfe,0x80,0x01,0x00,0x80,0xff,0x00,0xfe,
0x00,0x80,0x01,0x00,0xff,0x00,0x00,0x00,0x00,0x02,0x00,0x80,0x00,0x00,0x02,0x80,
0x02,0x80,0x00,0x03,0x00,0x07,0x00,0x00,0x01,0x15,0x21,0x35,0x05,0x33,0x11,0x23,
0x02,0x00,0xfe,0x80,0x01,0x80,0x80,0x80,0x02,0x80,0x80,0x80,0x80,0xfe,0x00,0x00,
0x00,0x03,0x00,0x00,0x00,0x00,0x02,0x80,0x02,0x80,0x00,0x09,0x00,0x0d,0x00,0x11,
0x00,0x00,0x01,0x15,0x21,0x15,0x21,0x35,0x23,0x11,0x33,0x11,0x21,0x23,0x11,0x3b,
0x02,0x11,0x23,0x01,0x00,0x01,0x00,0xfe,0x80,0x80,0x80,0x01,0x00,0x80,0x80,0x80,
0x80,0x80,0x01,0x00,0x80,0x80,0x80,0x02,0x00,0xfe,0x80,0x01,0x80,0xfe,0x00,0x00,
0x00,0x03,0x00,0x00,0x00,0x00,0x02,0x80,0x02,0x80,0x00,0x07,0x00,0x0b,0x00,0x0f,
0x00,0x00,0x01,0x15,0x21,0x11,0x23,0x11,0x23,0x35,0x05,0x33,0x11,0x23,0x21,0x23,
0x35,0x33,0x02,0x00,0xff,0x00,0x80,0x80,0x02,0x00,0x80,0x80,0xfe,0x80,0x80,0x80,
0x02,0x80,0x80,0xfe,0x80,0x01,0x80,0x80,0x80,0xfe,0x00,0x80,0x00,0x05,0x00,0x00,
0x00,0x00,0x02,0x80,0x03,0x80,0x00,0x03,0x00,0x07,0x00,0x0f,0x00,0x17,0x00,0x1b,
0x00,0x00,0x13,0x33,0x15,0x23,0x21,0x15,0x23,0x35,0x03,0x33,0x15,0x23,0x15,0x23,
0x11,0x33,0x21,0x33,0x11,0x23,0x35,0x23,0x35,0x33,0x01,0x33,0x11,0x23,0x80,0x80,
0x80,0x01,0x00,0x80,0x80,0x80,0x80,0x80,0x80,0x01,0x80,0x80,0x80,0x80,0x80,0xff,
0x00,0x80,0x80,0x03,0x80,0x80,0x80,0x80,0xfe,0x00,0x80,0x80,0x02,0x80,0xfd,0x80,
0x80,0x80,0x01,0x00,0xff,0x00,0x00,0x00,0x00,0x07,0x00,0x00,0x00,0x00,0x02,0x80,
0x03,0x80,0x00,0x03,0x00,0x07,0x00,0x0b,0x00,0x0f,0x00,0x13,0x00,0x17,0x00,0x1b,
0x00,0x00,0x13,0x33,0x15,0x23,0x21,0x15,0x23,0x35,0x03,0x23,0x11,0x33,0x21,0x33,
0x11,0x23,0x01,0x33,0x11,0x23,0x15,0x23,0x35,0x33,0x05,0x23,0x35,0x33,0x80,0x80,
0x80,0x01,0x00,0x80,0x80,0x80,0x80,0x01,0x80,0x80,0x80,0xff,0x00,0x80,0x80,0x80,
0x80,0x01,0x00,0x80,0x80,0x03,0x80,0x80,0x80,0x80,0xfd,0x80,0x02,0x00,0xfe,0x00,
0x01,0x00,0xff,0x00,0x80,0x80,0x80,0x80,0x00,0x05,0x00,0x00,0x00,0x00,0x02,0x80,
0x03,0x80,0x00,0x03,0x00,0x07,0x00,0x0f,0x00,0x17,0x00,0x1b,0x00,0x00,0x01,0x33,
0x15,0x2b,0x01,0x33,0x15,0x23,0x03,0x33,0x15,0x23,0x15,0x23,0x11,0x33,0x21,0x33,
0x11,0x23,0x35,0x23,0x35,0x33,0x01,0x33,0x11,0x23,0x01,0x80,0x80,0x80,0x80,0x80,
0x80,0x80,0x80,0x80,0x80,0x80,0x01,0x80,0x80,0x80,0x80,0x80,0xff,0x00,0x80,0x80,
0x03,0x80,0x80,0x80,0xfe,0x80,0x80,0x80,0x02,0x80,0xfd,0x80,0x80,0x80,0x01,0x00,
0xff,0x00,0x00,0x00,0x00,0x07,0x00,0x00,0x00,0x00,0x02,0x80,0x03,0x80,0x00,0x03,
0x00,0x07,0x00,0x0b,0x00,0x0f,0x00,0x13,0x00,0x17,0x00,0x1b,0x00,0x00,0x01,0x33,
0x15,0x2b,0x01,0x33,0x15,0x23,0x03,0x23,0x11,0x33,0x21,0x33,0x11,0x23,0x01,0x33,
0x11,0x23,0x15,0x23,0x35,0x33,0x05,0x23,0x35,0x33,0x01,0x80,0x80,0x80,0x80,0x80,
0x80,0x80,0x80,0x80,0x01,0x80,0x80,0x80,0xff,0x00,0x80,0x80,0x80,0x80,0x01,0x00,
0x80,0x80,0x03,0x80,0x80,0x80,0xfe,0x00,0x02,0x00,0xfe,0x00,0x01,0x00,0xff,0x00,
0x80,0x80,0x80,0x80,0x00,0x05,0x00,0x00,0x00,0x00,0x02,0x80,0x03,0x80,0x00,0x03,
0x00,0x07,0x00,0x0f,0x00,0x17,0x00,0x1b,0x00,0x00,0x13,0x33,0x15,0x23,0x25,0x33,
0x15,0x23,0x01,0x33,0x15,0x23,0x15,0x23,0x11,0x33,0x21,0x33,0x11,0x23,0x35,0x23,
0x35,0x33,0x01,0x33,0x11,0x23,0x80,0x80,0x80,0x01,0x00,0x80,0x80,0xff,0x00,0x80,
0x80,0x80,0x80,0x01,0x80,0x80,0x80,0x80,0x80,0xff,0x00,0x80,0x80,0x03,0x80,0x80,
0x80,0x80,0xfe,0x00,0x80,0x80,0x02,0x80,0xfd,0x80,0x80,0x80,0x01,0x00,0xff,0x00,
0x00,0x07,0x00,0x00,0x00,0x00,0x02,0x80,0x03,0x80,0x00,0x03,0x00,0x07,0x00,0x0b,
0x00,0x0f,0x00,0x13,0x00,0x17,0x00,0x1b,0x00,0x00,0x13,0x33,0x15,0x23,0x25,0x33,
0x15,0x23,0x01,0x23,0x11,0x33,0x21,0x33,0x11,0x23,0x01,0x33,0x11,0x23,0x15,0x23,
0x35,0x33,0x05,0x23,0x35,0x33,0x80,0x80,0x80,0x01,0x00,0x80,0x80,0xff,0x00,0x80,
0x80,0x01,0x80,0x80,0x80,0xff,0x00,0x80,0x80,0x80,0x80,0x01,0x00,0x80,0x80,0x03,
0x80,0x80,0x80,0x80,0xfd,0x80,0x02,0x00,0xfe,0x00,0x01,0x00,0xff,0x00,0x80,0x80,
0x80,0x80,0x00,0x00,0x00,0x06,0x00,0x00,0xff,0x80,0x02,0x80,0x03,0x80,0x00,0x03,
0x00,0x07,0x00,0x0b,0x00,0x0f,0x00,0x13,0x00,0x17,0x00,0x00,0x01,0x15,0x21,0x35,
0x07,0x33,0x11,0x23,0x01,0x33,0x11,0x23,0x05,0x35,0x21,0x15,0x13,0x23,0x11,0x33,
0x01,0x35,0x21,0x15,0x02,0x00,0xfe,0x80,0x80,0x80,0x80,0x02,0x00,0x80,0x80,0xff,
0x00,0x01,0x00,0x80,0x80,0x80,0xfe,0x80,0x01,0x00,0x03,0x80,0x80,0x80,0x80,0xfc,
0x80,0x03,0x80,0xff,0x00,0x80,0x80,0x80,0xff,0x00,0x01,0x00,0xfe,0x80,0x80,0x80,
0x00,0x05,0x00,0x00,0x00,0x00,0x02,0x80,0x03,0x80,0x00,0x03,0x00,0x07,0x00,0x0b,
0x00,0x0f,0x00,0x1b,0x00,0x00,0x13,0x33,0x15,0x23,0x21,0x15,0x23,0x35,0x01,0x35,
0x33,0x15,0x21,0x35,0x33,0x15,0x05,0x33,0x35,0x33,0x11,0x23,0x11,0x23,0x11,0x23,
0x11,0x33,0x80,0x80,0x80,0x01,0x00,0x80,0xff,0x00,0x80,0x01,0x80,0x80,0xfe,0x80,
0x80,0x80,0x80,0x80,0x80,0x80,0x03,0x80,0x80,0x80,0x80,0xff,0x00,0x80,0x80,0x80,
0x80,0x80,0x80,0xff,0x00,0xff,0x00,0x01,0x00,0x01,0x00,0x00,0x00,0x06,0x00,0x00,
0xff,0x80,0x02,0x80,0x03,0x80,0x00,0x03,0x00,0x07,0x00,0x0b,0x00,0x13,0x00,0x17,
0x00,0x1b,0x00,0x00,0x13,0x33,0x15,0x23,0x21,0x15,0x23,0x35,0x07,0x11,0x23,0x11,
0x21,0x33,0x11,0x23,0x11,0x23,0x35,0x33,0x01,0x35,0x21,0x15,0x05,0x21,0x15,0x21,
0x80,0x80,0x80,0x01,0x00,0x80,0x80,0x80,0x02,0x00,0x80,0x80,0x80,0x80,0xfe,0x80,
0x01,0x00,0xff,0x00,0x01,0x80,0xfe,0x80,0x03,0x80,0x80,0x80,0x80,0x80,0xfe,0x80,
0x01,0x80,0xfd,0x80,0x01,0x00,0x80,0xff,0x00,0x80,0x80,0x80,0x80,0x00,0x00,0x00,
0x00,0x01,0x00,0x80,0x01,0x80,0x02,0x80,0x02,0x00,0x00,0x03,0x00,0x00,0x01,0x15,
0x21,0x35,0x02,0x80,0xfe,0x00,0x02,0x00,0x80,0x80,0x00,0x00,0x00,0x01,0x00,0x00,
0x01,0x80,0x03,0x00,0x02,0x00,0x00,0x03,0x00,0x00,0x01,0x15,0x21,0x35,0x03,0x00,
0xfd,0x00,0x02,0x00,0x80,0x80,0x00,0x00,0x00,0x02,0x01,0x00,0x01,0x80,0x02,0x00,
0x03,0x80,0x00,0x05,0x00,0x09,0x00,0x00,0x01,0x21,0x11,0x23,0x35,0x23,0x13,0x23,
0x35,0x33,0x01,0x00,0x01,0x00,0x80,0x80,0x80,0x80,0x80,0x03,0x80,0xfe,0x80,0x80,
0xff,0x00,0x80,0x00,0x00,0x02,0x01,0x00,0x01,0x80,0x02,0x00,0x03,0x80,0x00,0x05,
0x00,0x09,0x00,0x00,0x01,0x21,0x11,0x23,0x15,0x23,0x21,0x15,0x23,0x35,0x01,0x00,
0x01,0x00,0x80,0x80,0x01,0x00,0x80,0x03,0x80,0xff,0x00,0x80,0x80,0x80,0x00,0x00,
0x00,0x02,0x01,0x00,0xff,0x80,0x02,0x00,0x01,0x80,0x00,0x05,0x00,0x09,0x00,0x00,
0x01,0x21,0x11,0x23,0x35,0x23,0x13,0x23,0x35,0x33,0x01,0x00,0x01,0x00,0x80,0x80,
0x80,0x80,0x80,0x01,0x80,0xfe,0x80,0x80,0xff,0x00,0x80,0x00,0x00,0x04,0x00,0x00,
0x01,0x80,0x02,0x80,0x03,0x80,0x00,0x05,0x00,0x0b,0x00,0x0f,0x00,0x13,0x00,0x00,
0x11,0x21,0x11,0x23,0x35,0x23,0x01,0x21,0x11,0x23,0x35,0x23,0x01,0x23,0x35,0x33,
0x05,0x23,0x35,0x33,0x01,0x00,0x80,0x80,0x01,0x80,0x01,0x00,0x80,0x80,0xff,0x00,
0x80,0x80,0x01,0x80,0x80,0x80,0x03,0x80,0xfe,0x80,0x80,0x01,0x00,0xfe,0x80,0x80,
0xff,0x00,0x80,0x80,0x80,0x00,0x00,0x00,0x00,0x04,0x00,0x00,0x01,0x80,0x02,0x80,
0x03,0x80,0x00,0x05,0x00,0x0b,0x00,0x0f,0x00,0x13,0x00,0x00,0x11,0x21,0x11,0x23,
0x15,0x23,0x01,0x21,0x11,0x23,0x15,0x2b,0x01,0x15,0x23,0x35,0x21,0x15,0x23,0x35,
0x01,0x00,0x80,0x80,0x01,0x80,0x01,0x00,0x80,0x80,0x80,0x80,0x02,0x00,0x80,0x03,
0x80,0xff,0x00,0x80,0x01,0x80,0xff,0x00,0x80,0x80,0x80,0x80,0x80,0x00,0x00,0x00,
0x00,0x04,0x00,0x00,0xff,0x80,0x02,0x80,0x01,0x80,0x00,0x05,0x00,0x0b,0x00,0x0f,
0x00,0x13,0x00,0x00,0x11,0x21,0x11,0x23,0x35,0x23,0x01,0x21,0x11,0x23,0x35,0x23,
0x01,0x23,0x35,0x33,0x05,0x23,0x35,0x33,0x01,0x00,0x80,0x80,0x01,0x80,0x01,0x00,
0x80,0x80,0xff,0x00,0x80,0x80,0x01,0x80,0x80,0x80,0x01,0x80,0xfe,0x80,0x80,0x01,
0x00,0xfe,0x80,0x80,0xff,0x00,0x80,0x80,0x80,0x00,0x00,0x00,0x00,0x01,0x00,0x80,
0x00,0x80,0x02,0x00,0x03,0x00,0x00,0x0b,0x00,0x00,0x01,0x15,0x33,0x15,0x23,0x11,
0x23,0x11,0x23,0x35,0x33,0x35,0x01,0x80,0x80,0x80,0x80,0x80,0x80,0x03,0x00,0x80,
0x80,0xfe,0x80,0x01,0x80,0x80,0x80,0x00,0x00,0x01,0x00,0x80,0x00,0x00,0x02,0x00,
0x03,0x00,0x00,0x13,0x00,0x00,0x01,0x23,0x11,0x33,0x15,0x23,0x15,0x23,0x35,0x23,
0x35,0x33,0x11,0x23,0x35,0x33,0x35,0x33,0x15,0x33,0x02,0x00,0x80,0x80,0x80,0x80,
0x80,0x80,0x80,0x80,0x80,0x80,0x02,0x00,0xff,0x00,0x80,0x80,0x80,0x80,0x01,0x00,
0x80,0x80,0x80,0x00,0x00,0x01,0x01,0x00,0x01,0x00,0x02,0x00,0x02,0x00,0x00,0x03,
0x00,0x00,0x01,0x21,0x11,0x21,0x01,0x00,0x01,0x00,0xff,0x00,0x02,0x00,0xff,0x00,
0x00,0x03,0x00,0x00,0x00,0x00,0x02,0x80,0x01,0x00,0x00,0x03,0x00,0x07,0x00,0x0b,
0x00,0x00,0x31,0x11,0x33,0x11,0x33,0x11,0x33,0x11,0x13,0x33,0x11,0x23,0x80,0x80,
0x80,0x80,0x80,0x80,0x01,0x00,0xff,0x00,0x01,0x00,0xff,0x00,0x01,0x00,0xff,0x00,
0x00,0x0e,0x00,0x00,0x00,0x00,0x02,0x80,0x03,0x80,0x00,0x03,0x00,0x07,0x00,0x0b,
0x00,0x0f,0x00,0x13,0x00,0x17,0x00,0x1b,0x00,0x1f,0x00,0x23,0x00,0x27,0x00,0x2b,
0x00,0x2f,0x00,0x33,0x00,0x37,0x00,0x00,0x01,0x23,0x35,0x33,0x03,0x23,0x35,0x33,
0x05,0x23,0x35,0x33,0x05,0x23,0x35,0x33,0x01,0x23,0x35,0x33,0x05,0x23,0x35,0x33,
0x03,0x23,0x35,0x33,0x03,0x23,0x35,0x33,0x05,0x23,0x35,0x33,0x01,0x23,0x35,0x33,
0x05,0x23,0x35,0x33,0x05,0x23,0x35,0x33,0x01,0x23,0x35,0x33,0x05,0x23,0x35,0x33,
0x01,0x00,0x80,0x80,0x80,0x80,0x80,0x01,0x00,0x80,0x80,0x01,0x00,0x80,0x80,0xfe,
0x80,0x80,0x80,0x01,0x00,0x80,0x80,0x80,0x80,0x80,0x80,0x80,0x80,0x01,0x00,0x80,
0x80,0xfe,0x80,0x80,0x80,0x01,0x00,0x80,0x80,0x01,0x00,0x80,0x80,0xfe,0x80,0x80,
0x80,0x01,0x00,0x80,0x80,0x03,0x00,0x80,0xff,0x00,0x80,0x80,0x80,0x80,0x80,0xff,
0x00,0x80,0x80,0x80,0xff,0x00,0x80,0xff,0x00,0x80,0x80,0x80,0xff,0x00,0x80,0x80,
0x80,0x80,0x80,0xff,0x00,0x80,0x80,0x80,0x00,0x05,0x00,0x80,0x00,0x80,0x02,0x00,
0x03,0x00,0x00,0x03,0x00,0x07,0x00,0x0b,0x00,0x0f,0x00,0x13,0x00,0x00,0x01,0x23,
0x35,0x33,0x03,0x23,0x35,0x33,0x03,0x23,0x35,0x33,0x13,0x23,0x35,0x33,0x13,0x23,
0x35,0x33,0x02,0x00,0x80,0x80,0x80,0x80,0x80,0x80,0x80,0x80,0x80,0x80,0x80,0x80,
0x80,0x80,0x02,0x80,0x80,0xff,0x00,0x80,0xff,0x00,0x80,0xff,0x00,0x80,0xff,0x00,
0x80,0x00,0x00,0x00,0x00,0x05,0x00,0x80,0x00,0x80,0x02,0x00,0x03,0x00,0x00,0x03,
0x00,0x07,0x00,0x0b,0x00,0x0f,0x00,0x13,0x00,0x00,0x01,0x23,0x35,0x33,0x13,0x23,
0x35,0x33,0x13,0x23,0x35,0x33,0x03,0x23,0x35,0x33,0x03,0x23,0x35,0x33,0x01,0x00,
0x80,0x80,0x80,0x80,0x80,0x80,0x80,0x80,0x80,0x80,0x80,0x80,0x80,0x80,0x02,0x80,
0x80,0xff,0x00,0x80,0xff,0x00,0x80,0xff,0x00,0x80,0xff,0x00,0x80,0x00,0x00,0x00,
0x00,0x04,0x00,0x80,0x00,0x00,0x02,0x00,0x03,0x80,0x00,0x03,0x00,0x07,0x00,0x0b,
0x00,0x0f,0x00,0x00,0x13,0x33,0x11,0x23,0x01,0x33,0x11,0x23,0x03,0x23,0x35,0x33,
0x05,0x23,0x35,0x33,0x80,0x80,0x80,0x01,0x00,0x80,0x80,0x80,0x80,0x80,0x01,0x00,
0x80,0x80,0x03,0x80,0xfd,0x80,0x02,0x80,0xfd,0x80,0xff,0x00,0x80,0x80,0x80,0x00,
0x00,0x01,0x00,0x00,0x00,0x00,0x02,0x80,0x03,0x00,0x00,0x13,0x00,0x00,0x01,0x35,
0x33,0x11,0x23,0x15,0x23,0x15,0x23,0x15,0x23,0x15,0x23,0x11,0x33,0x35,0x33,0x35,
0x33,0x35,0x02,0x00,0x80,0x80,0x80,0x80,0x80,0x80,0x80,0x80,0x80,0x02,0x80,0x80,
0xff,0x00,0x80,0x80,0x80,0x80,0x01,0x00,0x80,0x80,0x80,0x00,0x00,0x03,0x00,0x80,
0x01,0x80,0x02,0x80,0x03,0x80,0x00,0x07,0x00,0x0b,0x00,0x0f,0x00,0x00,0x13,0x33,
0x15,0x33,0x15,0x23,0x11,0x23,0x01,0x35,0x33,0x15,0x31,0x33,0x11,0x23,0x80,0x80,
0x80,0x80,0x80,0x01,0x00,0x80,0x80,0x80,0x03,0x80,0x80,0x80,0xff,0x00,0x01,0x80,
0x80,0x80,0xfe,0x80,0x00,0x03,0x00,0x00,0xff,0x80,0x02,0x80,0x03,0x80,0x00,0x09,
0x00,0x0d,0x00,0x1b,0x00,0x00,0x13,0x21,0x15,0x21,0x11,0x23,0x11,0x21,0x15,0x21,
0x01,0x23,0x11,0x33,0x13,0x15,0x23,0x15,0x33,0x15,0x21,0x11,0x23,0x35,0x33,0x35,
0x33,0x15,0x80,0x01,0x00,0xff,0x00,0x80,0x01,0x80,0xff,0x00,0x01,0x80,0x80,0x80,
0x80,0x80,0x80,0xff,0x00,0x80,0x80,0x80,0x02,0x00,0x80,0xfe,0x80,0x03,0x80,0x80,
0xff,0x00,0x01,0x00,0xfe,0x00,0x80,0x80,0x80,0x01,0x00,0x80,0x80,0x80,0x00,0x00,
0x00,0x05,0x00,0x00,0x00,0x00,0x02,0x80,0x03,0x80,0x00,0x03,0x00,0x17,0x00,0x1b,
0x00,0x1f,0x00,0x23,0x00,0x00,0x01,0x21,0x15,0x21,0x05,0x33,0x35,0x33,0x15,0x33,
0x15,0x23,0x15,0x33,0x15,0x23,0x15,0x23,0x35,0x23,0x35,0x33,0x35,0x23,0x01,0x15,
0x23,0x35,0x11,0x33,0x15,0x23,0x15,0x21,0x35,0x21,0x01,0x00,0x01,0x00,0xff,0x00,
0xff,0x00,0x80,0x80,0x80,0x80,0x80,0x80,0x80,0x80,0x80,0x80,0x02,0x80,0x80,0x80,
0x80,0xff,0x00,0x01,0x00,0x03,0x80,0x80,0x80,0x80,0x80,0x80,0x80,0x80,0x80,0x80,
0x80,0x80,0x01,0x00,0x80,0x80,0xfe,0x00,0x80,0x80,0x80,0x00,0x00,0x01,0x00,0x00,
0x02,0x00,0x03,0x00,0x03,0x80,0x00,0x0d,0x00,0x00,0x01,0x11,0x23,0x35,0x23,0x15,
0x23,0x11,0x23,0x11,0x23,0x11,0x23,0x35,0x03,0x00,0x80,0x80,0x80,0x80,0x80,0x80,
0x03,0x80,0xfe,0x80,0x80,0x80,0x01,0x00,0xff,0x00,0x01,0x00,0x80,0x00,0x00,0x00,
0x00,0x01,0x00,0x00,0x00,0x80,0x03,0x00,0x03,0x00,0x00,0x0f,0x00,0x00,0x01,0x15,
0x21,0x11,0x23,0x35,0x23,0x35,0x23,0x35,0x33,0x35,0x33,0x35,0x33,0x11,0x03,0x00,
0xfe,0x80,0x80,0x80,0x80,0x80,0x80,0x80,0x02,0x00,0x80,0xff,0x00,0x80,0x80,0x80,
0x80,0x80,0xff,0x00,0x00,0x01,0x00,0x00,0xff,0x80,0x02,0x80,0x03,0x00,0x00,0x0f,
0x00,0x00,0x01,0x15,0x33,0x15,0x21,0x11,0x23,0x11,0x21,0x35,0x33,0x35,0x33,0x35,
0x33,0x15,0x02,0x00,0x80,0xff,0x00,0x80,0xff,0x00,0x80,0x80,0x80,0x02,0x80,0x80,
0x80,0xfe,0x00,0x02,0x00,0x80,0x80,0x80,0x80,0x00,0x00,0x00,0x00,0x01,0x00,0x00,
0x00,0x80,0x03,0x00,0x03,0x00,0x00,0x0f,0x00,0x00,0x01,0x15,0x33,0x15,0x23,0x15,
0x23,0x15,0x23,0x11,0x21,0x35,0x21,0x11,0x33,0x15,0x02,0x80,0x80,0x80,0x80,0x80,
0xfe,0x80,0x01,0x80,0x80,0x02,0x80,0x80,0x80,0x80,0x80,0x01,0x00,0x80,0x01,0x00,
0x80,0x00,0x00,0x00,0x00,0x01,0x00,0x00,0x00,0x00,0x02,0x80,0x03,0x80,0x00,0x0f,
0x00,0x00,0x01,0x21,0x15,0x23,0x15,0x23,0x15,0x23,0x35,0x23,0x35,0x23,0x35,0x21,
0x11,0x33,0x01,0x80,0x01,0x00,0x80,0x80,0x80,0x80,0x80,0x01,0x00,0x80,0x01,0x80,
0x80,0x80,0x80,0x80,0x80,0x80,0x02,0x00,0x00,0x01,0x00,0x00,0x01,0x00,0x03,0x00,
0x02,0x80,0x00,0x13,0x00,0x00,0x01,0x15,0x33,0x15,0x23,0x15,0x23,0x35,0x21,0x15,
0x23,0x35,0x23,0x35,0x33,0x35,0x33,0x15,0x21,0x35,0x02,0x80,0x80,0x80,0x80,0xff,
0x00,0x80,0x80,0x80,0x80,0x01,0x00,0x02,0x80,0x80,0x80,0x80,0x80,0x80,0x80,0x80,
0x80,0x80,0x80,0x00,0x00,0x01,0x00,0x00,0x00,0x00,0x02,0x80,0x03,0x80,0x00,0x1b,
0x00,0x00,0x01,0x21,0x15,0x21,0x15,0x23,0x15,0x23,0x15,0x23,0x35,0x23,0x35,0x23,
0x35,0x21,0x35,0x21,0x35,0x33,0x35,0x33,0x35,0x33,0x15,0x33,0x15,0x33,0x02,0x80,
0xff,0x00,0x01,0x00,0x80,0x80,0x80,0x80,0x80,0x01,0x00,0xff,0x00,0x80,0x80,0x80,
0x80,0x80,0x02,0x00,0x80,0x80,0x80,0x80,0x80,0x80,0x80,0x80,0x80,0x80,0x80,0x80,
0x80,0x00,0x00,0x00,0x00,0x04,0x00,0x00,0x00,0x80,0x02,0x80,0x03,0x00,0x00,0x07,
0x00,0x0b,0x00,0x0f,0x00,0x13,0x00,0x00,0x01,0x21,0x15,0x23,0x11,0x23,0x11,0x21,
0x01,0x35,0x33,0x1d,0x01,0x35,0x33,0x1d,0x01,0x35,0x33,0x15,0x02,0x00,0xff,0x00,
0x80,0x80,0x02,0x00,0xff,0x00,0x80,0x80,0x80,0x02,0x80,0x80,0xff,0x00,0x02,0x00,
0xfe,0x80,0x80,0x80,0x80,0x80,0x80,0x80,0x80,0x80,0x00,0x00,0x00,0x04,0x00,0x00,
0x00,0x80,0x02,0x80,0x03,0x00,0x00,0x07,0x00,0x0b,0x00,0x0f,0x00,0x13,0x00,0x00,
0x01,0x11,0x23,0x11,0x23,0x35,0x21,0x35,0x01,0x23,0x35,0x33,0x03,0x23,0x35,0x33,
0x03,0x23,0x35,0x33,0x02,0x80,0x80,0x80,0xff,0x00,0x01,0x00,0x80,0x80,0x80,0x80,
0x80,0x80,0x80,0x80,0x03,0x00,0xfe,0x00,0x01,0x00,0x80,0x80,0xfe,0x80,0x80,0xff,
0x00,0x80,0xff,0x00,0x80,0x00,0x00,0x00,0x00,0x04,0x00,0x00,0x00,0x80,0x02,0x80,
0x03,0x00,0x00,0x03,0x00,0x0b,0x00,0x0f,0x00,0x13,0x00,0x00,0x11,0x35,0x33,0x15,
0x21,0x33,0x11,0x21,0x35,0x21,0x35,0x33,0x25,0x35,0x33,0x1d,0x01,0x35,0x33,0x15,
0x80,0x01,0x80,0x80,0xfe,0x00,0x01,0x00,0x80,0xfe,0x80,0x80,0x80,0x02,0x80,0x80,
0x80,0xfe,0x00,0x80,0x80,0x80,0x80,0x80,0x80,0x80,0x80,0x00,0x00,0x04,0x00,0x00,
0x00,0x00,0x02,0x80,0x02,0x80,0x00,0x03,0x00,0x0b,0x00,0x0f,0x00,0x13,0x00,0x00,
0x01,0x35,0x33,0x15,0x21,0x11,0x33,0x15,0x21,0x15,0x21,0x11,0x05,0x23,0x35,0x33,
0x03,0x23,0x35,0x33,0x02,0x00,0x80,0xfe,0x00,0x80,0x01,0x00,0xfe,0x00,0x02,0x00,
0x80,0x80,0x80,0x80,0x80,0x02,0x00,0x80,0x80,0xff,0x00,0x80,0x80,0x02,0x00,0x80,
0x80,0xff,0x00,0x80,0x00,0x05,0x00,0x00,0x00,0x00,0x02,0x80,0x03,0x80,0x00,0x13,
0x00,0x17,0x00,0x1b,0x00,0x1f,0x00,0x23,0x00,0x00,0x01,0x33,0x15,0x23,0x15,0x33,
0x15,0x23,0x15,0x23,0x35,0x23,0x35,0x33,0x35,0x23,0x35,0x33,0x11,0x33,0x01,0x35,
0x33,0x15,0x25,0x33,0x15,0x23,0x01,0x35,0x33,0x15,0x25,0x15,0x23,0x35,0x01,0x80,
0x80,0x80,0x80,0x80,0x80,0x80,0x80,0x80,0x80,0x80,0xfe,0x80,0x80,0x01,0x80,0x80,
0x80,0xfe,0x00,0x80,0x02,0x00,0x80,0x02,0x00,0x80,0x80,0x80,0x80,0x80,0x80,0x80,
0x80,0x01,0x80,0xfe,0x80,0x80,0x80,0x80,0x80,0xff,0x00,0x80,0x80,0x80,0x80,0x80,
0x00,0x01,0x00,0x00,0xff,0x80,0x03,0x00,0x03,0x80,0x00,0x0d,0x00,0x00,0x01,0x33,
0x11,0x21,0x15,0x23,0x35,0x23,0x35,0x33,0x35,0x33,0x15,0x21,0x02,0x80,0x80,0xfe,
0x00,0x80,0x80,0x80,0x80,0x01,0x80,0x03,0x80,0xfc,0x80,0x80,0x80,0x80,0x80,0x80,
0x00,0x05,0x00,0x80,0x00,0x00,0x02,0x80,0x03,0x80,0x00,0x03,0x00,0x07,0x00,0x0f,
0x00,0x13,0x00,0x17,0x00,0x00,0x01,0x35,0x33,0x1d,0x01,0x35,0x33,0x1d,0x01,0x35,
0x33,0x11,0x23,0x11,0x21,0x35,0x07,0x33,0x11,0x23,0x17,0x35,0x21,0x15,0x01,0x00,
0x80,0x80,0x80,0x80,0xff,0x00,0x80,0x80,0x80,0x80,0x01,0x00,0x03,0x00,0x80,0x80,
0x80,0x80,0x80,0x80,0x80,0xfe,0x00,0x01,0x00,0x80,0x80,0xff,0x00,0x80,0x80,0x80,
0x00,0x01,0x00,0x00,0x00,0x00,0x02,0x80,0x03,0x00,0x00,0x0b,0x00,0x00,0x01,0x15,
0x23,0x11,0x23,0x11,0x23,0x11,0x23,0x11,0x23,0x35,0x02,0x80,0x80,0x80,0x80,0x80,
0x80,0x03,0x00,0x80,0xfd,0x80,0x02,0x80,0xfd,0x80,0x02,0x80,0x80,0x00,0x00,0x00,
0x00,0x05,0x00,0x00,0x00,0x00,0x02,0x80,0x03,0x80,0x00,0x05,0x00,0x09,0x00,0x0d,
0x00,0x11,0x00,0x17,0x00,0x00,0x13,0x15,0x23,0x11,0x21,0x15,0x05,0x15,0x23,0x35,
0x05,0x15,0x23,0x35,0x11,0x23,0x35,0x33,0x01,0x11,0x33,0x15,0x21,0x15,0x80,0x80,
0x02,0x80,0xfe,0x80,0x80,0x01,0x00,0x80,0x80,0x80,0xff,0x00,0x80,0x02,0x00,0x03,
0x00,0x80,0x01,0x00,0x80,0x80,0x80,0x80,0x80,0x80,0x80,0xff,0x00,0x80,0xfe,0x80,
0x01,0x00,0x80,0x80,0x00,0x01,0x00,0x00,0x01,0x80,0x02,0x80,0x02,0x00,0x00,0x03,
0x00,0x00,0x01,0x15,0x21,0x35,0x02,0x80,0xfd,0x80,0x02,0x00,0x80,0x80,0x00,0x00,
0x00,0x01,0x01,0x00,0x01,0x00,0x02,0x00,0x02,0x00,0x00,0x03,0x00,0x00,0x01,0x21,
0x11,0x21,0x01,0x00,0x01,0x00,0xff,0x00,0x02,0x00,0xff,0x00,0x00,0x03,0x00,0x00,
0xff,0x80,0x03,0x00,0x03,0x80,0x00,0x09,0x00,0x0d,0x00,0x11,0x00,0x00,0x01,0x15,
0x21,0x11,0x23,0x35,0x23,0x35,0x33,0x11,0x01,0x35,0x33,0x1d,0x01,0x35,0x33,0x15,
0x03,0x00,0xff,0x00,0x80,0x80,0x80,0xfe,0x80,0x80,0x80,0x03,0x80,0x80,0xfc,0x80,
0x80,0x80,0x03,0x00,0xfd,0x80,0x80,0x80,0x80,0x80,0x80,0x00,0x00,0x07,0x00,0x00,
0x00,0x00,0x03,0x00,0x02,0x80,0x00,0x03,0x00,0x07,0x00,0x0b,0x00,0x0f,0x00,0x13,
0x00,0x17,0x00,0x1b,0x00,0x00,0x01,0x15,0x21,0x35,0x21,0x33,0x15,0x23,0x21,0x11,
0x23,0x11,0x21,0x11,0x23,0x11,0x21,0x33,0x11,0x23,0x05,0x35,0x21,0x15,0x21,0x23,
0x35,0x33,0x01,0x80,0xff,0x00,0x01,0x80,0x80,0x80,0xfe,0x80,0x80,0x02,0x00,0x80,
0x01,0x00,0x80,0x80,0xfe,0x00,0x01,0x00,0x01,0x00,0x80,0x80,0x02,0x80,0x80,0x80,
0x80,0xfe,0x80,0x01,0x80,0xfe,0x80,0x01,0x80,0xfe,0x80,0x80,0x80,0x80,0x80,0x00,
0x00,0x01,0x00,0x00,0x00,0x00,0x02,0x80,0x02,0x00,0x00,0x05,0x00,0x00,0x25,0x15,
0x21,0x11,0x33,0x11,0x02,0x80,0xfd,0x80,0x80,0x80,0x80,0x02,0x00,0xfe,0x80,0x00,
0x00,0x03,0x00,0x00,0x00,0x00,0x02,0x80,0x03,0x80,0x00,0x03,0x00,0x07,0x00,0x0b,
0x00,0x00,0x01,0x15,0x21,0x35,0x07,0x33,0x11,0x23,0x01,0x33,0x11,0x23,0x02,0x00,
0xfe,0x80,0x80,0x80,0x80,0x02,0x00,0x80,0x80,0x03,0x80,0x80,0x80,0x80,0xfd,0x00,
0x03,0x00,0xfd,0x00,0x00,0x03,0x00,0x00,0xff,0x80,0x02,0x80,0x03,0x00,0x00,0x03,
0x00,0x07,0x00,0x0b,0x00,0x00,0x01,0x21,0x15,0x21,0x23,0x33,0x11,0x23,0x05,0x35,
0x21,0x15,0x01,0x80,0x01,0x00,0xff,0x00,0x80,0x80,0x80,0xff,0x00,0x01,0x00,0x03,
0x00,0x80,0xfd,0x80,0x80,0x80,0x80,0x00,0x00,0x0a,0x00,0x00,0x00,0x00,0x02,0x80,
0x03,0x00,0x00,0x03,0x00,0x07,0x00,0x0b,0x00,0x0f,0x00,0x13,0x00,0x17,0x00,0x1b,
0x00,0x1f,0x00,0x23,0x00,0x27,0x00,0x00,0x01,0x23,0x35,0x33,0x03,0x23,0x35,0x33,
0x05,0x23,0x35,0x33,0x05,0x23,0x35,0x33,0x03,0x23,0x35,0x33,0x01,0x23,0x35,0x33,
0x03,0x23,0x35,0x33,0x05,0x23,0x35,0x33,0x05,0x23,0x35,0x33,0x03,0x23,0x35,0x33,
0x01,0x00,0x80,0x80,0x80,0x80,0x80,0x01,0x00,0x80,0x80,0x01,0x00,0x80,0x80,0x80,
0x80,0x80,0xff,0x00,0x80,0x80,0x80,0x80,0x80,0x01,0x00,0x80,0x80,0x01,0x00,0x80,
0x80,0x80,0x80,0x80,0x02,0x80,0x80,0xff,0x00,0x80,0x80,0x80,0x80,0x80,0xff,0x00,
0x80,0xff,0x00,0x80,0xff,0x00,0x80,0x80,0x80,0x80,0x80,0xff,0x00,0x80,0x00,0x00,
0x00,0x01,0x00,0x00,0x00,0x80,0x02,0x80,0x03,0x00,0x00,0x13,0x00,0x00,0x01,0x21,
0x15,0x21,0x15,0x21,0x15,0x23,0x35,0x23,0x35,0x21,0x35,0x21,0x35,0x21,0x35,0x33,
0x15,0x33,0x02,0x80,0xff,0x00,0x01,0x00,0xfe,0x80,0x80,0x80,0x01,0x00,0xff,0x00,
0x01,0x80,0x80,0x80,0x02,0x00,0x80,0x80,0x80,0x80,0x80,0x80,0x80,0x80,0x80,0x00,
0x00,0x03,0x00,0x00,0x00,0x80,0x02,0x80,0x03,0x00,0x00,0x03,0x00,0x07,0x00,0x0b,
0x00,0x00,0x01,0x15,0x21,0x35,0x01,0x15,0x21,0x35,0x01,0x15,0x21,0x35,0x02,0x80,
0xfd,0x80,0x02,0x80,0xfd,0x80,0x02,0x80,0xfd,0x80,0x03,0x00,0x80,0x80,0xff,0x00,
0x80,0x80,0xff,0x00,0x80,0x80,0x00,0x00,0x00,0x07,0x00,0x00,0xff,0x80,0x02,0x00,
0x03,0x80,0x00,0x03,0x00,0x07,0x00,0x0b,0x00,0x0f,0x00,0x13,0x00,0x17,0x00,0x1d,
0x00,0x00,0x01,0x33,0x15,0x2b,0x01,0x33,0x15,0x2b,0x01,0x33,0x15,0x23,0x07,0x35,
0x33,0x15,0x33,0x15,0x23,0x35,0x05,0x15,0x23,0x35,0x13,0x35,0x33,0x11,0x21,0x35,
0x01,0x80,0x80,0x80,0x80,0x80,0x80,0x80,0x80,0x80,0x80,0x80,0x80,0x80,0x01,0x00,
0x80,0x80,0x80,0xfe,0x00,0x03,0x80,0x80,0x80,0x80,0x80,0x80,0x80,0x80,0x80,0x80,
0x80,0x80,0xff,0x00,0x80,0xff,0x00,0x80,0x00,0x07,0x00,0x80,0xff,0x80,0x02,0x80,
0x03,0x80,0x00,0x03,0x00,0x07,0x00,0x0b,0x00,0x0f,0x00,0x13,0x00,0x17,0x00,0x1d,
0x00,0x00,0x13,0x35,0x33,0x1d,0x01,0x35,0x33,0x1d,0x01,0x35,0x33,0x15,0x31,0x33,
0x15,0x2b,0x01,0x33,0x15,0x2b,0x01,0x33,0x15,0x2b,0x01,0x33,0x15,0x21,0x15,0x21,
0x80,0x80,0x80,0x80,0x80,0x80,0x80,0x80,0x80,0x80,0x80,0x80,0x80,0x80,0x01,0x80,
0xfe,0x00,0x03,0x00,0x80,0x80,0x80,0x80,0x80,0x80,0x80,0x80,0x80,0x80,0x80,0x80,
0x80,0x00,0x00,0x00,0x00,0x03,0x00,0x00,0x00,0x00,0x02,0x80,0x03,0x80,0x00,0x03,
0x00,0x0f,0x00,0x13,0x00,0x00,0x01,0x21,0x35,0x21,0x15,0x33,0x11,0x23,0x11,0x21,
0x11,0x23,0x11,0x33,0x11,0x21,0x01,0x21,0x15,0x21,0x02,0x00,0xfe,0x80,0x01,0x80,
0x80,0x80,0xfe,0x80,0x80,0x80,0x01,0x80,0xfe,0x80,0x01,0x80,0xfe,0x80,0x03,0x00,
0x80,0x80,0xfd,0x80,0x01,0x00,0xff,0x00,0x02,0x80,0xff,0x00,0xfe,0x80,0x80,0x00,
0x00,0x05,0x00,0x00,0x00,0x00,0x02,0x80,0x03,0x80,0x00,0x03,0x00,0x0f,0x00,0x1b,
0x00,0x1f,0x00,0x23,0x00,0x00,0x01,0x21,0x35,0x21,0x01,0x15,0x23,0x15,0x23,0x11,
0x33,0x15,0x33,0x15,0x23,0x15,0x01,0x35,0x33,0x11,0x23,0x35,0x23,0x35,0x33,0x35,
0x23,0x35,0x11,0x23,0x35,0x33,0x01,0x21,0x15,0x21,0x02,0x00,0xfe,0x80,0x01,0x80,
0xff,0x00,0x80,0x80,0x80,0x80,0x80,0x01,0x80,0x80,0x80,0x80,0x80,0x80,0x80,0x80,
0xff,0x00,0x01,0x80,0xfe,0x80,0x03,0x00,0x80,0xfe,0x00,0x80,0x80,0x02,0x80,0x80,
0x80,0x80,0x01,0x00,0x80,0xfd,0x80,0x80,0x80,0x80,0x80,0xff,0x00,0x80,0xfe,0x80,
0x80,0x00,0x00,0x00,0x00,0x05,0x00,0x00,0x00,0x00,0x02,0x80,0x02,0x80,0x00,0x03,
0x00,0x07,0x00,0x0b,0x00,0x0f,0x00,0x13,0x00,0x00,0x01,0x21,0x35,0x21,0x05,0x11,
0x23,0x11,0x21,0x33,0x11,0x23,0x27,0x23,0x35,0x33,0x01,0x21,0x15,0x21,0x02,0x00,
0xfe,0x80,0x01,0x80,0xfe,0x80,0x80,0x02,0x00,0x80,0x80,0x80,0x80,0x80,0xff,0x00,
0x01,0x80,0xfe,0x80,0x02,0x00,0x80,0x80,0xfe,0x80,0x01,0x80,0xfe,0x80,0x80,0x80,
0xff,0x00,0x80,0x00,0x00,0x01,0x00,0x00,0x00,0x00,0x02,0x80,0x03,0x80,0x00,0x07,
0x00,0x00,0x01,0x33,0x11,0x23,0x11,0x21,0x35,0x21,0x02,0x00,0x80,0x80,0xfe,0x00,
0x02,0x00,0x03,0x80,0xfc,0x80,0x01,0x80,0x80,0x00,0x00,0x00,0x00,0x01,0x00,0x00,
0x00,0x80,0x02,0x80,0x02,0x00,0x00,0x05,0x00,0x00,0x01,0x15,0x21,0x11,0x23,0x11,
0x02,0x80,0xfe,0x00,0x80,0x02,0x00,0x80,0xff,0x00,0x01,0x80,0x00,0x03,0x01,0x00,
0xff,0x80,0x02,0x80,0x03,0x00,0x00,0x03,0x00,0x07,0x00,0x0b,0x00,0x00,0x01,0x35,
0x33,0x15,0x21,0x33,0x11,0x23,0x01,0x33,0x11,0x23,0x01,0x80,0x80,0xff,0x00,0x80,
0x80,0x01,0x00,0x80,0x80,0x02,0x80,0x80,0x80,0xfd,0x00,0x03,0x00,0xff,0x00,0x00,
0x00,0x03,0x00,0x00,0x00,0x00,0x01,0x80,0x03,0x80,0x00,0x03,0x00,0x07,0x00,0x0b,
0x00,0x00,0x01,0x33,0x11,0x23,0x01,0x33,0x11,0x23,0x05,0x23,0x35,0x33,0x01,0x00,
0x80,0x80,0xff,0x00,0x80,0x80,0x01,0x00,0x80,0x80,0x03,0x80,0xfd,0x00,0x01,0x00,
0xff,0x00,0x80,0x80,0x00,0x04,0x00,0x00,0x00,0x00,0x02,0x80,0x03,0x00,0x00,0x0b,
0x00,0x0f,0x00,0x13,0x00,0x17,0x00,0x00,0x01,0x15,0x33,0x15,0x23,0x15,0x23,0x35,
0x23,0x35,0x33,0x35,0x03,0x11,0x33,0x11,0x21,0x35,0x33,0x15,0x17,0x23,0x35,0x33,
0x02,0x00,0x80,0x80,0x80,0x80,0x80,0x80,0x80,0xfe,0x80,0x80,0x80,0x80,0x80,0x03,
0x00,0x80,0x80,0x80,0x80,0x80,0x80,0xfd,0x80,0x01,0x00,0xff,0x00,0x80,0x80,0x80,
0x80,0x00,0x00,0x00,0x00,0x02,0x00,0x00,0x00,0x00,0x02,0x80,0x02,0x80,0x00,0x03,
0x00,0x17,0x00,0x00,0x01,0x21,0x35,0x21,0x11,0x35,0x33,0x11,0x23,0x15,0x33,0x15,
0x21,0x11,0x23,0x11,0x21,0x35,0x33,0x35,0x23,0x11,0x33,0x15,0x02,0x00,0xfe,0x80,
0x01,0x80,0x80,0x80,0x80,0xff,0x00,0x80,0xff,0x00,0x80,0x80,0x80,0x02,0x00,0x80,
0xff,0x00,0x80,0xff,0x00,0x80,0x80,0x01,0x00,0xff,0x00,0x80,0x80,0x01,0x00,0x80,
0x00,0x01,0x00,0x00,0x00,0x00,0x03,0x00,0x02,0x80,0x00,0x0b,0x00,0x00,0x25,0x33,
0x15,0x21,0x11,0x21,0x11,0x21,0x35,0x33,0x11,0x21,0x02,0x80,0x80,0xff,0x00,0xff,
0x00,0xff,0x00,0x80,0x02,0x00,0x80,0x80,0x02,0x00,0xfe,0x00,0x80,0x02,0x00,0x00,
0x00,0x01,0x01,0x80,0xff,0x80,0x03,0x00,0x03,0x80,0x00,0x05,0x00,0x00,0x01,0x15,
0x21,0x11,0x23,0x11,0x03,0x00,0xff,0x00,0x80,0x03,0x80,0x80,0xfc,0x80,0x04,0x00,
0x00,0x01,0x00,0x00,0xff,0x80,0x03,0x00,0x03,0x80,0x00,0x07,0x00,0x00,0x29,0x01,
0x15,0x21,0x35,0x21,0x11,0x33,0x02,0x00,0x01,0x00,0xfd,0x00,0x01,0x80,0x80,0x80,
0x80,0x03,0x80,0x00,0x00,0x01,0x00,0x00,0xff,0x80,0x02,0x00,0x03,0x80,0x00,0x05,
0x00,0x00,0x01,0x33,0x11,0x21,0x35,0x21,0x01,0x80,0x80,0xfe,0x00,0x01,0x80,0x03,
0x80,0xfc,0x00,0x80,0x00,0x06,0x00,0x00,0x00,0x00,0x02,0x80,0x03,0x80,0x00,0x03,
0x00,0x07,0x00,0x0b,0x00,0x0f,0x00,0x13,0x00,0x17,0x00,0x00,0x01,0x15,0x21,0x35,
0x03,0x11,0x33,0x11,0x25,0x35,0x33,0x15,0x05,0x15,0x23,0x35,0x05,0x15,0x23,0x35,
0x13,0x23,0x35,0x33,0x02,0x00,0xfe,0x80,0x80,0x80,0x01,0x80,0x80,0xfe,0x80,0x80,
0x01,0x00,0x80,0x80,0x80,0x80,0x03,0x80,0x80,0x80,0xfe,0x80,0x01,0x00,0xff,0x00,
0x80,0x80,0x80,0x80,0x80,0x80,0x80,0x80,0x80,0xfe,0x80,0x80,0x00,0x01,0x00,0x00,
0x01,0x80,0x03,0x00,0x02,0x00,0x00,0x03,0x00,0x00,0x01,0x15,0x21,0x35,0x03,0x00,
0xfd,0x00,0x02,0x00,0x80,0x80,0x00,0x00,0x00,0x01,0x01,0x80,0xff,0x80,0x02,0x00,
0x03,0x80,0x00,0x03,0x00,0x00,0x01,0x33,0x11,0x23,0x01,0x80,0x80,0x80,0x03,0x80,
0xfc,0x00,0x00,0x00,0x00,0x01,0x01,0x80,0xff,0x80,0x03,0x00,0x02,0x00,0x00,0x05,
0x00,0x00,0x01,0x15,0x21,0x11,0x23,0x11,0x03,0x00,0xff,0x00,0x80,0x02,0x00,0x80,
0xfe,0x00,0x02,0x80,0x00,0x01,0x00,0x00,0xff,0x80,0x02,0x00,0x02,0x00,0x00,0x05,
0x00,0x00,0x01,0x11,0x23,0x11,0x21,0x35,0x02,0x00,0x80,0xfe,0x80,0x02,0x00,0xfd,
0x80,0x02,0x00,0x80,0x00,0x01,0x01,0x80,0x01,0x80,0x03,0x00,0x03,0x80,0x00,0x05,
0x00,0x00,0x01,0x21,0x15,0x21,0x11,0x33,0x02,0x00,0x01,0x00,0xfe,0x80,0x80,0x02,
0x00,0x80,0x02,0x00,0x00,0x01,0x00,0x00,0x01,0x80,0x02,0x00,0x03,0x80,0x00,0x05,
0x00,0x00,0x01,0x33,0x11,0x21,0x35,0x21,0x01,0x80,0x80,0xfe,0x00,0x01,0x80,0x03,
0x80,0xfe,0x00,0x80,0x00,0x01,0x01,0x80,0xff,0x80,0x03,0x00,0x03,0x80,0x00,0x07,
0x00,0x00,0x01,0x21,0x15,0x21,0x11,0x23,0x11,0x33,0x02,0x00,0x01,0x00,0xff,0x00,
0x80,0x80,0x02,0x00,0x80,0xfe,0x00,0x04,0x00,0x00,0x00,0x00,0x00,0x01,0x00,0x00,
0xff,0x80,0x02,0x00,0x03,0x80,0x00,0x07,0x00,0x00,0x01,0x33,0x11,0x23,0x11,0x21,
0x35,0x21,0x01,0x80,0x80,0x80,0xfe,0x80,0x01,0x80,0x03,0x80,0xfc,0x00,0x02,0x00,
0x80,0x00,0x00,0x00,0x00,0x01,0x00,0x00,0xff,0x80,0x03,0x00,0x02,0x00,0x00,0x07,
0x00,0x00,0x01,0x15,0x21,0x11,0x23,0x11,0x21,0x35,0x03,0x00,0xfe,0x80,0x80,0xff,
0x00,0x02,0x00,0x80,0xfe,0x00,0x02,0x00,0x80,0x00,0x00,0x00,0x00,0x01,0x00,0x00,
0x01,0x80,0x03,0x00,0x03,0x80,0x00,0x07,0x00,0x00,0x01,0x21,0x15,0x21,0x35,0x21,
0x11,0x33,0x02,0x00,0x01,0x00,0xfd,0x00,0x01,0x80,0x80,0x02,0x00,0x80,0x80,0x01,
0x80,0x00,0x00,0x00,0x00,0x01,0x00,0x00,0xff,0x80,0x03,0x00,0x03,0x80,0x00,0x0b,
0x00,0x00,0x01,0x21,0x15,0x21,0x11,0x23,0x11,0x21,0x35,0x21,0x11,0x33,0x02,0x00,
0x01,0x00,0xff,0x00,0x80,0xfe,0x80,0x01,0x80,0x80,0x02,0x00,0x80,0xfe,0x00,0x02,
0x00,0x80,0x01,0x80,0x00,0x02,0x00,0x00,0x01,0x00,0x03,0x00,0x02,0x80,0x00,0x03,
0x00,0x07,0x00,0x00,0x01,0x15,0x21,0x35,0x01,0x15,0x21,0x35,0x03,0x00,0xfd,0x00,
0x03,0x00,0xfd,0x00,0x02,0x80,0x80,0x80,0xff,0x00,0x80,0x80,0x00,0x02,0x01,0x00,
0xff,0x80,0x02,0x80,0x03,0x80,0x00,0x03,0x00,0x07,0x00,0x00,0x01,0x33,0x11,0x23,
0x01,0x33,0x11,0x23,0x01,0x00,0x80,0x80,0x01,0x00,0x80,0x80,0x03,0x80,0xfc,0x00,
0x04,0x00,0xfc,0x00,0x00,0x01,0x01,0x80,0xff,0x80,0x03,0x00,0x02,0x80,0x00,0x09,
0x00,0x00,0x01,0x21,0x15,0x21,0x15,0x21,0x11,0x23,0x11,0x21,0x03,0x00,0xff,0x00,
0x01,0x00,0xff,0x00,0x80,0x01,0x80,0x02,0x00,0x80,0x80,0xfe,0x80,0x03,0x00,0x00,
0x00,0x01,0x01,0x00,0xff,0x80,0x03,0x00,0x02,0x00,0x00,0x09,0x00,0x00,0x01,0x15,
0x23,0x11,0x23,0x11,0x23,0x11,0x23,0x11,0x03,0x00,0x80,0x80,0x80,0x80,0x02,0x00,
0x80,0xfe,0x00,0x02,0x00,0xfe,0x00,0x02,0x80,0x00,0x00,0x00,0x00,0x02,0x01,0x00,
0xff,0x80,0x03,0x00,0x02,0x80,0x00,0x05,0x00,0x0b,0x00,0x00,0x01,0x15,0x21,0x11,
0x23,0x11,0x01,0x21,0x15,0x23,0x11,0x23,0x03,0x00,0xfe,0x80,0x80,0x01,0x00,0x01,
0x00,0x80,0x80,0x02,0x80,0x80,0xfd,0x80,0x03,0x00,0xff,0x00,0x80,0xfe,0x80,0x00,
0x00,0x01,0x00,0x00,0xff,0x80,0x02,0x00,0x02,0x80,0x00,0x09,0x00,0x00,0x01,0x11,
0x23,0x11,0x21,0x35,0x21,0x35,0x21,0x35,0x02,0x00,0x80,0xfe,0x80,0x01,0x80,0xfe,
0x80,0x02,0x80,0xfd,0x00,0x01,0x80,0x80,0x80,0x80,0x00,0x00,0x00,0x01,0x00,0x00,
0xff,0x80,0x02,0x80,0x02,0x00,0x00,0x09,0x00,0x00,0x01,0x11,0x23,0x11,0x23,0x11,
0x23,0x11,0x21,0x35,0x02,0x80,0x80,0x80,0x80,0xff,0x00,0x02,0x00,0xfd,0x80,0x02,
0x00,0xfe,0x00,0x02,0x00,0x80,0x00,0x00,0x00,0x02,0x00,0x00,0xff,0x80,0x02,0x80,
0x02,0x80,0x00,0x05,0x00,0x0b,0x00,0x00,0x01,0x11,0x23,0x11,0x21,0x35,0x11,0x21,
0x11,0x23,0x11,0x21,0x02,0x80,0x80,0xfe,0x00,0x01,0x80,0x80,0xff,0x00,0x02,0x80,
0xfd,0x00,0x02,0x80,0x80,0xff,0x00,0xfe,0x00,0x01,0x80,0x00,0x00,0x01,0x01,0x80,
0x01,0x00,0x03,0x00,0x03,0x80,0x00,0x09,0x00,0x00,0x01,0x21,0x15,0x21,0x15,0x21,
0x11,0x33,0x11,0x21,0x03,0x00,0xff,0x00,0x01,0x00,0xfe,0x80,0x80,0x01,0x00,0x02,
0x00,0x80,0x80,0x02,0x80,0xff,0x00,0x00,0x00,0x01,0x01,0x00,0x01,0x80,0x03,0x00,
0x03,0x80,0x00,0x09,0x00,0x00,0x01,0x33,0x15,0x21,0x11,0x33,0x11,0x33,0x11,0x33,
0x02,0x80,0x80,0xfe,0x00,0x80,0x80,0x80,0x02,0x00,0x80,0x02,0x00,0xfe,0x80,0x01,
0x80,0x00,0x00,0x00,0x00,0x02,0x01,0x00,0x01,0x00,0x03,0x00,0x03,0x80,0x00,0x05,
0x00,0x0b,0x00,0x00,0x01,0x21,0x15,0x21,0x11,0x33,0x01,0x33,0x15,0x21,0x11,0x33,
0x01,0x80,0x01,0x80,0xfe,0x00,0x80,0x01,0x00,0x80,0xff,0x00,0x80,0x01,0x80,0x80,
0x02,0x80,0xff,0x00,0x80,0x01,0x80,0x00,0x00,0x01,0x00,0x00,0x01,0x00,0x02,0x00,
0x03,0x80,0x00,0x09,0x00,0x00,0x01,0x33,0x11,0x21,0x35,0x21,0x35,0x21,0x35,0x21,
0x01,0x80,0x80,0xfe,0x00,0x01,0x80,0xfe,0x80,0x01,0x80,0x03,0x80,0xfd,0x80,0x80,
0x80,0x80,0x00,0x00,0x00,0x01,0x00,0x00,0x01,0x80,0x02,0x80,0x03,0x80,0x00,0x09,
0x00,0x00,0x01,0x33,0x11,0x21,0x35,0x21,0x11,0x33,0x11,0x33,0x02,0x00,0x80,0xfd,
0x80,0x01,0x00,0x80,0x80,0x03,0x80,0xfe,0x00,0x80,0x01,0x80,0xfe,0x80,0x00,0x00,
0x00,0x02,0x00,0x00,0x01,0x00,0x02,0x80,0x03,0x80,0x00,0x05,0x00,0x0b,0x00,0x00,
0x01,0x33,0x11,0x21,0x35,0x21,0x27,0x21,0x35,0x21,0x11,0x33,0x02,0x00,0x80,0xfd,
0x80,0x02,0x00,0x80,0xfe,0x80,0x01,0x00,0x80,0x03,0x80,0xfd,0x80,0x80,0x80,0x80,
0x01,0x00,0x00,0x00,0x00,0x01,0x01,0x80,0xff,0x80,0x03,0x00,0x03,0x80,0x00,0x0b,
0x00,0x00,0x01,0x21,0x15,0x21,0x15,0x21,0x11,0x23,0x11,0x33,0x11,0x21,0x03,0x00,
0xff,0x00,0x01,0x00,0xff,0x00,0x80,0x80,0x01,0x00,0x02,0x00,0x80,0x80,0xfe,0x80,
0x04,0x00,0xff,0x00,0x00,0x02,0x01,0x00,0xff,0x80,0x03,0x00,0x03,0x80,0x00,0x03,
0x00,0x0b,0x00,0x00,0x01,0x33,0x11,0x23,0x01,0x33,0x15,0x23,0x11,0x23,0x11,0x33,
0x01,0x00,0x80,0x80,0x01,0x80,0x80,0x80,0x80,0x80,0x03,0x80,0xfc,0x00,0x02,0x80,
0x80,0xfe,0x00,0x04,0x00,0x00,0x00,0x00,0x00,0x03,0x01,0x00,0xff,0x80,0x03,0x00,
0x03,0x80,0x00,0x03,0x00,0x09,0x00,0x0f,0x00,0x00,0x01,0x33,0x11,0x23,0x01,0x33,
0x15,0x21,0x11,0x33,0x03,0x21,0x15,0x23,0x11,0x23,0x01,0x00,0x80,0x80,0x01,0x80,
0x80,0xff,0x00,0x80,0x80,0x01,0x00,0x80,0x80,0x03,0x80,0xfc,0x00,0x03,0x00,0x80,
0x01,0x80,0xfe,0x00,0x80,0xfe,0x80,0x00,0x00,0x01,0x00,0x00,0xff,0x80,0x02,0x00,
0x03,0x80,0x00,0x0b,0x00,0x00,0x01,0x33,0x11,0x23,0x11,0x21,0x35,0x21,0x35,0x21,
0x35,0x21,0x01,0x80,0x80,0x80,0xfe,0x80,0x01,0x80,0xfe,0x80,0x01,0x80,0x03,0x80,
0xfc,0x00,0x01,0x80,0x80,0x80,0x80,0x00,0x00,0x02,0x00,0x00,0xff,0x80,0x02,0x80,
0x03,0x80,0x00,0x07,0x00,0x0b,0x00,0x00,0x01,0x33,0x11,0x23,0x11,0x21,0x35,0x21,
0x01,0x33,0x11,0x23,0x01,0x00,0x80,0x80,0xff,0x00,0x01,0x00,0x01,0x00,0x80,0x80,
0x03,0x80,0xfc,0x00,0x02,0x00,0x80,0x01,0x80,0xfc,0x00,0x00,0x00,0x03,0x00,0x00,
0xff,0x80,0x02,0x80,0x03,0x80,0x00,0x05,0x00,0x09,0x00,0x0f,0x00,0x00,0x01,0x11,
0x33,0x11,0x21,0x35,0x01,0x33,0x11,0x23,0x01,0x21,0x11,0x23,0x11,0x21,0x01,0x00,
0x80,0xfe,0x80,0x02,0x00,0x80,0x80,0xfe,0x00,0x01,0x80,0x80,0xff,0x00,0x02,0x80,
0x01,0x00,0xfe,0x80,0x80,0x01,0x00,0xfc,0x00,0x02,0x00,0xfe,0x00,0x01,0x80,0x00,
0x00,0x02,0x00,0x00,0xff,0x80,0x03,0x00,0x02,0x80,0x00,0x03,0x00,0x0b,0x00,0x00,
0x01,0x15,0x21,0x35,0x01,0x15,0x21,0x11,0x23,0x11,0x21,0x35,0x03,0x00,0xfd,0x00,
0x03,0x00,0xff,0x00,0x80,0xfe,0x80,0x02,0x80,0x80,0x80,0xff,0x00,0x80,0xfe,0x80,
0x01,0x80,0x80,0x00,0x00,0x01,0x00,0x00,0xff,0x80,0x03,0x00,0x02,0x00,0x00,0x0b,
0x00,0x00,0x01,0x15,0x23,0x11,0x23,0x11,0x23,0x11,0x23,0x11,0x21,0x35,0x03,0x00,
0x80,0x80,0x80,0x80,0xff,0x00,0x02,0x00,0x80,0xfe,0x00,0x02,0x00,0xfe,0x00,0x02,
0x00,0x80,0x00,0x00,0x00,0x03,0x00,0x00,0xff,0x80,0x03,0x00,0x02,0x80,0x00,0x03,
0x00,0x09,0x00,0x0f,0x00,0x00,0x01,0x15,0x21,0x35,0x11,0x21,0x11,0x23,0x11,0x21,
0x25,0x21,0x15,0x23,0x11,0x23,0x03,0x00,0xfd,0x00,0x01,0x80,0x80,0xff,0x00,0x02,
0x00,0x01,0x00,0x80,0x80,0x02,0x80,0x80,0x80,0xff,0x00,0xfe,0x00,0x01,0x80,0x80,
0x80,0xfe,0x80,0x00,0x00,0x02,0x00,0x00,0x01,0x00,0x03,0x00,0x03,0x80,0x00,0x07,
0x00,0x0b,0x00,0x00,0x01,0x21,0x15,0x21,0x35,0x21,0x11,0x33,0x01,0x15,0x21,0x35,
0x02,0x00,0x01,0x00,0xfd,0x00,0x01,0x80,0x80,0x01,0x00,0xfd,0x00,0x02,0x80,0x80,
0x80,0x01,0x00,0xfe,0x00,0x80,0x80,0x00,0x00,0x01,0x00,0x00,0x01,0x80,0x03,0x00,
0x03,0x80,0x00,0x0b,0x00,0x00,0x01,0x33,0x15,0x21,0x35,0x21,0x11,0x33,0x11,0x33,
0x11,0x33,0x02,0x80,0x80,0xfd,0x00,0x01,0x00,0x80,0x80,0x80,0x02,0x00,0x80,0x80,
0x01,0x80,0xfe,0x80,0x01,0x80,0x00,0x00,0x00,0x03,0x00,0x00,0x01,0x00,0x03,0x00,
0x03,0x80,0x00,0x05,0x00,0x0b,0x00,0x0f,0x00,0x00,0x01,0x21,0x35,0x21,0x11,0x33,
0x01,0x33,0x15,0x21,0x11,0x33,0x13,0x15,0x21,0x35,0x01,0x80,0xfe,0x80,0x01,0x00,
0x80,0x01,0x00,0x80,0xff,0x00,0x80,0x80,0xfd,0x00,0x02,0x00,0x80,0x01,0x00,0xff,
0x00,0x80,0x01,0x80,0xfe,0x00,0x80,0x80,0x00,0x01,0x00,0x00,0xff,0x80,0x03,0x00,
0x03,0x80,0x00,0x13,0x00,0x00,0x01,0x21,0x15,0x21,0x15,0x21,0x11,0x23,0x11,0x21,
0x35,0x21,0x35,0x21,0x35,0x21,0x11,0x33,0x11,0x21,0x03,0x00,0xff,0x00,0x01,0x00,
0xff,0x00,0x80,0xfe,0x80,0x01,0x80,0xfe,0x80,0x01,0x80,0x80,0x01,0x00,0x02,0x00,
0x80,0x80,0xfe,0x80,0x01,0x80,0x80,0x80,0x80,0x01,0x00,0xff,0x00,0x00,0x00,0x00,
0x00,0x01,0x00,0x00,0xff,0x80,0x03,0x00,0x03,0x80,0x00,0x13,0x00,0x00,0x01,0x33,
0x15,0x23,0x11,0x23,0x11,0x23,0x11,0x23,0x11,0x21,0x35,0x21,0x11,0x33,0x11,0x33,
0x11,0x33,0x02,0x80,0x80,0x80,0x80,0x80,0x80,0xff,0x00,0x01,0x00,0x80,0x80,0x80,
0x02,0x00,0x80,0xfe,0x00,0x02,0x00,0xfe,0x00,0x02,0x00,0x80,0x01,0x80,0xfe,0x80,
0x01,0x80,0x00,0x00,0x00,0x04,0x00,0x00,0xff,0x80,0x03,0x00,0x03,0x80,0x00,0x05,
0x00,0x0b,0x00,0x11,0x00,0x17,0x00,0x00,0x01,0x11,0x33,0x11,0x21,0x35,0x21,0x33,
0x15,0x21,0x11,0x33,0x01,0x21,0x11,0x23,0x11,0x21,0x25,0x21,0x15,0x23,0x11,0x23,
0x01,0x00,0x80,0xfe,0x80,0x02,0x80,0x80,0xff,0x00,0x80,0xfd,0x80,0x01,0x80,0x80,
0xff,0x00,0x02,0x00,0x01,0x00,0x80,0x80,0x02,0x80,0x01,0x00,0xfe,0x80,0x80,0x80,
0x01,0x80,0xfe,0x00,0xfe,0x00,0x01,0x80,0x80,0x80,0xfe,0x80,0x00,0x01,0x01,0x00,
0xff,0x80,0x03,0x00,0x02,0x00,0x00,0x0b,0x00,0x00,0x01,0x21,0x11,0x23,0x15,0x23,
0x11,0x21,0x11,0x33,0x35,0x33,0x02,0x00,0x01,0x00,0x80,0x80,0xff,0x00,0x80,0x80,
0x02,0x00,0xff,0x00,0x80,0xff,0x00,0x01,0x80,0x80,0x00,0x00,0x00,0x01,0x00,0x00,
0xff,0x80,0x02,0x00,0x02,0x00,0x00,0x0b,0x00,0x00,0x01,0x15,0x33,0x11,0x21,0x11,
0x23,0x35,0x23,0x11,0x21,0x15,0x01,0x80,0x80,0xff,0x00,0x80,0x80,0x01,0x00,0x01,
0x80,0x80,0xfe,0x80,0x01,0x00,0x80,0x01,0x00,0x80,0x00,0x00,0x00,0x01,0x00,0x00,
0x01,0x00,0x02,0x00,0x03,0x80,0x00,0x0b,0x00,0x00,0x01,0x21,0x11,0x23,0x15,0x23,
0x15,0x21,0x11,0x33,0x35,0x33,0x01,0x00,0x01,0x00,0x80,0x80,0xff,0x00,0x80,0x80,
0x03,0x80,0xfe,0x80,0x80,0x80,0x01,0x00,0x80,0x00,0x00,0x00,0x00,0x01,0x01,0x00,
0x01,0x00,0x03,0x00,0x03,0x80,0x00,0x0b,0x00,0x00,0x01,0x15,0x33,0x11,0x21,0x35,
0x23,0x35,0x23,0x11,0x21,0x11,0x02,0x80,0x80,0xff,0x00,0x80,0x80,0x01,0x00,0x02,
0x80,0x80,0xff,0x00,0x80,0x80,0x01,0x80,0xff,0x00,0x00,0x00,0x00,0x06,0x00,0x00,
0x00,0x00,0x03,0x00,0x03,0x00,0x00,0x03,0x00,0x07,0x00,0x0b,0x00,0x0f,0x00,0x13,
0x00,0x17,0x00,0x00,0x01,0x23,0x35,0x33,0x03,0x23,0x35,0x33,0x03,0x23,0x35,0x33,
0x03,0x23,0x35,0x33,0x03,0x23,0x35,0x33,0x03,0x23,0x35,0x33,0x03,0x00,0x80,0x80,
0x80,0x80,0x80,0x80,0x80,0x80,0x80,0x80,0x80,0x80,0x80,0x80,0x80,0x80,0x80,0x02,
0x80,0x80,0xff,0x00,0x80,0xff,0x00,0x80,0xff,0x00,0x80,0xff,0x00,0x80,0xff,0x00,
0x80,0x00,0x00,0x00,0x00,0x06,0x00,0x00,0x00,0x00,0x03,0x00,0x03,0x00,0x00,0x03,
0x00,0x07,0x00,0x0b,0x00,0x0f,0x00,0x13,0x00,0x17,0x00,0x00,0x13,0x23,0x35,0x33,
0x13,0x23,0x35,0x33,0x13,0x23,0x35,0x33,0x13,0x23,0x35,0x33,0x13,0x23,0x35,0x33,
0x13,0x23,0x35,0x33,0x80,0x80,0x80,0x80,0x80,0x80,0x80,0x80,0x80,0x80,0x80,0x80,
0x80,0x80,0x80,0x80,0x80,0x80,0x02,0x80,0x80,0xff,0x00,0x80,0xff,0x00,0x80,0xff,
0x00,0x80,0xff,0x00,0x80,0xff,0x00,0x80,0x00,0x09,0x00,0x00,0x00,0x00,0x03,0x00,
0x03,0x00,0x00,0x03,0x00,0x07,0x00,0x0b,0x00,0x0f,0x00,0x13,0x00,0x17,0x00,0x1b,
0x00,0x1f,0x00,0x23,0x00,0x00,0x11,0x35,0x33,0x15,0x25,0x33,0x15,0x23,0x05,0x35,
0x33,0x15,0x25,0x33,0x15,0x23,0x31,0x11,0x21,0x19,0x01,0x23,0x35,0x33,0x21,0x15,
0x23,0x35,0x01,0x23,0x35,0x33,0x21,0x15,0x23,0x35,0x80,0x02,0x00,0x80,0x80,0xfe,
0x00,0x80,0x01,0x00,0x80,0x80,0xff,0x00,0x80,0x80,0x01,0x80,0x80,0xfe,0x80,0x80,
0x80,0x02,0x80,0x80,0x02,0x80,0x80,0x80,0x80,0x80,0x80,0x80,0x80,0x80,0x80,0xff,
0x00,0x01,0x00,0xfe,0x80,0x80,0x80,0x80,0xff,0x00,0x80,0x80,0x80,0x00,0x00,0x00,
0x00,0x01,0x00,0x00,0x01,0x80,0x01,0x80,0x02,0x00,0x00,0x03,0x00,0x00,0x01,0x15,
0x21,0x35,0x01,0x80,0xfe,0x80,0x02,0x00,0x80,0x80,0x00,0x00,0x00,0x01,0x01,0x80,
0x01,0x80,0x02,0x00,0x03,0x80,0x00,0x03,0x00,0x00,0x01,0x33,0x11,0x23,0x01,0x80,
0x80,0x80,0x03,0x80,0xfe,0x00,0x00,0x00,0x00,0x01,0x01,0x80,0x01,0x80,0x03,0x00,
0x02,0x00,0x00,0x03,0x00,0x00,0x01,0x15,0x21,0x35,0x03,0x00,0xfe,0x80,0x02,0x00,
0x80,0x80,0x00,0x00,0x00,0x01,0x01,0x80,0xff,0x80,0x02,0x00,0x01,0x80,0x00,0x03,
0x00,0x00,0x01,0x33,0x11,0x23,0x01,0x80,0x80,0x80,0x01,0x80,0xfe,0x00,0x00,0x00,
0x00,0x01,0x00,0x00,0x01,0x80,0x03,0x00,0x03,0x80,0x00,0x03,0x00,0x00,0x01,0x11,
0x21,0x11,0x03,0x00,0xfd,0x00,0x03,0x80,0xfe,0x00,0x02,0x00,0x00,0x01,0x00,0x00,
0xff,0x80,0x03,0x00,0x00,0x00,0x00,0x03,0x00,0x00,0x21,0x15,0x21,0x35,0x03,0x00,
0xfd,0x00,0x80,0x80,0x00,0x01,0x00,0x00,0xff,0x80,0x03,0x00,0x00,0x80,0x00,0x03,
0x00,0x00,0x25,0x11,0x21,0x11,0x03,0x00,0xfd,0x00,0x80,0xff,0x00,0x01,0x00,0x00,
0x00,0x01,0x00,0x00,0xff,0x80,0x03,0x00,0x01,0x00,0x00,0x03,0x00,0x00,0x01,0x11,
0x21,0x11,0x03,0x00,0xfd,0x00,0x01,0x00,0xfe,0x80,0x01,0x80,0x00,0x01,0x00,0x00,
0xff,0x80,0x03,0x00,0x01,0x80,0x00,0x03,0x00,0x00,0x01,0x11,0x21,0x11,0x03,0x00,
0xfd,0x00,0x01,0x80,0xfe,0x00,0x02,0x00,0x00,0x01,0x00,0x00,0xff,0x80,0x03,0x00,
0x03,0x80,0x00,0x03,0x00,0x00,0x01,0x11,0x21,0x11,0x03,0x00,0xfd,0x00,0x03,0x80,
0xfc,0x00,0x04,0x00,0x00,0x01,0x00,0x00,0xff,0x80,0x01,0x80,0x03,0x80,0x00,0x03,
0x00,0x00,0x01,0x11,0x21,0x11,0x01,0x80,0xfe,0x80,0x03,0x80,0xfc,0x00,0x04,0x00,
0x00,0x01,0x00,0x00,0xff,0x80,0x01,0x80,0x03,0x80,0x00,0x03,0x00,0x00,0x01,0x11,
0x21,0x11,0x01,0x80,0xfe,0x80,0x03,0x80,0xfc,0x00,0x04,0x00,0x00,0x01,0x00,0x00,
0xff,0x80,0x01,0x00,0x03,0x80,0x00,0x03,0x00,0x00,0x11,0x21,0x11,0x21,0x01,0x00,
0xff,0x00,0x03,0x80,0xfc,0x00,0x00,0x00,0x00,0x01,0x00,0x00,0xff,0x80,0x00,0x80,
0x03,0x80,0x00,0x03,0x00,0x00,0x11,0x33,0x11,0x23,0x80,0x80,0x03,0x80,0xfc,0x00,
0x00,0x01,0x01,0x80,0xff,0x80,0x03,0x00,0x03,0x80,0x00,0x03,0x00,0x00,0x01,0x11,
0x21,0x11,0x03,0x00,0xfe,0x80,0x03,0x80,0xfc,0x00,0x04,0x00,0x00,0x0c,0x00,0x00,
0x00,0x00,0x03,0x00,0x03,0x80,0x00,0x03,0x00,0x07,0x00,0x0b,0x00,0x0f,0x00,0x13,
0x00,0x17,0x00,0x1b,0x00,0x1f,0x00,0x23,0x00,0x27,0x00,0x2b,0x00,0x2f,0x00,0x00,
0x13,0x23,0x35,0x33,0x05,0x23,0x35,0x33,0x05,0x23,0x35,0x33,0x01,0x23,0x35,0x33,
0x05,0x23,0x35,0x33,0x05,0x23,0x35,0x33,0x01,0x23,0x35,0x33,0x05,0x23,0x35,0x33,
0x05,0x23,0x35,0x33,0x01,0x23,0x35,0x33,0x05,0x23,0x35,0x33,0x05,0x23,0x35,0x33,
0x80,0x80,0x80,0x01,0x00,0x80,0x80,0x01,0x00,0x80,0x80,0xfe,0x80,0x80,0x80,0x01,
0x00,0x80,0x80,0x01,0x00,0x80,0x80,0xfd,0x80,0x80,0x80,0x01,0x00,0x80,0x80,0x01,
0x00,0x80,0x80,0xfe,0x80,0x80,0x80,0x01,0x00,0x80,0x80,0x01,0x00,0x80,0x80,0x03,
0x00,0x80,0x80,0x80,0x80,0x80,0xfe,0x80,0x80,0x80,0x80,0x80,0x80,0xfe,0x80,0x80,
0x80,0x80,0x80,0x80,0xfe,0x80,0x80,0x80,0x80,0x80,0x80,0x00,0x00,0x18,0x00,0x00,
0xff,0x80,0x03,0x00,0x03,0x80,0x00,0x03,0x00,0x07,0x00,0x0b,0x00,0x0f,0x00,0x13,
0x00,0x17,0x00,0x1b,0x00,0x1f,0x00,0x23,0x00,0x27,0x00,0x2b,0x00,0x2f,0x00,0x33,
0x00,0x37,0x00,0x3b,0x00,0x3f,0x00,0x43,0x00,0x47,0x00,0x4b,0x00,0x4f,0x00,0x53,
0x00,0x57,0x00,0x5b,0x00,0x5f,0x00,0x00,0x13,0x23,0x35,0x33,0x05,0x23,0x35,0x33,
0x05,0x23,0x35,0x33,0x01,0x23,0x35,0x33,0x05,0x23,0x35,0x33,0x05,0x23,0x35,0x33,
0x01,0x23,0x35,0x33,0x05,0x23,0x35,0x33,0x05,0x23,0x35,0x33,0x01,0x23,0x35,0x33,
0x05,0x23,0x35,0x33,0x05,0x23,0x35,0x33,0x01,0x23,0x35,0x33,0x05,0x23,0x35,0x33,
0x05,0x23,0x35,0x33,0x01,0x23,0x35,0x33,0x05,0x23,0x35,0x33,0x05,0x23,0x35,0x33,
0x01,0x23,0x35,0x33,0x05,0x23,0x35,0x33,0x05,0x23,0x35,0x33,0x01,0x23,0x35,0x33,
0x05,0x23,0x35,0x33,0x05,0x23,0x35,0x33,0x80,0x80,0x80,0x01,0x00,0x80,0x80,0x01,
0x00,0x80,0x80,0xfe,0x80,0x80,0x80,0x01,0x00,0x80,0x80,0x01,0x00,0x80,0x80,0xfd,
0x80,0x80,0x80,0x01,0x00,0x80,0x80,0x01,0x00,0x80,0x80,0xfe,0x80,0x80,0x80,0x01,
0x00,0x80,0x80,0x01,0x00,0x80,0x80,0xfd,0x80,0x80,0x80,0x01,0x00,0x80,0x80,0x01,
0x00,0x80,0x80,0xfe,0x80,0x80,0x80,0x01,0x00,0x80,0x80,0x01,0x00,0x80,0x80,0xfd,
0x80,0x80,0x80,0x01,0x00,0x80,0x80,0x01,0x00,0x80,0x80,0xfe,0x80,0x80,0x80,0x01,
0x00,0x80,0x80,0x01,0x00,0x80,0x80,0x03,0x00,0x80,0x80,0x80,0x80,0x80,0xff,0x00,
0x80,0x80,0x80,0x80,0x80,0xff,0x00,0x80,0x80,0x80,0x80,0x80,0xff,0x00,0x80,0x80,
0x80,0x80,0x80,0xff,0x00,0x80,0x80,0x80,0x80,0x80,0xff,0x00,0x80,0x80,0x80,0x80,
0x80,0xff,0x00,0x80,0x80,0x80,0x80,0x80,0xff,0x00,0x80,0x80,0x80,0x80,0x80,0x00,
0x00,0x07,0x00,0x00,0xff,0x80,0x03,0x00,0x03,0x80,0x00,0x19,0x00,0x1d,0x00,0x21,
0x00,0x25,0x00,0x29,0x00,0x2d,0x00,0x31,0x00,0x00,0x01,0x35,0x33,0x11,0x23,0x15,
0x33,0x11,0x23,0x15,0x33,0x15,0x21,0x11,0x33,0x35,0x23,0x11,0x33,0x35,0x33,0x15,
0x33,0x35,0x33,0x15,0x05,0x23,0x15,0x3b,0x02,0x35,0x23,0x11,0x23,0x15,0x3b,0x02,
0x35,0x23,0x01,0x15,0x33,0x35,0x17,0x33,0x35,0x23,0x02,0x80,0x80,0x80,0x80,0x80,
0x80,0xfd,0x00,0x80,0x80,0x80,0x80,0x80,0x80,0xff,0x00,0x80,0x80,0x80,0x80,0x80,
0x80,0x80,0x80,0x80,0x80,0xfe,0x80,0x80,0x80,0x80,0x80,0x03,0x00,0x80,0xff,0x00,
0x80,0xfe,0x80,0x80,0x80,0x01,0x80,0x80,0x01,0x80,0x80,0x80,0x80,0x80,0x80,0x80,
0x80,0xff,0x00,0x80,0x80,0xff,0x00,0x80,0x80,0x80,0x80,0x00,0x00,0x01,0x00,0x00,
0x03,0x00,0x03,0x00,0x03,0x80,0x00,0x03,0x00,0x00,0x01,0x15,0x21,0x35,0x03,0x00,
0xfd,0x00,0x03,0x80,0x80,0x80,0x00,0x00,0x00,0x01,0x02,0x80,0xff,0x80,0x03,0x00,
0x03,0x80,0x00,0x03,0x00,0x00,0x01,0x33,0x11,0x23,0x02,0x80,0x80,0x80,0x03,0x80,
0xfc,0x00,0x00,0x00,0x00,0x01,0x00,0x00,0xff,0x80,0x01,0x80,0x01,0x80,0x00,0x03,
0x00,0x00,0x01,0x11,0x21,0x11,0x01,0x80,0xfe,0x80,0x01,0x80,0xfe,0x00,0x02,0x00,
0x00,0x01,0x01,0x80,0xff,0x80,0x03,0x00,0x01,0x80,0x00,0x03,0x00,0x00,0x01,0x11,
0x21,0x11,0x03,0x00,0xfe,0x80,0x01,0x80,0xfe,0x00,0x02,0x00,0x00,0x01,0x00,0x00,
0x01,0x80,0x01,0x80,0x03,0x80,0x00,0x03,0x00,0x00,0x01,0x11,0x21,0x11,0x01,0x80,
0xfe,0x80,0x03,0x80,0xfe,0x00,0x02,0x00,0x00,0x01,0x00,0x00,0xff,0x80,0x03,0x00,
0x03,0x80,0x00,0x05,0x00,0x00,0x01,0x11,0x21,0x11,0x21,0x11,0x03,0x00,0xfd,0x00,
0x01,0x80,0x01,0x80,0xfe,0x00,0x04,0x00,0xfe,0x00,0x00,0x00,0x00,0x02,0x00,0x00,
0xff,0x80,0x03,0x00,0x03,0x80,0x00,0x03,0x00,0x07,0x00,0x00,0x01,0x21,0x11,0x21,
0x01,0x11,0x21,0x11,0x01,0x80,0xfe,0x80,0x01,0x80,0x01,0x80,0xfe,0x80,0x01,0x80,
0x02,0x00,0xfe,0x00,0xfe,0x00,0x02,0x00,0x00,0x01,0x00,0x00,0xff,0x80,0x03,0x00,
0x03,0x80,0x00,0x05,0x00,0x00,0x01,0x11,0x21,0x11,0x21,0x11,0x03,0x00,0xfe,0x80,
0xfe,0x80,0x03,0x80,0xfe,0x00,0xfe,0x00,0x04,0x00,0x00,0x00,0x00,0x01,0x00,0x00,
0xff,0x80,0x03,0x00,0x03,0x80,0x00,0x05,0x00,0x00,0x01,0x11,0x21,0x11,0x21,0x11,
0x03,0x00,0xfe,0x80,0xfe,0x80,0x03,0x80,0xfc,0x00,0x02,0x00,0x02,0x00,0x00,0x00,
0x00,0x01,0x01,0x80,0x01,0x80,0x03,0x00,0x03,0x80,0x00,0x03,0x00,0x00,0x01,0x11,
0x21,0x11,0x03,0x00,0xfe,0x80,0x03,0x80,0xfe,0x00,0x02,0x00,0x00,0x02,0x00,0x00,
0xff,0x80,0x03,0x00,0x03,0x80,0x00,0x03,0x00,0x07,0x00,0x00,0x01,0x11,0x21,0x11,
0x01,0x21,0x11,0x21,0x03,0x00,0xfe,0x80,0xfe,0x80,0x01,0x80,0xfe,0x80,0x03,0x80,
0xfe,0x00,0x02,0x00,0xfe,0x00,0xfe,0x00,0x00,0x01,0x00,0x00,0xff,0x80,0x03,0x00,
0x03,0x80,0x00,0x05,0x00,0x00,0x01,0x11,0x21,0x11,0x21,0x11,0x03,0x00,0xfd,0x00,
0x01,0x80,0x03,0x80,0xfc,0x00,0x02,0x00,0x02,0x00,0x00,0x00,0x00,0x01,0x00,0x80,
0x00,0x80,0x02,0x80,0x02,0x80,0x00,0x03,0x00,0x00,0x01,0x11,0x21,0x11,0x02,0x80,
0xfe,0x00,0x02,0x80,0xfe,0x00,0x02,0x00,0x00,0x02,0x00,0x80,0x00,0x80,0x02,0x80,
0x02,0x80,0x00,0x03,0x00,0x07,0x00,0x00,0x01,0x11,0x21,0x11,0x01,0x11,0x21,0x11,
0x02,0x80,0xfe,0x00,0x01,0x80,0xff,0x00,0x02,0x80,0xfe,0x00,0x02,0x00,0xfe,0x80,
0x01,0x00,0xff,0x00,0x00,0x08,0x00,0x00,0x00,0x00,0x02,0x80,0x03,0x00,0x00,0x03,
0x00,0x07,0x00,0x0b,0x00,0x0f,0x00,0x13,0x00,0x17,0x00,0x1b,0x00,0x1f,0x00,0x00,
0x01,0x33,0x15,0x2b,0x01,0x33,0x15,0x23,0x25,0x15,0x23,0x35,0x05,0x33,0x11,0x23,
0x01,0x33,0x11,0x23,0x05,0x35,0x33,0x15,0x21,0x23,0x35,0x33,0x03,0x23,0x35,0x33,
0x01,0x00,0x80,0x80,0x80,0x80,0x80,0x01,0x80,0x80,0xfe,0x80,0x80,0x80,0x02,0x00,
0x80,0x80,0xfe,0x80,0x80,0x01,0x00,0x80,0x80,0x80,0x80,0x80,0x03,0x00,0x80,0x80,
0x80,0x80,0x80,0x80,0xff,0x00,0x01,0x00,0xff,0x00,0x80,0x80,0x80,0x80,0xff,0x00,
0x80,0x00,0x00,0x00,0x00,0x04,0x00,0x80,0x00,0x80,0x02,0x80,0x02,0x80,0x00,0x03,
0x00,0x07,0x00,0x0b,0x00,0x0f,0x00,0x00,0x01,0x15,0x21,0x35,0x07,0x33,0x11,0x23,
0x01,0x33,0x11,0x23,0x05,0x35,0x21,0x15,0x02,0x00,0xff,0x00,0x80,0x80,0x80,0x01,
0x80,0x80,0x80,0xff,0x00,0x01,0x00,0x02,0x80,0x80,0x80,0x80,0xff,0x00,0x01,0x00,
0xff,0x00,0x80,0x80,0x80,0x00,0x00,0x00,0x00,0x06,0x00,0x00,0x00,0x80,0x02,0x80,
0x03,0x00,0x00,0x03,0x00,0x07,0x00,0x0b,0x00,0x0f,0x00,0x13,0x00,0x17,0x00,0x00,
0x01,0x23,0x35,0x33,0x05,0x23,0x35,0x33,0x01,0x23,0x35,0x33,0x05,0x23,0x35,0x33,
0x01,0x23,0x35,0x33,0x05,0x23,0x35,0x33,0x01,0x00,0x80,0x80,0x01,0x00,0x80,0x80,
0xfe,0x80,0x80,0x80,0x02,0x00,0x80,0x80,0xfe,0x80,0x80,0x80,0x01,0x00,0x80,0x80,
0x02,0x80,0x80,0x80,0x80,0xfe,0x80,0x80,0x80,0x80,0xfe,0x80,0x80,0x80,0x80,0x00,
0x00,0x01,0x00,0x80,0x00,0x80,0x02,0x80,0x02,0x80,0x00,0x0b,0x00,0x00,0x01,0x15,
0x33,0x11,0x23,0x15,0x21,0x35,0x23,0x11,0x33,0x35,0x02,0x00,0x80,0x80,0xff,0x00,
0x80,0x80,0x02,0x80,0x80,0xff,0x00,0x80,0x80,0x01,0x00,0x80,0x00,0x02,0x00,0x00,
0xff,0x80,0x03,0x00,0x03,0x80,0x00,0x03,0x00,0x07,0x00,0x00,0x01,0x11,0x21,0x11,
0x01,0x11,0x21,0x11,0x03,0x00,0xfd,0x00,0x02,0x00,0xff,0x00,0x03,0x80,0xfc,0x00,
0x04,0x00,0xfd,0x80,0x01,0x00,0xff,0x00,0x00,0x03,0x00,0x00,0xff,0x80,0x03,0x00,
0x03,0x80,0x00,0x03,0x00,0x0f,0x00,0x13,0x00,0x00,0x01,0x11,0x21,0x11,0x01,0x11,
0x23,0x35,0x21,0x15,0x23,0x11,0x33,0x15,0x21,0x35,0x19,0x01,0x21,0x11,0x03,0x00,
0xfd,0x00,0x02,0x80,0x80,0xff,0x00,0x80,0x80,0x01,0x00,0xff,0x00,0x03,0x80,0xfc,
0x00,0x04,0x00,0xfd,0x80,0x01,0x00,0x80,0x80,0xff,0x00,0x80,0x80,0x01,0x00,0xff,
0x00,0x01,0x00,0x00,0x00,0x01,0x00,0x00,0xff,0x80,0x03,0x00,0x03,0x00,0x00,0x0d,
0x00,0x00,0x01,0x35,0x33,0x11,0x21,0x11,0x33,0x35,0x33,0x35,0x33,0x35,0x33,0x35,
0x02,0x80,0x80,0xfd,0x00,0x80,0x80,0x80,0x80,0x02,0x80,0x80,0xfc,0x80,0x01,0x00,
0x80,0x80,0x80,0x80,0x00,0x01,0x00,0x00,0xff,0x80,0x03,0x00,0x03,0x00,0x00,0x0d,
0x00,0x00,0x01,0x15,0x33,0x11,0x21,0x11,0x33,0x15,0x33,0x15,0x33,0x15,0x33,0x15,
0x02,0x80,0x80,0xfd,0x00,0x80,0x80,0x80,0x80,0x01,0x00,0x80,0xff,0x00,0x03,0x80,
0x80,0x80,0x80,0x80,0x00,0x01,0x00,0x00,0x00,0x00,0x03,0x00,0x03,0x80,0x00,0x0d,
0x00,0x00,0x01,0x11,0x23,0x15,0x23,0x15,0x23,0x15,0x23,0x15,0x23,0x15,0x23,0x11,
0x03,0x00,0x80,0x80,0x80,0x80,0x80,0x80,0x03,0x80,0xff,0x00,0x80,0x80,0x80,0x80,
0x80,0x03,0x80,0x00,0x00,0x01,0x00,0x00,0x00,0x00,0x03,0x00,0x03,0x80,0x00,0x0d,
0x00,0x00,0x01,0x11,0x23,0x35,0x23,0x35,0x23,0x35,0x23,0x35,0x23,0x35,0x23,0x11,
0x03,0x00,0x80,0x80,0x80,0x80,0x80,0x80,0x03,0x80,0xfc,0x80,0x80,0x80,0x80,0x80,
0x80,0x01,0x00,0x00,0x00,0x02,0x00,0x80,0x00,0x00,0x02,0x80,0x03,0x00,0x00,0x0b,
0x00,0x0f,0x00,0x00,0x01,0x15,0x33,0x11,0x23,0x15,0x21,0x35,0x23,0x11,0x33,0x35,
0x01,0x11,0x21,0x11,0x02,0x00,0x80,0x80,0xff,0x00,0x80,0x80,0x01,0x00,0xff,0x00,
0x03,0x00,0x80,0xfe,0x00,0x80,0x80,0x02,0x00,0x80,0xfe,0x00,0x01,0x00,0xff,0x00,
0x00,0x03,0x00,0x00,0x00,0x00,0x02,0x80,0x02,0x80,0x00,0x03,0x00,0x07,0x00,0x0d,
0x00,0x00,0x01,0x11,0x21,0x11,0x05,0x23,0x15,0x33,0x25,0x23,0x11,0x21,0x15,0x21,
0x02,0x80,0xfd,0x80,0x01,0x00,0x80,0x80,0x01,0x00,0x80,0xff,0x00,0x01,0x80,0x02,
0x80,0xfd,0x80,0x02,0x80,0x80,0x80,0x80,0xff,0x00,0x80,0x00,0x00,0x03,0x00,0x00,
0x00,0x00,0x02,0x80,0x02,0x80,0x00,0x03,0x00,0x09,0x00,0x0d,0x00,0x00,0x01,0x11,
0x21,0x11,0x05,0x21,0x15,0x21,0x11,0x33,0x25,0x15,0x33,0x35,0x02,0x80,0xfd,0x80,
0x02,0x00,0xfe,0x80,0x01,0x00,0x80,0xfe,0x80,0x80,0x02,0x80,0xfd,0x80,0x02,0x80,
0x80,0x80,0xff,0x00,0x80,0x80,0x80,0x00,0x00,0x03,0x00,0x00,0x00,0x00,0x02,0x80,
0x02,0x80,0x00,0x03,0x00,0x09,0x00,0x0d,0x00,0x00,0x01,0x11,0x21,0x11,0x01,0x35,
0x21,0x11,0x33,0x11,0x13,0x33,0x35,0x23,0x02,0x80,0xfd,0x80,0x02,0x00,0xfe,0x80,
0x80,0x80,0x80,0x80,0x02,0x80,0xfd,0x80,0x02,0x80,0xff,0x00,0x80,0xfe,0x80,0x01,
0x00,0xff,0x00,0x80,0x00,0x03,0x00,0x00,0x00,0x00,0x02,0x80,0x02,0x80,0x00,0x03,
0x00,0x09,0x00,0x0d,0x00,0x00,0x01,0x11,0x21,0x11,0x01,0x35,0x21,0x11,0x23,0x11,
0x01,0x33,0x35,0x23,0x02,0x80,0xfd,0x80,0x02,0x00,0xff,0x00,0x80,0x01,0x00,0x80,
0x80,0x02,0x80,0xfd,0x80,0x02,0x80,0xfe,0x00,0x80,0x01,0x00,0xfe,0x80,0x01,0x00,
0x80,0x00,0x00,0x00,0x00,0x03,0x00,0x00,0x00,0x00,0x02,0x80,0x02,0x80,0x00,0x0d,
0x00,0x11,0x00,0x15,0x00,0x00,0x01,0x21,0x15,0x23,0x11,0x33,0x15,0x33,0x35,0x23,
0x35,0x21,0x15,0x23,0x3b,0x01,0x11,0x23,0x29,0x01,0x15,0x21,0x01,0x80,0xff,0x00,
0x80,0x80,0x80,0x80,0x01,0x80,0x80,0x80,0x80,0x80,0xfe,0x80,0x01,0x80,0xfe,0x80,
0x01,0x00,0x80,0x01,0x80,0x80,0x80,0x80,0x80,0xfe,0x80,0x80,0x00,0x03,0x00,0x00,
0x00,0x00,0x02,0x80,0x02,0x80,0x00,0x03,0x00,0x11,0x00,0x15,0x00,0x00,0x01,0x21,
0x35,0x21,0x03,0x11,0x33,0x15,0x21,0x35,0x33,0x35,0x23,0x15,0x23,0x11,0x33,0x15,
0x25,0x33,0x11,0x23,0x02,0x00,0xfe,0x80,0x01,0x80,0x80,0x80,0xfe,0x80,0x80,0x80,
0x80,0x80,0x01,0x80,0x80,0x80,0x02,0x00,0x80,0xff,0x00,0xff,0x00,0x80,0x80,0x80,
0x80,0x01,0x80,0x80,0x80,0xfe,0x80,0x00,0x00,0x03,0x00,0x00,0x00,0x00,0x02,0x80,
0x02,0x80,0x00,0x03,0x00,0x07,0x00,0x15,0x00,0x00,0x01,0x21,0x35,0x21,0x05,0x11,
0x23,0x11,0x05,0x35,0x33,0x11,0x23,0x35,0x23,0x15,0x33,0x15,0x21,0x35,0x33,0x11,
0x02,0x00,0xfe,0x80,0x01,0x80,0xfe,0x80,0x80,0x02,0x00,0x80,0x80,0x80,0x80,0xfe,
0x80,0x80,0x02,0x00,0x80,0x80,0xfe,0x80,0x01,0x80,0x80,0x80,0xfe,0x80,0x80,0x80,
0x80,0x80,0x01,0x00,0x00,0x03,0x00,0x00,0x00,0x00,0x02,0x80,0x02,0x80,0x00,0x0d,
0x00,0x11,0x00,0x15,0x00,0x00,0x01,0x35,0x33,0x11,0x23,0x35,0x21,0x11,0x23,0x35,
0x21,0x15,0x23,0x15,0x25,0x11,0x23,0x11,0x13,0x21,0x15,0x21,0x02,0x00,0x80,0x80,
0xff,0x00,0x80,0x01,0x80,0x80,0xff,0x00,0x80,0x80,0x01,0x80,0xfe,0x80,0x01,0x80,
0x80,0xfe,0x80,0x80,0x01,0x00,0x80,0x80,0x80,0x80,0xfe,0x80,0x01,0x80,0xfe,0x80,
0x80,0x00,0x00,0x00,0x00,0x03,0x00,0x00,0x00,0x00,0x02,0x80,0x03,0x80,0x00,0x03,
0x00,0x1b,0x00,0x1f,0x00,0x00,0x01,0x21,0x35,0x21,0x11,0x35,0x33,0x11,0x23,0x15,
0x21,0x35,0x23,0x11,0x33,0x15,0x33,0x15,0x23,0x11,0x33,0x15,0x33,0x35,0x33,0x11,
0x23,0x35,0x03,0x35,0x33,0x15,0x02,0x00,0xfe,0x80,0x01,0x80,0x80,0x80,0xfe,0x80,
0x80,0x80,0x80,0x80,0x80,0x80,0x80,0x80,0x80,0x80,0x03,0x00,0x80,0xff,0x00,0x80,
0xfd,0x80,0x80,0x80,0x02,0x80,0x80,0x80,0xff,0x00,0x80,0x80,0x01,0x00,0x80,0xfe,
0x80,0x80,0x80,0x00,0x00,0x05,0x00,0x00,0x00,0x00,0x02,0x80,0x03,0x80,0x00,0x03,
0x00,0x0b,0x00,0x13,0x00,0x17,0x00,0x1b,0x00,0x00,0x01,0x21,0x35,0x21,0x01,0x11,
0x23,0x11,0x33,0x15,0x33,0x15,0x25,0x35,0x33,0x11,0x23,0x11,0x23,0x35,0x11,0x23,
0x35,0x33,0x01,0x21,0x15,0x21,0x02,0x00,0xfe,0x80,0x01,0x80,0xfe,0x80,0x80,0x80,
0x80,0x01,0x00,0x80,0x80,0x80,0x80,0x80,0xff,0x00,0x01,0x80,0xfe,0x80,0x03,0x00,
0x80,0xfe,0x80,0xfe,0x80,0x02,0x80,0x80,0x80,0x80,0x80,0xfd,0x80,0x01,0x80,0x80,
0xfe,0x80,0x80,0xff,0x00,0x80,0x00,0x00,0x00,0x04,0x00,0x00,0x00,0x00,0x02,0x80,
0x03,0x80,0x00,0x0b,0x00,0x0f,0x00,0x13,0x00,0x17,0x00,0x00,0x01,0x15,0x33,0x11,
0x23,0x15,0x21,0x35,0x23,0x11,0x33,0x35,0x13,0x23,0x15,0x3b,0x02,0x35,0x23,0x03,
0x33,0x35,0x23,0x02,0x00,0x80,0x80,0xfe,0x80,0x80,0x80,0x80,0x80,0x80,0x80,0x80,
0x80,0x80,0x80,0x80,0x03,0x80,0x80,0xfd,0x80,0x80,0x80,0x02,0x80,0x80,0xff,0x00,
0x80,0x80,0xfe,0x80,0x80,0x00,0x00,0x00,0x00,0x06,0x00,0x00,0x00,0x80,0x02,0x80,
0x03,0x00,0x00,0x03,0x00,0x17,0x00,0x1b,0x00,0x1f,0x00,0x23,0x00,0x27,0x00,0x00,
0x11,0x35,0x33,0x15,0x25,0x15,0x33,0x15,0x33,0x15,0x23,0x15,0x23,0x15,0x23,0x35,
0x23,0x35,0x23,0x35,0x33,0x35,0x33,0x35,0x21,0x33,0x15,0x23,0x01,0x33,0x35,0x23,
0x03,0x23,0x35,0x33,0x21,0x15,0x23,0x35,0x80,0x01,0x00,0x80,0x80,0x80,0x80,0x80,
0x80,0x80,0x80,0x80,0x01,0x00,0x80,0x80,0xff,0x00,0x80,0x80,0x80,0x80,0x80,0x02,
0x00,0x80,0x02,0x80,0x80,0x80,0x80,0x80,0x80,0x80,0x80,0x80,0x80,0x80,0x80,0x80,
0x80,0x80,0xff,0x00,0x80,0xfe,0x80,0x80,0x80,0x80,0x00,0x00,0x00,0x04,0x00,0x00,
0xff,0x80,0x02,0x80,0x03,0x80,0x00,0x03,0x00,0x07,0x00,0x0b,0x00,0x1b,0x00,0x00,
0x01,0x21,0x35,0x21,0x05,0x11,0x23,0x11,0x21,0x33,0x11,0x23,0x29,0x01,0x15,0x23,
0x15,0x33,0x15,0x23,0x15,0x23,0x35,0x23,0x35,0x33,0x35,0x23,0x02,0x00,0xfe,0x80,
0x01,0x80,0xfe,0x80,0x80,0x02,0x00,0x80,0x80,0xfe,0x80,0x01,0x80,0x80,0x80,0x80,
0x80,0x80,0x80,0x80,0x03,0x00,0x80,0x80,0xfe,0x80,0x01,0x80,0xfe,0x80,0x80,0x80,
0x80,0x80,0x80,0x80,0x80,0x00,0x00,0x00,0x00,0x05,0x00,0x00,0xff,0x80,0x03,0x00,
0x03,0x80,0x00,0x07,0x00,0x0d,0x00,0x11,0x00,0x15,0x00,0x19,0x00,0x00,0x01,0x11,
0x23,0x35,0x23,0x35,0x23,0x35,0x11,0x35,0x33,0x11,0x21,0x35,0x15,0x11,0x23,0x11,
0x01,0x11,0x33,0x11,0x29,0x01,0x15,0x21,0x03,0x00,0x80,0x80,0x80,0x80,0xfe,0x80,
0x80,0x02,0x00,0x80,0xfe,0x00,0x01,0x80,0xfe,0x80,0x03,0x80,0xfe,0x80,0x80,0x80,
0x80,0xfe,0x80,0x80,0xff,0x00,0x80,0x80,0xfe,0x80,0x01,0x80,0xfe,0x80,0x01,0x80,
0xfe,0x80,0x80,0x00,0x00,0x02,0x00,0x00,0x00,0x00,0x02,0x80,0x03,0x00,0x00,0x0f,
0x00,0x17,0x00,0x00,0x01,0x15,0x33,0x11,0x21,0x35,0x23,0x15,0x21,0x11,0x33,0x35,
0x33,0x35,0x33,0x15,0x01,0x33,0x35,0x33,0x15,0x33,0x15,0x21,0x02,0x00,0x80,0xff,
0x00,0x80,0xff,0x00,0x80,0x80,0x80,0xff,0x00,0x80,0x80,0x80,0xfe,0x80,0x02,0x80,
0x80,0xff,0x00,0x80,0x80,0x01,0x00,0x80,0x80,0x80,0xfe,0x00,0x80,0x80,0x80,0x00,
0x00,0x02,0x00,0x00,0x00,0x00,0x02,0x80,0x03,0x00,0x00,0x0b,0x00,0x13,0x00,0x00,
0x01,0x33,0x11,0x21,0x35,0x23,0x15,0x21,0x11,0x33,0x11,0x21,0x01,0x33,0x35,0x33,
0x15,0x33,0x15,0x21,0x02,0x00,0x80,0xff,0x00,0x80,0xff,0x00,0x80,0x01,0x80,0xfe,
0x80,0x80,0x80,0x80,0xfe,0x80,0x02,0x00,0xff,0x00,0x80,0x80,0x01,0x00,0x01,0x00,
0xfd,0x80,0x80,0x80,0x80,0x00,0x00,0x00,0x00,0x01,0x00,0x00,0x00,0x00,0x02,0x80,
0x03,0x00,0x00,0x13,0x00,0x00,0x01,0x15,0x33,0x11,0x23,0x15,0x23,0x15,0x23,0x35,
0x23,0x35,0x23,0x11,0x33,0x35,0x33,0x15,0x33,0x35,0x02,0x00,0x80,0x80,0x80,0x80,
0x80,0x80,0x80,0x80,0x80,0x03,0x00,0x80,0xfe,0x80,0x80,0x80,0x80,0x80,0x01,0x80,
0x80,0x80,0x80,0x00,0x00,0x01,0x00,0x00,0x00,0x00,0x02,0x80,0x03,0x00,0x00,0x13,
0x00,0x00,0x01,0x15,0x33,0x11,0x23,0x15,0x23,0x15,0x23,0x35,0x23,0x35,0x23,0x11,
0x33,0x35,0x33,0x35,0x33,0x15,0x02,0x00,0x80,0x80,0x80,0x80,0x80,0x80,0x80,0x80,
0x80,0x02,0x80,0x80,0xff,0x00,0x80,0x80,0x80,0x80,0x01,0x00,0x80,0x80,0x80,0x00,
0x00,0x01,0x00,0x80,0x00,0x00,0x02,0x00,0x03,0x80,0x00,0x07,0x00,0x00,0x01,0x33,
0x11,0x23,0x15,0x21,0x11,0x21,0x01,0x80,0x80,0x80,0xff,0x00,0x01,0x00,0x03,0x80,
0xfd,0x00,0x80,0x01,0x00,0x00,0x00,0x00,0x00,0x02,0x00,0x00,0x00,0x00,0x02,0x80,
0x03,0x80,0x00,0x0b,0x00,0x0f,0x00,0x00,0x01,0x15,0x33,0x15,0x23,0x11,0x23,0x15,
0x21,0x11,0x21,0x11,0x01,0x35,0x33,0x15,0x01,0x80,0x80,0x80,0x80,0xff,0x00,0x01,
0x00,0x01,0x00,0x80,0x03,0x80,0x80,0x80,0xfe,0x00,0x80,0x01,0x00,0x02,0x80,0xfe,
0x80,0x80,0x80,0x00,0x00,0x01,0x00,0x00,0xff,0x80,0x03,0x00,0x03,0x80,0x00,0x15,
0x00,0x00,0x01,0x15,0x33,0x11,0x23,0x15,0x21,0x11,0x21,0x11,0x23,0x35,0x23,0x11,
0x23,0x15,0x21,0x11,0x21,0x11,0x21,0x15,0x02,0x80,0x80,0x80,0xff,0x00,0x01,0x00,
0x80,0x80,0x80,0xff,0x00,0x01,0x00,0x01,0x00,0x03,0x00,0x80,0xfd,0x80,0x80,0x01,
0x00,0x01,0x80,0x80,0xfe,0x00,0x80,0x01,0x00,0x02,0x80,0x80,0x00,0x03,0x00,0x00,
0xff,0x80,0x03,0x00,0x03,0x80,0x00,0x0d,0x00,0x11,0x00,0x1d,0x00,0x00,0x01,0x11,
0x23,0x15,0x21,0x11,0x21,0x11,0x21,0x15,0x23,0x15,0x33,0x15,0x13,0x15,0x23,0x35,
0x13,0x35,0x33,0x11,0x23,0x15,0x21,0x11,0x21,0x11,0x23,0x35,0x01,0x80,0x80,0xff,
0x00,0x01,0x00,0x01,0x00,0x80,0x80,0x80,0x80,0x80,0x80,0x80,0xff,0x00,0x01,0x00,
0x80,0x02,0x00,0xfe,0x80,0x80,0x01,0x00,0x02,0x80,0x80,0x80,0x80,0x01,0x00,0x80,
0x80,0xff,0x00,0x80,0xfd,0x80,0x80,0x01,0x00,0x01,0x00,0x80,0x00,0x01,0x00,0x80,
0x00,0x80,0x02,0x00,0x03,0x00,0x00,0x0b,0x00,0x00,0x01,0x21,0x11,0x23,0x35,0x23,
0x15,0x33,0x15,0x21,0x11,0x33,0x01,0x00,0x01,0x00,0x80,0x80,0x80,0xff,0x00,0x80,
0x02,0x00,0xff,0x00,0x80,0x80,0x80,0x02,0x80,0x00,0x00,0x00,0x00,0x02,0x00,0x80,
0x00,0x80,0x02,0x00,0x03,0x00,0x00,0x07,0x00,0x0b,0x00,0x00,0x01,0x21,0x11,0x23,
0x35,0x21,0x11,0x33,0x11,0x33,0x35,0x23,0x01,0x00,0x01,0x00,0x80,0xff,0x00,0x80,
0x80,0x80,0x02,0x80,0xfe,0x00,0x80,0x02,0x00,0xfe,0x80,0x80,0x00,0x02,0x00,0x00,
0x00,0x80,0x02,0x80,0x03,0x00,0x00,0x1b,0x00,0x1f,0x00,0x00,0x01,0x15,0x23,0x15,
0x33,0x15,0x23,0x15,0x23,0x35,0x23,0x15,0x23,0x35,0x23,0x35,0x33,0x35,0x23,0x35,
0x33,0x35,0x33,0x15,0x33,0x35,0x33,0x15,0x01,0x33,0x35,0x23,0x02,0x80,0x80,0x80,
0x80,0x80,0x80,0x80,0x80,0x80,0x80,0x80,0x80,0x80,0x80,0xff,0x00,0x80,0x80,0x02,
0x80,0x80,0x80,0x80,0x80,0x80,0x80,0x80,0x80,0x80,0x80,0x80,0x80,0x80,0x80,0xff,
0x00,0x80,0x00,0x00,0x00,0x05,0x00,0x00,0x00,0x00,0x02,0x80,0x03,0x80,0x00,0x03,
0x00,0x07,0x00,0x0b,0x00,0x0f,0x00,0x13,0x00,0x00,0x01,0x33,0x11,0x23,0x03,0x11,
0x33,0x11,0x01,0x11,0x33,0x11,0x21,0x35,0x33,0x15,0x17,0x23,0x35,0x33,0x02,0x00,
0x80,0x80,0x80,0x80,0xff,0x00,0x80,0xfe,0x80,0x80,0x80,0x80,0x80,0x03,0x80,0xff,
0x00,0xff,0x00,0x01,0x00,0xff,0x00,0xff,0x00,0x01,0x00,0xff,0x00,0x80,0x80,0x80,
0x80,0x00,0x00,0x00,0x00,0x03,0x00,0x00,0x00,0x00,0x02,0x80,0x02,0x80,0x00,0x0b,
0x00,0x0f,0x00,0x1b,0x00,0x00,0x01,0x35,0x23,0x15,0x23,0x35,0x23,0x35,0x21,0x15,
0x23,0x15,0x05,0x35,0x33,0x15,0x23,0x15,0x33,0x35,0x33,0x15,0x33,0x15,0x21,0x35,
0x33,0x35,0x01,0x80,0x80,0x80,0x80,0x02,0x80,0x80,0xff,0x00,0x80,0x80,0x80,0x80,
0x80,0xfd,0x80,0x80,0x01,0x80,0x80,0x80,0x80,0x80,0x80,0x80,0x80,0x80,0x80,0x80,
0x80,0x80,0x80,0x80,0x80,0x00,0x00,0x00,0x00,0x01,0x00,0x00,0x00,0x80,0x03,0x00,
0x03,0x00,0x00,0x0f,0x00,0x00,0x01,0x15,0x21,0x11,0x23,0x35,0x23,0x35,0x23,0x35,
0x33,0x35,0x33,0x35,0x33,0x11,0x03,0x00,0xfe,0x80,0x80,0x80,0x80,0x80,0x80,0x80,
0x02,0x00,0x80,0xff,0x00,0x80,0x80,0x80,0x80,0x80,0xff,0x00,0x00,0x01,0x00,0x00,
0x00,0x00,0x02,0x80,0x03,0x80,0x00,0x0f,0x00,0x00,0x01,0x15,0x33,0x15,0x21,0x11,
0x23,0x11,0x21,0x35,0x33,0x35,0x33,0x35,0x33,0x15,0x02,0x00,0x80,0xff,0x00,0x80,
0xff,0x00,0x80,0x80,0x80,0x03,0x00,0x80,0x80,0xfe,0x00,0x02,0x00,0x80,0x80,0x80,
0x80,0x00,0x00,0x00,0x00,0x01,0x00,0x00,0x00,0x80,0x03,0x00,0x03,0x00,0x00,0x0f,
0x00,0x00,0x01,0x15,0x33,0x15,0x23,0x15,0x23,0x15,0x23,0x11,0x21,0x35,0x21,0x11,
0x33,0x15,0x02,0x80,0x80,0x80,0x80,0x80,0xfe,0x80,0x01,0x80,0x80,0x02,0x80,0x80,
0x80,0x80,0x80,0x01,0x00,0x80,0x01,0x00,0x80,0x00,0x00,0x00,0x00,0x01,0x00,0x00,
0x00,0x00,0x02,0x80,0x03,0x80,0x00,0x0f,0x00,0x00,0x01,0x21,0x15,0x23,0x15,0x23,
0x15,0x23,0x35,0x23,0x35,0x23,0x35,0x21,0x11,0x33,0x01,0x80,0x01,0x00,0x80,0x80,
0x80,0x80,0x80,0x01,0x00,0x80,0x01,0x80,0x80,0x80,0x80,0x80,0x80,0x80,0x02,0x00,
0x00,0x01,0x00,0x00,0x01,0x00,0x03,0x00,0x02,0x80,0x00,0x13,0x00,0x00,0x01,0x15,
0x33,0x15,0x23,0x15,0x23,0x35,0x21,0x15,0x23,0x35,0x23,0x35,0x33,0x35,0x33,0x15,
0x21,0x35,0x02,0x80,0x80,0x80,0x80,0xff,0x00,0x80,0x80,0x80,0x80,0x01,0x00,0x02,
0x80,0x80,0x80,0x80,0x80,0x80,0x80,0x80,0x80,0x80,0x80,0x00,0x00,0x05,0x00,0x00,
0x00,0x00,0x02,0x80,0x03,0x00,0x00,0x11,0x00,0x15,0x00,0x19,0x00,0x1d,0x00,0x21,
0x00,0x00,0x01,0x33,0x11,0x21,0x35,0x23,0x35,0x33,0x35,0x23,0x35,0x33,0x35,0x33,
0x15,0x33,0x15,0x23,0x21,0x15,0x23,0x35,0x01,0x35,0x33,0x15,0x17,0x23,0x35,0x33,
0x21,0x15,0x23,0x35,0x01,0x80,0x80,0xff,0x00,0x80,0x80,0x80,0x80,0x80,0x80,0x80,
0x01,0x00,0x80,0xfe,0x00,0x80,0x80,0x80,0x80,0x01,0x80,0x80,0x01,0x80,0xff,0x00,
0x80,0x80,0x80,0x80,0x80,0x80,0x80,0x80,0x80,0xfe,0x80,0x80,0x80,0x80,0x80,0x80,
0x80,0x00,0x00,0x00,0x00,0x05,0x00,0x00,0x00,0x00,0x02,0x80,0x03,0x80,0x00,0x13,
0x00,0x17,0x00,0x1b,0x00,0x1f,0x00,0x23,0x00,0x00,0x01,0x33,0x11,0x23,0x15,0x23,
0x11,0x23,0x35,0x33,0x35,0x23,0x35,0x33,0x35,0x33,0x15,0x33,0x15,0x23,0x21,0x15,
0x23,0x35,0x01,0x33,0x11,0x23,0x05,0x23,0x11,0x33,0x01,0x23,0x35,0x33,0x01,0x80,
0x80,0x80,0x80,0x80,0x80,0x80,0x80,0x80,0x80,0x80,0x01,0x00,0x80,0xfe,0x00,0x80,
0x80,0x02,0x80,0x80,0x80,0xfe,0x80,0x80,0x80,0x02,0x00,0xff,0x00,0x80,0x01,0x00,
0x80,0x80,0x80,0x80,0x80,0x80,0x80,0x80,0xff,0x00,0xff,0x00,0x80,0x01,0x00,0xff,
0x00,0x80,0x00,0x00,0x00,0x05,0x00,0x00,0x00,0x00,0x02,0x80,0x02,0x80,0x00,0x03,
0x00,0x07,0x00,0x0b,0x00,0x0f,0x00,0x13,0x00,0x00,0x37,0x23,0x11,0x33,0x05,0x35,
0x33,0x15,0x31,0x33,0x11,0x23,0x07,0x23,0x35,0x33,0x03,0x23,0x35,0x33,0x80,0x80,
0x80,0x01,0x00,0x80,0x80,0x80,0x80,0x80,0x80,0x80,0x80,0x80,0x80,0x02,0x00,0x80,
0x80,0x80,0xff,0x00,0x80,0x80,0xff,0x00,0x80,0x00,0x00,0x00,0x00,0x05,0x00,0x00,
0x00,0x00,0x02,0x80,0x03,0x00,0x00,0x03,0x00,0x07,0x00,0x0b,0x00,0x0f,0x00,0x13,
0x00,0x00,0x37,0x23,0x11,0x33,0x05,0x35,0x33,0x15,0x31,0x33,0x11,0x23,0x07,0x23,
0x35,0x33,0x03,0x23,0x35,0x33,0x80,0x80,0x80,0x01,0x00,0x80,0x80,0x80,0x80,0x80,
0x80,0x80,0x80,0x80,0x80,0x02,0x80,0x80,0x80,0x80,0xfe,0x80,0x80,0x80,0xff,0x00,
0x80,0x00,0x00,0x00,0x00,0x06,0x00,0x80,0x00,0x00,0x02,0x80,0x03,0x00,0x00,0x03,
0x00,0x07,0x00,0x0b,0x00,0x0f,0x00,0x13,0x00,0x17,0x00,0x00,0x01,0x15,0x21,0x35,
0x11,0x21,0x15,0x21,0x15,0x23,0x35,0x33,0x05,0x35,0x33,0x15,0x07,0x23,0x35,0x33,
0x03,0x23,0x35,0x33,0x02,0x00,0xff,0x00,0x01,0x00,0xff,0x00,0x80,0x80,0x01,0x00,
0x80,0x80,0x80,0x80,0x80,0x80,0x80,0x03,0x00,0x80,0x80,0xff,0x00,0x80,0x80,0x80,
0x80,0x80,0x80,0x80,0x80,0xff,0x00,0x80,0x00,0x06,0x00,0x00,0x00,0x00,0x02,0x80,
0x03,0x80,0x00,0x03,0x00,0x07,0x00,0x0b,0x00,0x0f,0x00,0x13,0x00,0x17,0x00,0x00,
0x01,0x21,0x35,0x21,0x11,0x15,0x21,0x35,0x11,0x23,0x35,0x33,0x21,0x33,0x11,0x23,
0x15,0x23,0x35,0x33,0x01,0x35,0x21,0x15,0x02,0x00,0xfe,0x80,0x01,0x80,0xfe,0x80,
0x80,0x80,0x01,0x80,0x80,0x80,0x80,0x80,0xfe,0x80,0x01,0x00,0x03,0x00,0x80,0xff,
0x00,0x80,0x80,0xff,0x00,0x80,0xff,0x00,0x80,0x80,0xff,0x00,0x80,0x80,0x00,0x00,
0x00,0x05,0x00,0x80,0x00,0x00,0x02,0x80,0x03,0x00,0x00,0x03,0x00,0x09,0x00,0x0d,
0x00,0x11,0x00,0x15,0x00,0x00,0x01,0x15,0x21,0x35,0x01,0x11,0x23,0x35,0x21,0x35,
0x13,0x35,0x33,0x15,0x07,0x23,0x35,0x3b,0x01,0x21,0x15,0x21,0x02,0x00,0xff,0x00,
0x01,0x00,0x80,0xff,0x00,0x80,0x80,0x80,0x80,0x80,0x80,0x01,0x00,0xff,0x00,0x03,
0x00,0x80,0x80,0xff,0x00,0xff,0x00,0x80,0x80,0xfe,0x80,0x80,0x80,0x80,0x80,0x80,
0x00,0x06,0x00,0x00,0x00,0x00,0x02,0x80,0x03,0x80,0x00,0x03,0x00,0x09,0x00,0x0d,
0x00,0x11,0x00,0x17,0x00,0x1b,0x00,0x00,0x01,0x21,0x35,0x21,0x19,0x01,0x23,0x35,
0x21,0x35,0x01,0x35,0x33,0x15,0x07,0x23,0x35,0x33,0x21,0x15,0x33,0x15,0x21,0x11,
0x01,0x23,0x35,0x33,0x02,0x00,0xfe,0x80,0x01,0x80,0x80,0xfe,0x80,0x01,0x00,0x80,
0x80,0x80,0x80,0x01,0x00,0x80,0xff,0x00,0xff,0x00,0x80,0x80,0x03,0x00,0x80,0xff,
0x00,0xff,0x00,0x80,0x80,0xfe,0x80,0x80,0x80,0x80,0x80,0x80,0x80,0x01,0x00,0xff,
0x00,0x80,0x00,0x00,0x00,0x04,0x00,0x00,0x00,0x00,0x02,0x80,0x03,0x00,0x00,0x13,
0x00,0x17,0x00,0x1b,0x00,0x1f,0x00,0x00,0x01,0x21,0x15,0x21,0x11,0x23,0x35,0x23,
0x35,0x33,0x11,0x23,0x35,0x33,0x35,0x33,0x15,0x33,0x15,0x23,0x21,0x35,0x33,0x15,
0x11,0x23,0x35,0x33,0x03,0x23,0x35,0x33,0x01,0x00,0x01,0x00,0xff,0x00,0x80,0x80,
0x80,0x80,0x80,0x80,0x80,0x80,0x01,0x00,0x80,0x80,0x80,0x80,0x80,0x80,0x01,0x80,
0x80,0xff,0x00,0x80,0x80,0x01,0x00,0x80,0x80,0x80,0x80,0x80,0x80,0xfe,0x80,0x80,
0xff,0x00,0x80,0x00,0x00,0x05,0x00,0x00,0x00,0x00,0x02,0x80,0x03,0x80,0x00,0x13,
0x00,0x17,0x00,0x1b,0x00,0x1f,0x00,0x23,0x00,0x00,0x13,0x33,0x15,0x33,0x15,0x23,
0x15,0x21,0x15,0x21,0x11,0x23,0x35,0x23,0x11,0x33,0x11,0x23,0x35,0x33,0x21,0x35,
0x33,0x15,0x33,0x15,0x23,0x35,0x13,0x23,0x11,0x33,0x03,0x23,0x35,0x33,0x80,0x80,
0x80,0x80,0x01,0x00,0xff,0x00,0x80,0x80,0x80,0x80,0x80,0x01,0x00,0x80,0x80,0x80,
0x80,0x80,0x80,0x80,0x80,0x80,0x03,0x80,0x80,0x80,0x80,0x80,0xfe,0x80,0x80,0x01,
0x00,0x01,0x00,0x80,0x80,0x80,0x80,0x80,0xfd,0x80,0x01,0x00,0xfe,0x80,0x80,0x00,
0x00,0x05,0x00,0x00,0x00,0x00,0x02,0x80,0x03,0x80,0x00,0x0b,0x00,0x0f,0x00,0x17,
0x00,0x1b,0x00,0x1f,0x00,0x00,0x01,0x33,0x15,0x23,0x11,0x23,0x11,0x23,0x35,0x33,
0x11,0x33,0x17,0x33,0x15,0x23,0x17,0x35,0x33,0x11,0x23,0x11,0x23,0x11,0x01,0x11,
0x33,0x11,0x21,0x23,0x35,0x33,0x01,0x00,0x80,0x80,0x80,0x80,0x80,0x80,0x80,0x80,
0x80,0x80,0x80,0x80,0x80,0xfe,0x80,0x80,0x01,0x00,0x80,0x80,0x02,0x80,0x80,0xff,
0x00,0x01,0x00,0x80,0x01,0x00,0x80,0x80,0x80,0x80,0xff,0x00,0xff,0x00,0x01,0x80,
0xfe,0x00,0x01,0x00,0xff,0x00,0x80,0x00,0x00,0x05,0x00,0x00,0x00,0x00,0x02,0x80,
0x03,0x80,0x00,0x0b,0x00,0x0f,0x00,0x17,0x00,0x1b,0x00,0x1f,0x00,0x00,0x01,0x33,
0x15,0x23,0x11,0x23,0x11,0x23,0x35,0x33,0x11,0x3b,0x01,0x21,0x15,0x21,0x11,0x33,
0x35,0x33,0x11,0x23,0x11,0x23,0x05,0x11,0x33,0x11,0x21,0x23,0x35,0x33,0x01,0x00,
0x80,0x80,0x80,0x80,0x80,0x80,0x80,0x01,0x00,0xff,0x00,0x80,0x80,0x80,0x80,0xfe,
0x80,0x80,0x01,0x00,0x80,0x80,0x02,0x80,0x80,0xff,0x00,0x01,0x00,0x80,0x01,0x00,
0x80,0xff,0x00,0x80,0xff,0x00,0xff,0x00,0x80,0x01,0x00,0xff,0x00,0x80,0x00,0x00,
0x00,0x03,0x00,0x00,0x00,0x00,0x02,0x80,0x03,0x80,0x00,0x17,0x00,0x1b,0x00,0x1f,
0x00,0x00,0x01,0x21,0x15,0x23,0x15,0x23,0x35,0x23,0x15,0x23,0x35,0x23,0x35,0x21,
0x35,0x21,0x35,0x21,0x35,0x33,0x15,0x33,0x15,0x23,0x01,0x23,0x35,0x33,0x11,0x35,
0x21,0x15,0x01,0x80,0x01,0x00,0x80,0x80,0x80,0x80,0x80,0x01,0x00,0xff,0x00,0x01,
0x00,0x80,0x80,0x80,0xff,0x00,0x80,0x80,0x01,0x80,0x02,0x00,0x80,0x80,0x80,0x80,
0x80,0x80,0x80,0x80,0x80,0x80,0x80,0xfe,0x00,0x80,0xff,0x00,0x80,0x80,0x00,0x00,
0x00,0x04,0x00,0x00,0x00,0x00,0x02,0x80,0x03,0x80,0x00,0x17,0x00,0x1b,0x00,0x1f,
0x00,0x23,0x00,0x00,0x01,0x15,0x23,0x15,0x21,0x15,0x23,0x15,0x23,0x35,0x23,0x15,
0x23,0x35,0x23,0x35,0x21,0x35,0x21,0x35,0x21,0x35,0x33,0x15,0x37,0x33,0x15,0x23,
0x01,0x23,0x35,0x33,0x11,0x35,0x21,0x15,0x02,0x00,0x80,0x01,0x00,0x80,0x80,0x80,
0x80,0x80,0x01,0x00,0xff,0x00,0x01,0x00,0x80,0x80,0x80,0x80,0xfe,0x80,0x80,0x80,
0x01,0x80,0x03,0x00,0x80,0x80,0x80,0x80,0x80,0x80,0x80,0x80,0x80,0x80,0x80,0x80,
0x80,0x80,0xfd,0x80,0x80,0xff,0x00,0x80,0x80,0x00,0x00,0x00,0x00,0x05,0x00,0x00,
0x00,0x00,0x02,0x00,0x03,0x80,0x00,0x03,0x00,0x07,0x00,0x0b,0x00,0x0f,0x00,0x13,
0x00,0x00,0x01,0x33,0x11,0x23,0x05,0x35,0x21,0x15,0x05,0x23,0x35,0x33,0x01,0x21,
0x35,0x21,0x13,0x23,0x11,0x33,0x01,0x80,0x80,0x80,0xff,0x00,0x01,0x00,0xff,0x00,
0x80,0x80,0x01,0x00,0xff,0x00,0x01,0x00,0x80,0x80,0x80,0x03,0x80,0xff,0x00,0x80,
0x80,0x80,0x80,0x80,0xff,0x00,0x80,0xfe,0x80,0x01,0x00,0x00,0x00,0x06,0x00,0x00,
0x00,0x00,0x02,0x80,0x03,0x80,0x00,0x03,0x00,0x07,0x00,0x0b,0x00,0x0f,0x00,0x13,
0x00,0x17,0x00,0x00,0x01,0x33,0x11,0x23,0x05,0x35,0x21,0x15,0x33,0x35,0x33,0x15,
0x05,0x23,0x35,0x33,0x01,0x21,0x35,0x21,0x13,0x23,0x11,0x33,0x01,0x80,0x80,0x80,
0xff,0x00,0x01,0x00,0x80,0x80,0xfe,0x00,0x80,0x80,0x01,0x00,0xff,0x00,0x01,0x00,
0x80,0x80,0x80,0x03,0x80,0xff,0x00,0x80,0x80,0x80,0x80,0x80,0x80,0x80,0xff,0x00,
0x80,0xfe,0x80,0x01,0x00,0x00,0x00,0x00,0x00,0x03,0x00,0x00,0x00,0x00,0x02,0x80,
0x03,0x80,0x00,0x03,0x00,0x0f,0x00,0x13,0x00,0x00,0x11,0x33,0x11,0x23,0x01,0x33,
0x15,0x23,0x11,0x23,0x11,0x23,0x35,0x33,0x11,0x33,0x03,0x23,0x35,0x33,0x80,0x80,
0x02,0x00,0x80,0x80,0x80,0x80,0x80,0x80,0x80,0x80,0x80,0x03,0x80,0xfd,0x00,0x02,
0x00,0x80,0xfe,0x80,0x01,0x80,0x80,0x01,0x00,0xfc,0x80,0x80,0x00,0x03,0x00,0x00,
0x00,0x00,0x02,0x80,0x03,0x80,0x00,0x03,0x00,0x11,0x00,0x15,0x00,0x00,0x11,0x33,
0x11,0x23,0x01,0x15,0x23,0x15,0x33,0x15,0x23,0x11,0x23,0x11,0x23,0x35,0x33,0x19,
0x01,0x23,0x35,0x33,0x80,0x80,0x02,0x80,0x80,0x80,0x80,0x80,0x80,0x80,0x80,0x80,
0x03,0x80,0xfd,0x00,0x03,0x00,0x80,0x80,0x80,0xfe,0x80,0x01,0x80,0x80,0x01,0x00,
0xfc,0x80,0x80,0x00,0x00,0x04,0x00,0x00,0x00,0x00,0x02,0x80,0x03,0x00,0x00,0x03,
0x00,0x07,0x00,0x0b,0x00,0x0f,0x00,0x00,0x01,0x21,0x35,0x21,0x01,0x33,0x15,0x23,
0x07,0x35,0x33,0x15,0x21,0x15,0x21,0x35,0x02,0x00,0xfe,0x80,0x01,0x80,0xfe,0x80,
0x80,0x80,0x80,0x80,0x02,0x00,0xfe,0x00,0x02,0x80,0x80,0xfe,0x80,0x80,0x80,0x80,
0x80,0x80,0x80,0x00,0x00,0x05,0x00,0x00,0x00,0x00,0x02,0x80,0x03,0x80,0x00,0x07,
0x00,0x0b,0x00,0x0f,0x00,0x13,0x00,0x17,0x00,0x00,0x01,0x33,0x15,0x33,0x15,0x21,
0x35,0x33,0x21,0x35,0x33,0x15,0x01,0x33,0x15,0x23,0x07,0x35,0x33,0x15,0x21,0x15,
0x21,0x35,0x01,0x00,0x80,0x80,0xfe,0x80,0x80,0x01,0x00,0x80,0xfe,0x00,0x80,0x80,
0x80,0x80,0x02,0x00,0xfe,0x00,0x03,0x80,0x80,0x80,0x80,0x80,0x80,0xfe,0x80,0x80,
0x80,0x80,0x80,0x80,0x80,0x00,0x00,0x00,0x00,0x04,0x00,0x00,0x00,0x00,0x02,0x80,
0x03,0x80,0x00,0x0b,0x00,0x0f,0x00,0x13,0x00,0x17,0x00,0x00,0x01,0x21,0x15,0x23,
0x11,0x23,0x11,0x21,0x35,0x21,0x11,0x33,0x01,0x33,0x15,0x23,0x07,0x35,0x33,0x15,
0x31,0x21,0x15,0x21,0x01,0x80,0x01,0x00,0x80,0x80,0xfe,0x80,0x01,0x00,0x80,0xff,
0x00,0x80,0x80,0x80,0x80,0x01,0x80,0xfe,0x80,0x02,0x80,0x80,0xff,0x00,0x01,0x00,
0x80,0x01,0x00,0xfe,0x00,0x80,0x80,0x80,0x80,0x80,0x00,0x00,0x00,0x05,0x00,0x00,
0x00,0x00,0x02,0x80,0x03,0x80,0x00,0x0b,0x00,0x0f,0x00,0x13,0x00,0x17,0x00,0x1b,
0x00,0x00,0x01,0x21,0x15,0x23,0x11,0x23,0x11,0x21,0x35,0x21,0x11,0x33,0x17,0x35,
0x33,0x15,0x01,0x33,0x15,0x23,0x07,0x35,0x33,0x15,0x31,0x21,0x15,0x21,0x01,0x80,
0x01,0x00,0x80,0x80,0xfe,0x80,0x01,0x00,0x80,0x80,0x80,0xfe,0x00,0x80,0x80,0x80,
0x80,0x01,0x80,0xfe,0x80,0x02,0x80,0x80,0xff,0x00,0x01,0x00,0x80,0x01,0x00,0x80,
0x80,0x80,0xfe,0x80,0x80,0x80,0x80,0x80,0x80,0x00,0x00,0x00,0x00,0x03,0x00,0x80,
0x00,0x00,0x02,0x80,0x03,0x80,0x00,0x03,0x00,0x07,0x00,0x0b,0x00,0x00,0x25,0x23,
0x11,0x33,0x01,0x35,0x33,0x15,0x05,0x35,0x21,0x15,0x01,0x00,0x80,0x80,0x01,0x00,
0x80,0xfe,0x80,0x01,0x00,0x80,0x03,0x00,0xfd,0x00,0x80,0x80,0x80,0x80,0x80,0x00,
0x00,0x04,0x00,0x80,0x00,0x00,0x02,0x80,0x03,0x80,0x00,0x03,0x00,0x07,0x00,0x0b,
0x00,0x0f,0x00,0x00,0x25,0x23,0x11,0x3b,0x01,0x21,0x15,0x21,0x01,0x23,0x35,0x33,
0x01,0x35,0x21,0x15,0x01,0x00,0x80,0x80,0x80,0x01,0x00,0xff,0x00,0x01,0x00,0x80,
0x80,0xfe,0x80,0x01,0x00,0x80,0x03,0x00,0x80,0xfd,0x80,0x80,0xff,0x00,0x80,0x80,
0x00,0x03,0x00,0x00,0x00,0x00,0x02,0x80,0x03,0x80,0x00,0x11,0x00,0x15,0x00,0x19,
0x00,0x00,0x01,0x15,0x33,0x15,0x23,0x11,0x23,0x35,0x23,0x35,0x33,0x35,0x23,0x35,
0x21,0x35,0x21,0x35,0x01,0x35,0x33,0x15,0x13,0x23,0x35,0x33,0x02,0x00,0x80,0x80,
0x80,0x80,0x80,0x80,0xff,0x00,0x01,0x80,0xff,0x00,0x80,0x80,0x80,0x80,0x03,0x80,
0x80,0x80,0xfe,0x00,0x80,0x80,0x80,0x80,0x80,0x80,0xfe,0x00,0x80,0x80,0xfe,0x80,
0x80,0x00,0x00,0x00,0x00,0x03,0x00,0x00,0x00,0x00,0x02,0x80,0x03,0x80,0x00,0x13,
0x00,0x17,0x00,0x1b,0x00,0x00,0x01,0x35,0x33,0x11,0x23,0x11,0x23,0x35,0x23,0x35,
0x33,0x35,0x23,0x35,0x21,0x35,0x21,0x35,0x33,0x15,0x01,0x35,0x33,0x15,0x13,0x23,
0x35,0x33,0x02,0x00,0x80,0x80,0x80,0x80,0x80,0x80,0xff,0x00,0x01,0x00,0x80,0xff,
0x00,0x80,0x80,0x80,0x80,0x03,0x00,0x80,0xff,0x00,0xfe,0x00,0x80,0x80,0x80,0x80,
0x80,0x80,0x80,0xfe,0x80,0x80,0x80,0xfe,0x80,0x80,0x00,0x00,0x00,0x02,0x00,0x00,
0x00,0x00,0x02,0x80,0x03,0x80,0x00,0x13,0x00,0x17,0x00,0x00,0x01,0x23,0x11,0x23,
0x11,0x23,0x11,0x23,0x35,0x33,0x11,0x33,0x11,0x33,0x11,0x33,0x11,0x33,0x15,0x23,
0x01,0x35,0x21,0x15,0x02,0x00,0x80,0x80,0x80,0x80,0x80,0x80,0x80,0x80,0x80,0x80,
0xff,0x00,0x01,0x80,0x01,0x00,0x01,0x00,0xfe,0x80,0x01,0x80,0x80,0x01,0x00,0xff,
0x00,0x01,0x00,0xff,0x00,0x80,0xfe,0x00,0x80,0x80,0x00,0x00,0x00,0x02,0x00,0x00,
0x00,0x00,0x02,0x80,0x03,0x80,0x00,0x15,0x00,0x19,0x00,0x00,0x01,0x15,0x23,0x15,
0x33,0x15,0x23,0x11,0x23,0x11,0x23,0x11,0x23,0x11,0x23,0x35,0x33,0x11,0x33,0x11,
0x33,0x11,0x03,0x35,0x21,0x15,0x02,0x80,0x80,0x80,0x80,0x80,0x80,0x80,0x80,0x80,
0x80,0x80,0x80,0x01,0x80,0x03,0x80,0x80,0x80,0x80,0xff,0x00,0x01,0x00,0xfe,0x80,
0x01,0x80,0x80,0x01,0x00,0xff,0x00,0x01,0x00,0xfc,0x80,0x80,0x80,0x00,0x00,0x00,
0x00,0x03,0x00,0x00,0x00,0x00,0x02,0x80,0x03,0x80,0x00,0x07,0x00,0x13,0x00,0x17,
0x00,0x00,0x01,0x23,0x15,0x23,0x35,0x23,0x35,0x21,0x13,0x15,0x21,0x11,0x23,0x11,
0x21,0x35,0x33,0x35,0x33,0x15,0x01,0x15,0x23,0x35,0x02,0x00,0x80,0x80,0x80,0x01,
0x80,0x80,0xff,0x00,0x80,0xff,0x00,0x80,0x80,0x01,0x00,0x80,0x03,0x00,0x80,0x80,
0x80,0xfe,0x80,0x80,0xff,0x00,0x01,0x00,0x80,0x80,0x80,0xfe,0x80,0x80,0x80,0x00,
0x00,0x04,0x00,0x00,0x00,0x00,0x02,0x80,0x03,0x80,0x00,0x07,0x00,0x0b,0x00,0x17,
0x00,0x1b,0x00,0x00,0x01,0x15,0x23,0x15,0x23,0x35,0x23,0x35,0x05,0x15,0x23,0x35,
0x01,0x33,0x35,0x33,0x15,0x21,0x15,0x21,0x11,0x23,0x11,0x21,0x01,0x15,0x23,0x35,
0x02,0x00,0x80,0x80,0x80,0x02,0x00,0x80,0xfe,0x00,0x80,0x80,0x01,0x80,0xff,0x00,
0x80,0xff,0x00,0x02,0x00,0x80,0x03,0x80,0x80,0x80,0x80,0x80,0x80,0x80,0x80,0xff,
0x00,0x80,0x80,0x80,0xff,0x00,0x01,0x00,0xff,0x00,0x80,0x80,0x00,0x06,0x00,0x00,
0x00,0x00,0x02,0x80,0x03,0x80,0x00,0x0b,0x00,0x0f,0x00,0x13,0x00,0x17,0x00,0x1b,
0x00,0x1f,0x00,0x00,0x01,0x15,0x33,0x15,0x23,0x11,0x23,0x11,0x23,0x35,0x33,0x35,
0x01,0x21,0x15,0x21,0x05,0x33,0x11,0x23,0x01,0x33,0x15,0x23,0x07,0x35,0x33,0x1d,
0x01,0x35,0x21,0x15,0x01,0x00,0x80,0x80,0x80,0x80,0x80,0x01,0x00,0x01,0x00,0xff,
0x00,0xfe,0x80,0x80,0x80,0x01,0x80,0x80,0x80,0x80,0x80,0x01,0x00,0x03,0x80,0x80,
0x80,0xff,0x00,0x01,0x00,0x80,0x80,0xff,0x00,0x80,0x80,0xfe,0x80,0x01,0x80,0x80,
0x80,0x80,0x80,0x80,0x80,0x80,0x00,0x00,0x00,0x07,0x00,0x00,0x00,0x00,0x02,0x80,
0x03,0x80,0x00,0x0b,0x00,0x0f,0x00,0x13,0x00,0x17,0x00,0x1b,0x00,0x1f,0x00,0x23,
0x00,0x00,0x01,0x15,0x33,0x15,0x23,0x11,0x23,0x11,0x23,0x35,0x33,0x35,0x21,0x15,
0x21,0x35,0x01,0x21,0x35,0x21,0x01,0x33,0x11,0x23,0x01,0x33,0x15,0x23,0x07,0x35,
0x33,0x1d,0x01,0x35,0x21,0x15,0x01,0x00,0x80,0x80,0x80,0x80,0x80,0x02,0x00,0xff,
0x00,0x01,0x00,0xff,0x00,0x01,0x00,0xfd,0x80,0x80,0x80,0x01,0x80,0x80,0x80,0x80,
0x80,0x01,0x00,0x03,0x80,0x80,0x80,0xff,0x00,0x01,0x00,0x80,0x80,0x80,0x80,0xfe,
0x80,0x80,0xff,0x00,0xfe,0x80,0x01,0x80,0x80,0x80,0x80,0x80,0x80,0x80,0x80,0x00,
0x00,0x03,0x00,0x00,0x00,0x00,0x02,0x80,0x03,0x80,0x00,0x0f,0x00,0x13,0x00,0x17,
0x00,0x00,0x01,0x15,0x21,0x15,0x21,0x15,0x23,0x11,0x23,0x35,0x21,0x35,0x33,0x15,
0x21,0x15,0x11,0x23,0x11,0x33,0x01,0x35,0x21,0x15,0x01,0x00,0x01,0x00,0xff,0x00,
0x80,0x80,0x01,0x00,0x80,0x01,0x00,0x80,0x80,0xfe,0x80,0x01,0x00,0x02,0x80,0x80,
0x80,0x80,0x01,0x80,0x80,0x80,0x80,0x80,0xfe,0x00,0x01,0x00,0xfe,0x80,0x80,0x80,
0x00,0x03,0x00,0x00,0x00,0x00,0x02,0x80,0x03,0x80,0x00,0x11,0x00,0x15,0x00,0x19,
0x00,0x00,0x01,0x35,0x33,0x11,0x21,0x15,0x21,0x15,0x21,0x15,0x23,0x11,0x23,0x35,
0x21,0x35,0x33,0x15,0x01,0x23,0x11,0x33,0x01,0x35,0x21,0x15,0x02,0x00,0x80,0xfe,
0x80,0x01,0x00,0xff,0x00,0x80,0x80,0x01,0x00,0x80,0x01,0x00,0x80,0x80,0xfe,0x80,
0x01,0x00,0x03,0x00,0x80,0xff,0x00,0x80,0x80,0x80,0x01,0x80,0x80,0x80,0x80,0xfd,
0x80,0x01,0x00,0xfe,0x80,0x80,0x80,0x00,0x00,0x04,0x00,0x00,0x00,0x00,0x02,0x80,
0x02,0x00,0x00,0x03,0x00,0x07,0x00,0x0b,0x00,0x0f,0x00,0x00,0x01,0x21,0x15,0x21,
0x05,0x35,0x21,0x15,0x25,0x33,0x11,0x23,0x05,0x35,0x21,0x15,0x01,0x00,0x01,0x00,
0xff,0x00,0xff,0x00,0x01,0x00,0x01,0x00,0x80,0x80,0xff,0x00,0x01,0x00,0x02,0x00,
0x80,0x80,0x80,0x80,0x80,0xff,0x00,0x80,0x80,0x80,0x00,0x00,0x00,0x04,0x00,0x00,
0x00,0x80,0x02,0x80,0x03,0x00,0x00,0x03,0x00,0x07,0x00,0x0b,0x00,0x0f,0x00,0x00,
0x01,0x21,0x15,0x21,0x05,0x35,0x21,0x15,0x25,0x33,0x11,0x23,0x05,0x35,0x21,0x15,
0x01,0x00,0x01,0x00,0xff,0x00,0xff,0x00,0x01,0x00,0x01,0x00,0x80,0x80,0xff,0x00,
0x01,0x00,0x03,0x00,0x80,0x80,0x80,0x80,0x80,0xfe,0x80,0x80,0x80,0x80,0x00,0x00,
0x00,0x05,0x00,0x00,0x00,0x80,0x02,0x80,0x03,0x80,0x00,0x05,0x00,0x09,0x00,0x0d,
0x00,0x11,0x00,0x15,0x00,0x00,0x01,0x15,0x33,0x15,0x21,0x11,0x21,0x33,0x15,0x23,
0x01,0x35,0x21,0x15,0x01,0x11,0x33,0x11,0x05,0x35,0x21,0x15,0x01,0x80,0x80,0xff,
0x00,0x01,0x00,0x80,0x80,0xfe,0x00,0x01,0x00,0x01,0x00,0x80,0xfe,0x80,0x01,0x00,
0x03,0x80,0x80,0x80,0x01,0x00,0x80,0xff,0x00,0x80,0x80,0xff,0x00,0x01,0x80,0xfe,
0x80,0x80,0x80,0x80,0x00,0x05,0x00,0x00,0x00,0x00,0x02,0x80,0x03,0x80,0x00,0x07,
0x00,0x0b,0x00,0x0f,0x00,0x13,0x00,0x17,0x00,0x00,0x01,0x23,0x35,0x23,0x35,0x21,
0x15,0x23,0x29,0x01,0x15,0x29,0x01,0x11,0x23,0x11,0x01,0x15,0x23,0x35,0x05,0x15,
0x23,0x35,0x02,0x00,0x80,0x80,0x01,0x80,0x80,0xfe,0x00,0x01,0x00,0xff,0x00,0x01,
0x80,0x80,0x01,0x00,0x80,0x01,0x00,0x80,0x02,0x80,0x80,0x80,0x80,0x80,0xfe,0x80,
0x01,0x80,0xfe,0x80,0x80,0x80,0x80,0x80,0x80,0x00,0x00,0x00,0x00,0x06,0x00,0x00,
0x00,0x00,0x02,0x80,0x03,0x80,0x00,0x07,0x00,0x0b,0x00,0x0f,0x00,0x13,0x00,0x17,
0x00,0x1b,0x00,0x00,0x01,0x15,0x23,0x15,0x23,0x35,0x23,0x35,0x05,0x21,0x15,0x29,
0x01,0x33,0x11,0x23,0x01,0x15,0x23,0x35,0x11,0x15,0x23,0x35,0x05,0x15,0x23,0x35,
0x02,0x80,0x80,0x80,0x80,0xff,0x00,0x01,0x00,0xff,0x00,0x01,0x00,0x80,0x80,0x01,
0x80,0x80,0x80,0x01,0x00,0x80,0x03,0x80,0x80,0x80,0x80,0x80,0x80,0x80,0xfe,0x80,
0x01,0x80,0x80,0x80,0xfe,0x80,0x80,0x80,0x80,0x80,0x80,0x00,0x00,0x06,0x00,0x00,
0x00,0x00,0x02,0x80,0x03,0x80,0x00,0x03,0x00,0x07,0x00,0x0b,0x00,0x0f,0x00,0x13,
0x00,0x17,0x00,0x00,0x01,0x11,0x23,0x11,0x01,0x33,0x15,0x23,0x31,0x15,0x21,0x35,
0x07,0x33,0x15,0x23,0x07,0x35,0x33,0x1d,0x01,0x35,0x21,0x15,0x01,0x00,0x80,0x01,
0x80,0x80,0x80,0xff,0x00,0x80,0x80,0x80,0x80,0x80,0x02,0x00,0x03,0x80,0xfe,0x80,
0x01,0x80,0xff,0x00,0x80,0x80,0x80,0x80,0x80,0x80,0x80,0x80,0x80,0x80,0x80,0x00,
0x00,0x07,0x00,0x00,0x00,0x00,0x02,0x80,0x03,0x80,0x00,0x03,0x00,0x07,0x00,0x0b,
0x00,0x0f,0x00,0x13,0x00,0x17,0x00,0x1b,0x00,0x00,0x01,0x11,0x23,0x11,0x29,0x01,
0x15,0x21,0x01,0x23,0x35,0x33,0x01,0x35,0x21,0x15,0x05,0x23,0x35,0x33,0x03,0x23,
0x35,0x33,0x11,0x35,0x21,0x15,0x01,0x00,0x80,0x01,0x00,0x01,0x00,0xff,0x00,0x01,
0x00,0x80,0x80,0xfe,0x80,0x01,0x00,0xff,0x00,0x80,0x80,0x80,0x80,0x80,0x02,0x00,
0x03,0x80,0xfe,0x80,0x01,0x80,0x80,0xff,0x00,0x80,0xff,0x00,0x80,0x80,0x80,0x80,
0xff,0x00,0x80,0xff,0x00,0x80,0x80,0x00,0x00,0x05,0x00,0x00,0x00,0x00,0x02,0x80,
0x03,0x80,0x00,0x07,0x00,0x13,0x00,0x17,0x00,0x1b,0x00,0x1f,0x00,0x00,0x01,0x23,
0x35,0x23,0x35,0x33,0x35,0x33,0x01,0x11,0x33,0x15,0x21,0x35,0x23,0x35,0x33,0x11,
0x21,0x15,0x05,0x33,0x15,0x23,0x13,0x35,0x33,0x15,0x17,0x23,0x35,0x33,0x01,0x00,
0x80,0x80,0x80,0x80,0x01,0x00,0x80,0xff,0x00,0x80,0x80,0x01,0x00,0xfd,0x80,0x80,
0x80,0x80,0x80,0x80,0x80,0x80,0x02,0x00,0x80,0x80,0x80,0xff,0x00,0xfe,0x80,0x80,
0x80,0x80,0x01,0x80,0x80,0x80,0x80,0xff,0x00,0x80,0x80,0x80,0x80,0x00,0x00,0x00,
0x00,0x04,0x00,0x00,0x00,0x00,0x02,0x80,0x03,0x80,0x00,0x07,0x00,0x0b,0x00,0x0f,
0x00,0x13,0x00,0x00,0x13,0x33,0x15,0x23,0x15,0x23,0x11,0x33,0x05,0x15,0x21,0x35,
0x11,0x33,0x15,0x23,0x15,0x21,0x15,0x21,0x80,0x80,0x80,0x80,0x80,0x02,0x00,0xfe,
0x80,0x80,0x80,0x01,0x80,0xfe,0x80,0x01,0x00,0x80,0x80,0x03,0x80,0x80,0x80,0x80,
0xfe,0x80,0x80,0x80,0x80,0x00,0x00,0x00,0x00,0x02,0x00,0x00,0x00,0x00,0x02,0x80,
0x03,0x80,0x00,0x19,0x00,0x1d,0x00,0x00,0x01,0x33,0x11,0x21,0x35,0x23,0x11,0x33,
0x15,0x33,0x35,0x23,0x35,0x23,0x15,0x23,0x11,0x23,0x11,0x33,0x11,0x33,0x15,0x33,
0x11,0x33,0x01,0x23,0x35,0x33,0x02,0x00,0x80,0xff,0x00,0x80,0x80,0x80,0x80,0x80,
0x80,0x80,0x80,0x80,0x80,0x80,0xff,0x00,0x80,0x80,0x02,0x00,0xfe,0x00,0x80,0x01,
0x00,0x80,0x80,0x80,0x80,0xff,0x00,0x01,0x80,0x01,0x00,0x80,0x01,0x00,0xfc,0x80,
0x80,0x00,0x00,0x00,0x00,0x03,0x00,0x00,0x00,0x00,0x02,0x80,0x03,0x80,0x00,0x13,
0x00,0x17,0x00,0x21,0x00,0x00,0x01,0x33,0x15,0x23,0x15,0x23,0x35,0x23,0x11,0x33,
0x35,0x23,0x35,0x33,0x11,0x33,0x11,0x33,0x15,0x23,0x13,0x33,0x15,0x23,0x3b,0x01,
0x11,0x21,0x35,0x33,0x35,0x23,0x35,0x33,0x01,0x00,0x80,0x80,0x80,0x80,0x80,0x80,
0x80,0x80,0x80,0x80,0x80,0x80,0x80,0x80,0x80,0xff,0x00,0x80,0x80,0x80,0x01,0x00,
0x80,0x80,0x80,0x01,0x00,0x80,0x80,0x01,0x00,0xff,0x00,0x80,0x01,0x00,0x80,0xfd,
0x80,0x80,0x80,0x80,0x00,0x04,0x00,0x00,0x00,0x00,0x02,0x80,0x03,0x00,0x00,0x07,
0x00,0x0d,0x00,0x11,0x00,0x15,0x00,0x00,0x01,0x15,0x23,0x11,0x23,0x11,0x23,0x35,
0x11,0x33,0x15,0x21,0x11,0x33,0x21,0x33,0x11,0x23,0x15,0x23,0x35,0x33,0x02,0x00,
0x80,0x80,0x80,0x80,0xff,0x00,0x80,0x01,0x80,0x80,0x80,0x80,0x80,0x03,0x00,0x80,
0xfe,0x80,0x01,0x80,0x80,0xfe,0x00,0x80,0x02,0x00,0xfe,0x00,0x80,0x80,0x00,0x00,
0x00,0x03,0x00,0x00,0x00,0x00,0x02,0x80,0x03,0x80,0x00,0x07,0x00,0x19,0x00,0x1d,
0x00,0x00,0x13,0x33,0x15,0x23,0x15,0x23,0x11,0x33,0x01,0x23,0x11,0x33,0x15,0x21,
0x35,0x23,0x35,0x33,0x35,0x23,0x35,0x33,0x11,0x33,0x11,0x33,0x01,0x23,0x35,0x33,
0x80,0x80,0x80,0x80,0x80,0x02,0x00,0x80,0x80,0xff,0x00,0x80,0x80,0x80,0x80,0x80,
0x80,0xff,0x00,0x80,0x80,0x01,0x00,0x80,0x80,0x03,0x80,0xfe,0x80,0xff,0x00,0x80,
0x80,0x80,0x80,0x80,0x01,0x00,0xff,0x00,0xfd,0x80,0x80,0x00,0x00,0x03,0x00,0x00,
0x00,0x00,0x02,0x80,0x03,0x80,0x00,0x07,0x00,0x1b,0x00,0x1f,0x00,0x00,0x13,0x33,
0x15,0x23,0x15,0x23,0x11,0x33,0x21,0x15,0x23,0x15,0x33,0x15,0x23,0x11,0x33,0x15,
0x21,0x35,0x23,0x35,0x33,0x35,0x23,0x35,0x33,0x19,0x01,0x23,0x35,0x33,0x80,0x80,
0x80,0x80,0x80,0x02,0x00,0x80,0x80,0x80,0x80,0xff,0x00,0x80,0x80,0x80,0x80,0x80,
0x80,0x01,0x00,0x80,0x80,0x03,0x80,0x80,0x80,0x80,0xff,0x00,0x80,0x80,0x80,0x80,
0x80,0x01,0x00,0xfc,0x80,0x80,0x00,0x00,0x00,0x04,0x00,0x00,0x00,0x00,0x02,0x80,
0x03,0x80,0x00,0x07,0x00,0x0b,0x00,0x1d,0x00,0x21,0x00,0x00,0x13,0x33,0x15,0x23,
0x15,0x23,0x11,0x33,0x21,0x33,0x15,0x23,0x17,0x35,0x33,0x11,0x23,0x11,0x33,0x15,
0x21,0x35,0x23,0x35,0x33,0x35,0x23,0x11,0x33,0x15,0x11,0x23,0x35,0x33,0x80,0x80,
0x80,0x80,0x80,0x01,0x00,0x80,0x80,0x80,0x80,0x80,0x80,0xff,0x00,0x80,0x80,0x80,
0x80,0x80,0x80,0x01,0x00,0x80,0x80,0x03,0x80,0x80,0x80,0x80,0xff,0x00,0xff,0x00,
0x80,0x80,0x80,0x80,0x01,0x00,0x80,0xfd,0x80,0x80,0x00,0x00,0x00,0x04,0x00,0x00,
0x00,0x00,0x02,0x80,0x03,0x80,0x00,0x07,0x00,0x0f,0x00,0x13,0x00,0x17,0x00,0x00,
0x01,0x23,0x35,0x23,0x35,0x33,0x35,0x33,0x01,0x33,0x15,0x23,0x11,0x23,0x11,0x33,
0x01,0x11,0x23,0x11,0x13,0x35,0x21,0x15,0x01,0x00,0x80,0x80,0x80,0x80,0x01,0x00,
0x80,0x80,0x80,0x80,0xfe,0x80,0x80,0x80,0x01,0x00,0x02,0x00,0x80,0x80,0x80,0xff,
0x00,0x80,0xfe,0x80,0x03,0x00,0xfe,0x80,0xfe,0x80,0x01,0x80,0xfe,0x00,0x80,0x80,
0x00,0x04,0x00,0x00,0x00,0x00,0x02,0x80,0x03,0x80,0x00,0x07,0x00,0x11,0x00,0x15,
0x00,0x19,0x00,0x00,0x01,0x23,0x35,0x23,0x35,0x33,0x35,0x33,0x21,0x15,0x23,0x15,
0x33,0x15,0x23,0x11,0x23,0x11,0x01,0x11,0x23,0x11,0x13,0x35,0x21,0x15,0x01,0x00,
0x80,0x80,0x80,0x80,0x01,0x80,0x80,0x80,0x80,0x80,0xff,0x00,0x80,0x80,0x01,0x00,
0x02,0x00,0x80,0x80,0x80,0x80,0x80,0x80,0xfe,0x80,0x03,0x00,0xfe,0x80,0xfe,0x80,
0x01,0x80,0xfe,0x00,0x80,0x80,0x00,0x00,0x00,0x05,0x00,0x00,0x00,0x00,0x02,0x80,
0x03,0x80,0x00,0x0b,0x00,0x0f,0x00,0x17,0x00,0x1b,0x00,0x1f,0x00,0x00,0x01,0x23,
0x15,0x23,0x35,0x23,0x35,0x33,0x35,0x33,0x15,0x33,0x35,0x33,0x15,0x23,0x17,0x35,
0x33,0x11,0x23,0x11,0x23,0x11,0x05,0x11,0x23,0x11,0x13,0x35,0x21,0x15,0x01,0x80,
0x80,0x80,0x80,0x80,0x80,0x80,0x80,0x80,0x80,0x80,0x80,0x80,0xff,0x00,0x80,0x80,
0x01,0x00,0x02,0x80,0x80,0x80,0x80,0x80,0x80,0x80,0x80,0x80,0x80,0xff,0x00,0xfe,
0x80,0x02,0x00,0x80,0xfe,0x80,0x01,0x80,0xfe,0x00,0x80,0x80,0x00,0x07,0x00,0x00,
0x00,0x00,0x02,0x80,0x03,0x80,0x00,0x03,0x00,0x07,0x00,0x0b,0x00,0x13,0x00,0x17,
0x00,0x1b,0x00,0x1f,0x00,0x00,0x01,0x35,0x33,0x15,0x31,0x33,0x15,0x23,0x07,0x35,
0x33,0x15,0x13,0x33,0x11,0x23,0x35,0x23,0x11,0x33,0x05,0x33,0x11,0x23,0x15,0x23,
0x35,0x33,0x05,0x23,0x35,0x33,0x01,0x00,0x80,0x80,0x80,0x80,0x80,0x80,0x80,0x80,
0x80,0x80,0xfe,0x80,0x80,0x80,0x80,0x80,0x01,0x00,0x80,0x80,0x03,0x00,0x80,0x80,
0x80,0x80,0x80,0x80,0xff,0x00,0xff,0x00,0x80,0x01,0x80,0x80,0xff,0x00,0x80,0x80,
0x80,0x80,0x00,0x00,0x00,0x08,0x00,0x00,0x00,0x00,0x02,0x80,0x03,0x80,0x00,0x03,
0x00,0x07,0x00,0x0b,0x00,0x0f,0x00,0x17,0x00,0x1b,0x00,0x1f,0x00,0x23,0x00,0x00,
0x01,0x35,0x33,0x15,0x37,0x33,0x15,0x2b,0x01,0x33,0x15,0x23,0x07,0x35,0x33,0x15,
0x19,0x01,0x33,0x11,0x33,0x11,0x23,0x35,0x01,0x33,0x11,0x23,0x15,0x23,0x35,0x33,
0x05,0x23,0x35,0x33,0x01,0x00,0x80,0x80,0x80,0x80,0x80,0x80,0x80,0x80,0x80,0x80,
0x80,0x80,0xfe,0x80,0x80,0x80,0x80,0x80,0x01,0x00,0x80,0x80,0x03,0x00,0x80,0x80,
0x80,0x80,0x80,0x80,0x80,0x80,0xfe,0x80,0x01,0x80,0xff,0x00,0xff,0x00,0x80,0x01,
0x00,0xff,0x00,0x80,0x80,0x80,0x80,0x00,0x00,0x08,0x00,0x00,0x00,0x00,0x02,0x80,
0x03,0x80,0x00,0x03,0x00,0x07,0x00,0x0b,0x00,0x0f,0x00,0x17,0x00,0x1b,0x00,0x1f,
0x00,0x23,0x00,0x00,0x01,0x35,0x33,0x15,0x31,0x33,0x15,0x23,0x07,0x35,0x33,0x15,
0x25,0x15,0x23,0x35,0x07,0x33,0x11,0x33,0x11,0x23,0x35,0x23,0x01,0x33,0x11,0x23,
0x15,0x23,0x35,0x33,0x05,0x23,0x35,0x33,0x01,0x00,0x80,0x80,0x80,0x80,0x80,0x01,
0x00,0x80,0x80,0x80,0x80,0x80,0x80,0xff,0x00,0x80,0x80,0x80,0x80,0x01,0x00,0x80,
0x80,0x03,0x00,0x80,0x80,0x80,0x80,0x80,0x80,0x80,0x80,0x80,0x80,0xff,0x00,0xff,
0x00,0x80,0x01,0x00,0xff,0x00,0x80,0x80,0x80,0x80,0x00,0x00,0x00,0x04,0x00,0x00,
0x01,0x00,0x02,0x80,0x02,0x80,0x00,0x03,0x00,0x07,0x00,0x0b,0x00,0x0f,0x00,0x00,
0x13,0x35,0x33,0x15,0x07,0x23,0x35,0x33,0x17,0x35,0x33,0x15,0x31,0x21,0x15,0x21,
0x80,0x80,0x80,0x80,0x80,0x80,0x80,0x01,0x00,0xff,0x00,0x02,0x00,0x80,0x80,0x80,
0x80,0x80,0x80,0x80,0x80,0x00,0x00,0x00,0x00,0x06,0x00,0x00,0x01,0x00,0x02,0x80,
0x03,0x80,0x00,0x03,0x00,0x07,0x00,0x0b,0x00,0x0f,0x00,0x13,0x00,0x17,0x00,0x00,
0x01,0x33,0x15,0x23,0x21,0x35,0x33,0x15,0x01,0x35,0x33,0x15,0x07,0x23,0x35,0x33,
0x17,0x35,0x33,0x1d,0x01,0x35,0x21,0x15,0x01,0x00,0x80,0x80,0x01,0x00,0x80,0xfe,
0x00,0x80,0x80,0x80,0x80,0x80,0x80,0x01,0x00,0x03,0x80,0x80,0x80,0x80,0xff,0x00,
0x80,0x80,0x80,0x80,0x80,0x80,0x80,0x80,0x80,0x80,0x00,0x00,0x00,0x08,0x00,0x00,
0x01,0x00,0x02,0x80,0x03,0x80,0x00,0x03,0x00,0x07,0x00,0x0b,0x00,0x0f,0x00,0x13,
0x00,0x17,0x00,0x1b,0x00,0x1f,0x00,0x00,0x01,0x33,0x15,0x2b,0x01,0x33,0x15,0x23,
0x25,0x15,0x23,0x35,0x01,0x35,0x33,0x15,0x21,0x23,0x35,0x33,0x01,0x23,0x35,0x33,
0x17,0x35,0x33,0x15,0x05,0x21,0x35,0x21,0x01,0x80,0x80,0x80,0x80,0x80,0x80,0x01,
0x80,0x80,0xfe,0x80,0x80,0x01,0x00,0x80,0x80,0xfe,0x80,0x80,0x80,0x80,0x80,0x01,
0x00,0xff,0x00,0x01,0x00,0x03,0x80,0x80,0x80,0x80,0x80,0x80,0xff,0x00,0x80,0x80,
0x80,0xff,0x00,0x80,0x80,0x80,0x80,0x80,0x80,0x00,0x00,0x00,0x00,0x02,0x00,0x00,
0x00,0x00,0x02,0x80,0x03,0x80,0x00,0x03,0x00,0x19,0x00,0x00,0x11,0x33,0x11,0x23,
0x01,0x15,0x23,0x15,0x33,0x15,0x23,0x15,0x33,0x15,0x23,0x15,0x21,0x11,0x33,0x35,
0x23,0x35,0x33,0x35,0x23,0x35,0x80,0x80,0x02,0x80,0x80,0x80,0x80,0x80,0x80,0xff,
0x00,0x80,0x80,0x80,0x80,0x03,0x80,0xfc,0x80,0x03,0x00,0x80,0x80,0x80,0x80,0x80,
0x80,0x01,0x00,0x80,0x80,0x80,0x80,0x00,0x00,0x02,0x00,0x00,0x00,0x00,0x02,0x80,
0x03,0x80,0x00,0x03,0x00,0x1d,0x00,0x00,0x11,0x33,0x11,0x23,0x01,0x35,0x33,0x11,
0x23,0x15,0x33,0x15,0x23,0x15,0x33,0x15,0x23,0x15,0x21,0x11,0x33,0x35,0x23,0x35,
0x33,0x35,0x23,0x11,0x33,0x15,0x80,0x80,0x02,0x00,0x80,0x80,0x80,0x80,0x80,0x80,
0xff,0x00,0x80,0x80,0x80,0x80,0x80,0x03,0x80,0xfc,0x80,0x03,0x00,0x80,0xff,0x00,
0x80,0x80,0x80,0x80,0x80,0x01,0x00,0x80,0x80,0x80,0x01,0x00,0x80,0x00,0x00,0x00,
0x00,0x05,0x00,0x00,0x00,0x00,0x02,0x80,0x03,0x80,0x00,0x03,0x00,0x07,0x00,0x0b,
0x00,0x0f,0x00,0x21,0x00,0x00,0x11,0x33,0x11,0x23,0x01,0x33,0x15,0x23,0x07,0x35,
0x33,0x15,0x25,0x15,0x23,0x35,0x03,0x35,0x33,0x15,0x33,0x15,0x23,0x15,0x33,0x15,
0x23,0x15,0x21,0x11,0x33,0x35,0x23,0x35,0x80,0x80,0x01,0x80,0x80,0x80,0x80,0x80,
0x01,0x00,0x80,0x80,0x80,0x80,0x80,0x80,0x80,0xff,0x00,0x80,0x80,0x03,0x80,0xfc,
0x80,0x03,0x80,0x80,0x80,0x80,0x80,0x80,0x80,0x80,0xff,0x00,0x80,0x80,0x80,0x80,
0x80,0x80,0x01,0x00,0x80,0x80,0x00,0x00,0x00,0x02,0x00,0x00,0x00,0x00,0x02,0x80,
0x03,0x80,0x00,0x19,0x00,0x1d,0x00,0x00,0x01,0x21,0x15,0x21,0x15,0x21,0x15,0x33,
0x15,0x23,0x15,0x21,0x11,0x21,0x35,0x21,0x35,0x21,0x35,0x21,0x35,0x21,0x35,0x33,
0x15,0x21,0x11,0x15,0x23,0x35,0x02,0x80,0xff,0x00,0x01,0x00,0xff,0x00,0x80,0x80,
0xfe,0x80,0x01,0x00,0xff,0x00,0x01,0x00,0xff,0x00,0x01,0x00,0x80,0x01,0x00,0x80,
0x02,0x80,0x80,0x80,0x80,0x80,0x80,0x01,0x00,0x80,0x80,0x80,0x80,0x80,0x80,0xfd,
0x80,0x80,0x80,0x00,0x00,0x03,0x00,0x00,0x00,0x00,0x02,0x80,0x03,0x80,0x00,0x05,
0x00,0x17,0x00,0x1b,0x00,0x00,0x01,0x11,0x23,0x35,0x23,0x35,0x01,0x33,0x15,0x23,
0x15,0x23,0x11,0x23,0x11,0x21,0x11,0x33,0x11,0x33,0x15,0x33,0x35,0x33,0x03,0x23,
0x35,0x33,0x01,0x80,0x80,0x80,0x01,0x80,0x80,0x80,0x80,0x80,0xff,0x00,0x80,0x80,
0x80,0x80,0x80,0x80,0x80,0x03,0x80,0xff,0x00,0x80,0x80,0xfe,0x00,0x80,0x80,0x01,
0x00,0xff,0x00,0x01,0x00,0x01,0x00,0x80,0x80,0xfd,0x80,0x80,0x00,0x04,0x00,0x00,
0x00,0x00,0x02,0x80,0x03,0x80,0x00,0x11,0x00,0x15,0x00,0x19,0x00,0x1d,0x00,0x00,
0x13,0x33,0x15,0x33,0x15,0x23,0x11,0x21,0x15,0x21,0x35,0x23,0x11,0x33,0x11,0x23,
0x35,0x33,0x21,0x35,0x33,0x15,0x33,0x15,0x23,0x35,0x11,0x33,0x15,0x23,0x80,0x80,
0x80,0x80,0x01,0x00,0xfe,0x80,0x80,0x80,0x80,0x80,0x01,0x00,0x80,0x80,0x80,0x80,
0x80,0x03,0x80,0x80,0x80,0xfe,0x00,0x80,0x80,0x01,0x00,0x01,0x00,0x80,0x80,0x80,
0x80,0x80,0xfe,0x00,0x80,0x00,0x00,0x00,0x00,0x03,0x00,0x00,0x00,0x00,0x02,0x80,
0x03,0x80,0x00,0x13,0x00,0x17,0x00,0x1b,0x00,0x00,0x01,0x33,0x11,0x23,0x11,0x23,
0x35,0x23,0x15,0x23,0x11,0x23,0x11,0x33,0x11,0x33,0x15,0x33,0x11,0x33,0x01,0x11,
0x33,0x11,0x07,0x23,0x35,0x33,0x02,0x00,0x80,0x80,0x80,0x80,0x80,0x80,0x80,0x80,
0x80,0x80,0xff,0x00,0x80,0x80,0x80,0x80,0x02,0x00,0xfe,0x00,0x01,0x80,0x80,0x80,
0xff,0x00,0x01,0x80,0x01,0x00,0x80,0x01,0x00,0xfd,0x00,0x01,0x00,0xff,0x00,0x80,
0x80,0x00,0x00,0x00,0x00,0x03,0x00,0x00,0x00,0x00,0x02,0x80,0x03,0x80,0x00,0x13,
0x00,0x17,0x00,0x1b,0x00,0x00,0x01,0x11,0x23,0x11,0x23,0x35,0x33,0x35,0x23,0x35,
0x21,0x35,0x33,0x15,0x33,0x15,0x21,0x15,0x21,0x15,0x11,0x35,0x33,0x15,0x05,0x35,
0x21,0x15,0x01,0x00,0x80,0x80,0x80,0x80,0x01,0x00,0x80,0x80,0xff,0x00,0x01,0x00,
0x80,0xfe,0x80,0x01,0x00,0x01,0x80,0xff,0x00,0x01,0x00,0x80,0x80,0x80,0x80,0x80,
0x80,0x80,0x80,0xff,0x00,0x80,0x80,0x80,0x80,0x80,0x00,0x00,0x00,0x03,0x00,0x00,
0x00,0x00,0x02,0x80,0x03,0x00,0x00,0x0d,0x00,0x13,0x00,0x17,0x00,0x00,0x01,0x11,
0x23,0x35,0x23,0x35,0x33,0x11,0x33,0x15,0x33,0x35,0x33,0x11,0x15,0x35,0x33,0x11,
0x21,0x35,0x03,0x11,0x33,0x11,0x01,0x00,0x80,0x80,0x80,0x80,0x80,0x80,0x80,0xff,
0x00,0x80,0x80,0x02,0x00,0xff,0x00,0x80,0x80,0x01,0x00,0x80,0x80,0xff,0x00,0x80,
0x80,0xff,0x00,0x80,0xfe,0x80,0x01,0x00,0xff,0x00,0x00,0x00,0x00,0x03,0x00,0x00,
0x00,0x00,0x02,0x80,0x03,0x80,0x00,0x0d,0x00,0x13,0x00,0x17,0x00,0x00,0x01,0x11,
0x23,0x35,0x23,0x35,0x33,0x11,0x33,0x15,0x33,0x35,0x33,0x11,0x15,0x35,0x33,0x11,
0x21,0x35,0x07,0x33,0x11,0x23,0x01,0x00,0x80,0x80,0x80,0x80,0x80,0x80,0x80,0xff,
0x00,0x80,0x80,0x80,0x02,0x80,0xff,0x00,0x80,0x80,0x01,0x00,0x80,0x80,0xff,0x00,
0x80,0x80,0xff,0x00,0x80,0x80,0xfe,0x80,0x00,0x03,0x00,0x00,0x00,0x00,0x02,0x80,
0x03,0x00,0x00,0x11,0x00,0x15,0x00,0x19,0x00,0x00,0x01,0x11,0x33,0x15,0x21,0x11,
0x23,0x15,0x23,0x11,0x33,0x15,0x33,0x11,0x33,0x15,0x33,0x15,0x31,0x33,0x11,0x23,
0x01,0x23,0x35,0x33,0x01,0x80,0x80,0xff,0x00,0x80,0x80,0x80,0x80,0x80,0x80,0x80,
0x80,0xff,0x00,0x80,0x80,0x02,0x00,0xff,0x00,0x80,0x01,0x00,0x80,0x01,0x80,0x80,
0x01,0x00,0x80,0x80,0xff,0x00,0xff,0x00,0x80,0x00,0x00,0x00,0x00,0x03,0x00,0x00,
0x00,0x00,0x02,0x80,0x03,0x80,0x00,0x13,0x00,0x17,0x00,0x1b,0x00,0x00,0x01,0x11,
0x33,0x15,0x23,0x15,0x23,0x11,0x23,0x11,0x23,0x11,0x33,0x15,0x33,0x11,0x33,0x15,
0x33,0x15,0x31,0x33,0x11,0x23,0x01,0x23,0x35,0x33,0x01,0x80,0x80,0x80,0x80,0x80,
0x80,0x80,0x80,0x80,0x80,0x80,0x80,0xff,0x00,0x80,0x80,0x02,0x80,0xff,0x00,0x80,
0x80,0x01,0x80,0xff,0x00,0x02,0x00,0x80,0x01,0x00,0x80,0x80,0xff,0x00,0xfe,0x80,
0x80,0x00,0x00,0x00,0x00,0x04,0x00,0x00,0x00,0x00,0x02,0x80,0x03,0x00,0x00,0x0d,
0x00,0x11,0x00,0x15,0x00,0x19,0x00,0x00,0x01,0x21,0x15,0x33,0x15,0x21,0x35,0x23,
0x35,0x33,0x11,0x33,0x11,0x21,0x01,0x35,0x33,0x15,0x17,0x23,0x35,0x33,0x21,0x15,
0x23,0x35,0x02,0x80,0xff,0x00,0x80,0xff,0x00,0x80,0x80,0x80,0x01,0x00,0xfd,0x80,
0x80,0x80,0x80,0x80,0x01,0x80,0x80,0x01,0x80,0x80,0x80,0x80,0x80,0x01,0x80,0xff,
0x00,0xfe,0x80,0x80,0x80,0x80,0x80,0x80,0x80,0x00,0x00,0x00,0x00,0x04,0x00,0x00,
0x00,0x00,0x02,0x80,0x03,0x80,0x00,0x0d,0x00,0x11,0x00,0x15,0x00,0x19,0x00,0x00,
0x01,0x11,0x33,0x15,0x21,0x35,0x23,0x35,0x33,0x11,0x33,0x11,0x21,0x15,0x01,0x35,
0x33,0x15,0x17,0x23,0x35,0x33,0x21,0x15,0x23,0x35,0x01,0x80,0x80,0xff,0x00,0x80,
0x80,0x80,0x01,0x00,0xfd,0x80,0x80,0x80,0x80,0x80,0x01,0x80,0x80,0x02,0x00,0xff,
0x00,0x80,0x80,0x80,0x02,0x00,0xff,0x00,0x80,0xfe,0x80,0x80,0x80,0x80,0x80,0x80,
0x80,0x00,0x00,0x00,0x00,0x06,0x00,0x00,0x00,0x00,0x02,0x80,0x03,0x80,0x00,0x03,
0x00,0x07,0x00,0x0d,0x00,0x11,0x00,0x15,0x00,0x19,0x00,0x00,0x13,0x33,0x15,0x23,
0x21,0x15,0x23,0x35,0x07,0x11,0x33,0x15,0x21,0x11,0x05,0x21,0x15,0x29,0x01,0x33,
0x11,0x23,0x29,0x01,0x15,0x21,0x80,0x80,0x80,0x01,0x00,0x80,0x80,0x80,0xff,0x00,
0x01,0x00,0x01,0x00,0xff,0x00,0x01,0x00,0x80,0x80,0xfe,0x80,0x01,0x80,0xfe,0x80,
0x03,0x80,0x80,0x80,0x80,0x80,0xff,0x00,0x80,0x01,0x80,0x80,0x80,0xff,0x00,0x80,
0x00,0x05,0x00,0x80,0x00,0x00,0x02,0x80,0x03,0x80,0x00,0x07,0x00,0x0b,0x00,0x0f,
0x00,0x13,0x00,0x17,0x00,0x00,0x13,0x33,0x15,0x33,0x15,0x23,0x11,0x23,0x01,0x35,
0x33,0x15,0x31,0x33,0x11,0x23,0x15,0x23,0x35,0x33,0x03,0x23,0x35,0x33,0x80,0x80,
0x80,0x80,0x80,0x01,0x00,0x80,0x80,0x80,0x80,0x80,0x80,0x80,0x80,0x03,0x80,0x80,
0x80,0xff,0x00,0x01,0x80,0x80,0x80,0xfe,0x00,0x80,0x80,0xff,0x00,0x80,0x00,0x00,
0x00,0x05,0x00,0x00,0x00,0x00,0x02,0x80,0x03,0x80,0x00,0x05,0x00,0x0d,0x00,0x11,
0x00,0x15,0x00,0x1b,0x00,0x00,0x01,0x11,0x23,0x35,0x21,0x35,0x01,0x21,0x35,0x33,
0x35,0x33,0x15,0x33,0x01,0x35,0x33,0x15,0x25,0x33,0x11,0x23,0x27,0x15,0x33,0x15,
0x21,0x11,0x02,0x00,0x80,0xff,0x00,0x01,0x80,0xfe,0x80,0x80,0x80,0x80,0xfe,0x00,
0x80,0x01,0x80,0x80,0x80,0x80,0x80,0xfe,0x80,0x03,0x80,0xff,0x00,0x80,0x80,0xfe,
0x00,0x80,0x80,0x80,0xff,0x00,0x80,0x80,0x80,0xff,0x00,0x80,0x80,0x80,0x01,0x00,
0x00,0x05,0x00,0x00,0x00,0x00,0x02,0x80,0x03,0x80,0x00,0x0f,0x00,0x13,0x00,0x17,
0x00,0x1b,0x00,0x1f,0x00,0x00,0x01,0x11,0x33,0x15,0x23,0x11,0x23,0x35,0x23,0x11,
0x33,0x35,0x23,0x35,0x33,0x11,0x01,0x35,0x33,0x15,0x31,0x33,0x11,0x23,0x03,0x11,
0x33,0x11,0x33,0x15,0x23,0x35,0x01,0x00,0x80,0x80,0x80,0x80,0x80,0x80,0x80,0x01,
0x00,0x80,0x80,0x80,0x80,0x80,0x80,0x80,0x03,0x80,0xff,0x00,0x80,0xfe,0x00,0x80,
0x01,0x00,0x80,0x80,0x01,0x00,0xff,0x00,0x80,0x80,0xff,0x00,0xff,0x00,0x01,0x00,
0xff,0x00,0x80,0x80,0x00,0x05,0x00,0x00,0x00,0x00,0x02,0x80,0x03,0x80,0x00,0x05,
0x00,0x0d,0x00,0x11,0x00,0x15,0x00,0x19,0x00,0x00,0x01,0x11,0x23,0x35,0x21,0x35,
0x01,0x15,0x33,0x15,0x21,0x35,0x33,0x35,0x03,0x23,0x35,0x33,0x21,0x33,0x11,0x23,
0x29,0x01,0x15,0x21,0x02,0x00,0x80,0xff,0x00,0x01,0x00,0x80,0xfe,0x80,0x80,0x80,
0x80,0x80,0x01,0x80,0x80,0x80,0xfe,0x80,0x01,0x80,0xfe,0x80,0x03,0x80,0xff,0x00,
0x80,0x80,0xff,0x00,0x80,0x80,0x80,0x80,0xfe,0x80,0x80,0xff,0x00,0x80,0x00,0x00,
0x00,0x04,0x00,0x00,0x00,0x00,0x02,0x80,0x03,0x00,0x00,0x0f,0x00,0x13,0x00,0x17,
0x00,0x1b,0x00,0x00,0x01,0x11,0x33,0x15,0x23,0x11,0x23,0x35,0x23,0x35,0x33,0x35,
0x23,0x35,0x33,0x11,0x01,0x35,0x33,0x15,0x31,0x33,0x11,0x23,0x15,0x23,0x35,0x33,
0x01,0x00,0x80,0x80,0x80,0x80,0x80,0x80,0x80,0x01,0x00,0x80,0x80,0x80,0x80,0x80,
0x03,0x00,0xff,0x00,0x80,0xfe,0x80,0x80,0x80,0x80,0x80,0x01,0x00,0xff,0x00,0x80,
0x80,0xfe,0x80,0x80,0x80,0x00,0x00,0x00,0x00,0x04,0x00,0x00,0x00,0x00,0x02,0x80,
0x03,0x80,0x00,0x0f,0x00,0x13,0x00,0x17,0x00,0x1b,0x00,0x00,0x01,0x11,0x33,0x15,
0x23,0x11,0x23,0x35,0x23,0x11,0x33,0x35,0x23,0x35,0x33,0x11,0x01,0x35,0x33,0x15,
0x31,0x33,0x11,0x23,0x15,0x23,0x35,0x33,0x01,0x00,0x80,0x80,0x80,0x80,0x80,0x80,
0x80,0x01,0x00,0x80,0x80,0x80,0x80,0x80,0x03,0x80,0xff,0x00,0x80,0xfe,0x00,0x80,
0x01,0x00,0x80,0x80,0x01,0x00,0xff,0x00,0x80,0x80,0xfe,0x00,0x80,0x80,0x00,0x00,
0x00,0x03,0x00,0x00,0x00,0x00,0x02,0x80,0x03,0x80,0x00,0x13,0x00,0x17,0x00,0x1b,
0x00,0x00,0x01,0x33,0x11,0x21,0x35,0x23,0x11,0x23,0x35,0x33,0x11,0x23,0x35,0x21,
0x11,0x33,0x15,0x23,0x11,0x33,0x25,0x33,0x11,0x23,0x05,0x23,0x35,0x33,0x02,0x00,
0x80,0xff,0x00,0x80,0x80,0x80,0x80,0x01,0x00,0x80,0x80,0x80,0xfe,0x00,0x80,0x80,
0x01,0x00,0x80,0x80,0x02,0x00,0xfe,0x00,0x80,0x01,0x00,0x80,0x01,0x00,0x80,0xff,
0x00,0x80,0xff,0x00,0x80,0xff,0x00,0x80,0x80,0x00,0x00,0x00,0x00,0x08,0x00,0x00,
0x00,0x00,0x02,0x80,0x03,0x80,0x00,0x0b,0x00,0x0f,0x00,0x13,0x00,0x19,0x00,0x1d,
0x00,0x21,0x00,0x25,0x00,0x29,0x00,0x00,0x01,0x15,0x33,0x15,0x21,0x35,0x33,0x35,
0x23,0x35,0x21,0x15,0x01,0x23,0x35,0x33,0x21,0x33,0x15,0x23,0x31,0x11,0x23,0x35,
0x23,0x35,0x03,0x35,0x33,0x15,0x07,0x23,0x35,0x33,0x05,0x23,0x35,0x33,0x21,0x15,
0x23,0x35,0x01,0x80,0x80,0xfe,0x80,0x80,0x80,0x01,0x80,0xfe,0x80,0x80,0x80,0x01,
0x80,0x80,0x80,0x80,0x80,0x80,0x80,0x80,0x80,0x80,0x01,0x00,0x80,0x80,0x01,0x00,
0x80,0x03,0x00,0x80,0x80,0x80,0x80,0x80,0x80,0xfe,0x80,0x80,0x80,0xff,0x00,0x80,
0x80,0xff,0x00,0x80,0x80,0x80,0x80,0x80,0x80,0x80,0x80,0x00,0x00,0x06,0x00,0x00,
0x00,0x00,0x02,0x80,0x03,0x80,0x00,0x11,0x00,0x15,0x00,0x19,0x00,0x1d,0x00,0x21,
0x00,0x25,0x00,0x00,0x01,0x21,0x15,0x23,0x15,0x23,0x35,0x23,0x11,0x23,0x35,0x21,
0x35,0x33,0x15,0x33,0x15,0x29,0x01,0x15,0x23,0x35,0x01,0x35,0x33,0x15,0x25,0x15,
0x23,0x35,0x01,0x23,0x35,0x33,0x11,0x35,0x21,0x15,0x01,0x00,0x01,0x00,0x80,0x80,
0x80,0x80,0x01,0x00,0x80,0x80,0xff,0x00,0x01,0x80,0x80,0xfe,0x00,0x80,0x02,0x00,
0x80,0xff,0x00,0x80,0x80,0x01,0x80,0x02,0x00,0x80,0x80,0x80,0x01,0x00,0x80,0x80,
0x80,0x80,0x80,0x80,0xfe,0x80,0x80,0x80,0x80,0x80,0x80,0xff,0x00,0x80,0xff,0x00,
0x80,0x80,0x00,0x00,0x00,0x05,0x00,0x00,0x00,0x00,0x02,0x80,0x03,0x80,0x00,0x03,
0x00,0x0b,0x00,0x0f,0x00,0x13,0x00,0x17,0x00,0x00,0x01,0x11,0x23,0x19,0x01,0x33,
0x11,0x23,0x35,0x23,0x11,0x33,0x01,0x11,0x33,0x11,0x25,0x35,0x33,0x15,0x07,0x23,
0x35,0x33,0x01,0x80,0x80,0x80,0x80,0x80,0x80,0xff,0x00,0x80,0x01,0x80,0x80,0x80,
0x80,0x80,0x03,0x80,0xff,0x00,0x01,0x00,0xfe,0x00,0xff,0x00,0x80,0x01,0x80,0xfd,
0x80,0x01,0x00,0xff,0x00,0x80,0x80,0x80,0x80,0x80,0x00,0x00,0x00,0x07,0x00,0x00,
0x00,0x00,0x02,0x80,0x03,0x80,0x00,0x03,0x00,0x07,0x00,0x0b,0x00,0x0f,0x00,0x13,
0x00,0x17,0x00,0x1b,0x00,0x00,0x01,0x15,0x21,0x35,0x05,0x35,0x33,0x15,0x07,0x15,
0x21,0x35,0x11,0x23,0x35,0x33,0x01,0x11,0x33,0x11,0x07,0x23,0x35,0x33,0x01,0x35,
0x21,0x15,0x01,0x80,0xff,0x00,0x01,0x80,0x80,0x80,0xfe,0x80,0x80,0x80,0x01,0x80,
0x80,0x80,0x80,0x80,0xfe,0x80,0x01,0x00,0x03,0x80,0x80,0x80,0x80,0x80,0x80,0x80,
0x80,0x80,0xff,0x00,0x80,0xff,0x00,0x01,0x00,0xff,0x00,0x80,0x80,0xff,0x00,0x80,
0x80,0x00,0x00,0x00,0x00,0x02,0xfe,0x80,0x02,0x80,0x00,0x00,0x03,0x80,0x00,0x03,
0x00,0x07,0x00,0x00,0x01,0x11,0x33,0x11,0x13,0x33,0x11,0x23,0xfe,0x80,0x80,0x80,
0x80,0x80,0x02,0x80,0x01,0x00,0xff,0x00,0x01,0x00,0xff,0x00,0x00,0x01,0xfe,0x80,
0x02,0x80,0xff,0x80,0x03,0x80,0x00,0x03,0x00,0x00,0x01,0x21,0x11,0x21,0xfe,0x80,
0x01,0x00,0xff,0x00,0x03,0x80,0xff,0x00,0x00,0x04,0x00,0x80,0x00,0x00,0x02,0x80,
0x02,0x80,0x00,0x03,0x00,0x07,0x00,0x0d,0x00,0x11,0x00,0x00,0x13,0x35,0x33,0x1d,
0x01,0x35,0x33,0x15,0x33,0x15,0x33,0x15,0x21,0x19,0x01,0x23,0x35,0x33,0x80,0x80,
0x80,0x80,0x80,0xff,0x00,0x80,0x80,0x02,0x00,0x80,0x80,0x80,0x80,0x80,0x80,0x80,
0x01,0x00,0xfe,0x80,0x80,0x00,0x00,0x00,0x00,0x06,0x00,0x80,0x00,0x00,0x03,0x00,
0x03,0x80,0x00,0x03,0x00,0x07,0x00,0x0b,0x00,0x0f,0x00,0x15,0x00,0x19,0x00,0x00,
0x01,0x11,0x23,0x11,0x21,0x33,0x11,0x23,0x05,0x35,0x33,0x1d,0x01,0x35,0x33,0x15,
0x31,0x33,0x15,0x33,0x15,0x21,0x15,0x23,0x35,0x33,0x02,0x00,0x80,0x01,0x00,0x80,
0x80,0xfe,0x00,0x80,0x80,0x80,0x80,0xff,0x00,0x80,0x80,0x03,0x80,0xff,0x00,0x01,
0x00,0xff,0x00,0x80,0x80,0x80,0x80,0x80,0x80,0x80,0x80,0x80,0x80,0x00,0x00,0x00,
0x00,0x02,0x00,0x00,0x00,0x00,0x02,0x80,0x02,0x80,0x00,0x0d,0x00,0x11,0x00,0x00,
0x01,0x11,0x23,0x35,0x23,0x15,0x33,0x15,0x23,0x15,0x23,0x11,0x21,0x35,0x01,0x23,
0x35,0x33,0x02,0x80,0x80,0x80,0x80,0x80,0x80,0xff,0x00,0x01,0x00,0x80,0x80,0x02,
0x80,0xff,0x00,0x80,0x80,0x80,0x80,0x01,0x80,0x80,0xfd,0x80,0x80,0x00,0x00,0x00,
0x00,0x03,0x00,0x00,0x00,0x00,0x02,0x80,0x03,0x80,0x00,0x05,0x00,0x0d,0x00,0x11,
0x00,0x00,0x01,0x11,0x23,0x11,0x21,0x35,0x01,0x33,0x15,0x33,0x15,0x23,0x11,0x23,
0x15,0x23,0x35,0x33,0x02,0x80,0x80,0xfe,0x00,0x01,0x00,0x80,0x80,0x80,0x80,0x80,
0x80,0x03,0x80,0xfe,0x80,0x01,0x00,0x80,0xff,0x00,0x80,0x80,0xff,0x00,0x80,0x80,
0x00,0x03,0x00,0x00,0x00,0x00,0x02,0x80,0x02,0x80,0x00,0x03,0x00,0x0b,0x00,0x0f,
0x00,0x00,0x01,0x35,0x33,0x15,0x05,0x33,0x35,0x33,0x11,0x23,0x11,0x23,0x05,0x35,
0x21,0x15,0x02,0x00,0x80,0xfe,0x80,0x80,0x80,0x80,0x80,0xff,0x00,0x01,0x00,0x02,
0x00,0x80,0x80,0x80,0x80,0xfe,0x00,0x01,0x00,0x80,0x80,0x80,0x00,0x03,0x00,0x00,
0x00,0x00,0x02,0x80,0x03,0x80,0x00,0x03,0x00,0x0b,0x00,0x0f,0x00,0x00,0x01,0x33,
0x11,0x23,0x05,0x33,0x35,0x33,0x11,0x23,0x11,0x23,0x05,0x35,0x21,0x15,0x02,0x00,
0x80,0x80,0xff,0x00,0x80,0x80,0x80,0x80,0xff,0x00,0x01,0x00,0x03,0x80,0xff,0x00,
0x80,0x80,0xfd,0x80,0x01,0x80,0x80,0x80,0x80,0x00,0x00,0x00,0x00,0x03,0x00,0x00,
0x00,0x00,0x02,0x80,0x02,0x80,0x00,0x0b,0x00,0x0f,0x00,0x13,0x00,0x00,0x01,0x21,
0x11,0x23,0x35,0x21,0x15,0x23,0x11,0x21,0x35,0x33,0x13,0x23,0x35,0x33,0x03,0x23,
0x35,0x33,0x01,0x80,0x01,0x00,0x80,0xfe,0x80,0x80,0x01,0x00,0x80,0x80,0x80,0x80,
0x80,0x80,0x80,0x02,0x00,0xff,0x00,0x80,0x80,0x01,0x00,0x80,0xfe,0x00,0x80,0xff,
0x00,0x80,0x00,0x00,0x00,0x03,0x00,0x00,0x00,0x00,0x02,0x80,0x03,0x80,0x00,0x0b,
0x00,0x0f,0x00,0x13,0x00,0x00,0x01,0x21,0x11,0x23,0x11,0x21,0x15,0x23,0x11,0x21,
0x35,0x33,0x13,0x23,0x35,0x33,0x01,0x35,0x21,0x15,0x01,0x80,0x01,0x00,0x80,0xfe,
0x80,0x80,0x01,0x00,0x80,0x80,0x80,0x80,0xfe,0x80,0x01,0x00,0x03,0x00,0xfe,0x00,
0x01,0x80,0x80,0x01,0x00,0x80,0xfd,0x00,0x80,0xff,0x00,0x80,0x80,0x00,0x00,0x00,
0x00,0x01,0x00,0x00,0x00,0x00,0x02,0x80,0x02,0x00,0x00,0x0b,0x00,0x00,0x25,0x21,
0x15,0x21,0x35,0x21,0x11,0x23,0x35,0x21,0x15,0x23,0x01,0x80,0x01,0x00,0xfd,0x80,
0x01,0x00,0x80,0x01,0x80,0x80,0x80,0x80,0x80,0x01,0x00,0x80,0x80,0x00,0x00,0x00,
0x00,0x01,0x00,0x00,0x00,0x80,0x02,0x80,0x03,0x00,0x00,0x0b,0x00,0x00,0x01,0x21,
0x15,0x21,0x35,0x21,0x11,0x23,0x35,0x21,0x15,0x23,0x01,0x80,0x01,0x00,0xfd,0x80,
0x01,0x00,0x80,0x01,0x80,0x80,0x01,0x00,0x80,0x80,0x01,0x80,0x80,0x80,0x00,0x00,
0x00,0x02,0x00,0x00,0x00,0x00,0x02,0x80,0x02,0x80,0x00,0x0f,0x00,0x13,0x00,0x00,
0x01,0x15,0x33,0x15,0x23,0x11,0x21,0x35,0x33,0x35,0x23,0x35,0x21,0x35,0x21,0x35,
0x01,0x21,0x15,0x21,0x02,0x00,0x80,0x80,0xff,0x00,0x80,0x80,0xff,0x00,0x01,0x80,
0xfe,0x80,0x01,0x00,0xff,0x00,0x02,0x80,0x80,0x80,0xfe,0x80,0x80,0x80,0x80,0x80,
0x80,0xfe,0x80,0x80,0x00,0x03,0x00,0x00,0x00,0x00,0x02,0x80,0x03,0x80,0x00,0x11,
0x00,0x15,0x00,0x19,0x00,0x00,0x01,0x15,0x33,0x15,0x23,0x11,0x21,0x35,0x33,0x11,
0x23,0x35,0x33,0x35,0x21,0x35,0x21,0x35,0x03,0x23,0x35,0x33,0x03,0x23,0x35,0x33,
0x02,0x00,0x80,0x80,0xff,0x00,0x80,0x80,0x80,0xfe,0x80,0x01,0x80,0x80,0x80,0x80,
0x80,0x80,0x80,0x03,0x80,0x80,0x80,0xfd,0x80,0x80,0x01,0x00,0x80,0x80,0x80,0x80,
0xfd,0x80,0x80,0xff,0x00,0x80,0x00,0x00,0x00,0x02,0x00,0x00,0x00,0x00,0x02,0x80,
0x03,0x80,0x00,0x13,0x00,0x17,0x00,0x00,0x01,0x21,0x11,0x21,0x35,0x33,0x11,0x23,
0x11,0x23,0x15,0x23,0x11,0x33,0x11,0x21,0x35,0x21,0x35,0x33,0x01,0x23,0x35,0x33,
0x01,0x80,0x01,0x00,0xff,0x00,0x80,0x80,0x80,0x80,0x80,0xff,0x00,0x01,0x00,0x80,
0xff,0x00,0x80,0x80,0x03,0x00,0xfd,0x00,0x80,0x02,0x00,0xfe,0x80,0x80,0x01,0x00,
0x01,0x00,0x80,0x80,0xfc,0x80,0x80,0x00,0x00,0x02,0x00,0x00,0x00,0x00,0x02,0x80,
0x03,0x80,0x00,0x15,0x00,0x19,0x00,0x00,0x01,0x35,0x33,0x11,0x21,0x35,0x33,0x11,
0x23,0x11,0x23,0x15,0x23,0x11,0x33,0x11,0x21,0x35,0x21,0x35,0x33,0x15,0x01,0x23,
0x35,0x33,0x02,0x00,0x80,0xff,0x00,0x80,0x80,0x80,0x80,0x80,0xff,0x00,0x01,0x00,
0x80,0xff,0x00,0x80,0x80,0x03,0x00,0x80,0xfc,0x80,0x80,0x02,0x00,0xfe,0x80,0x80,
0x01,0x00,0x01,0x00,0x80,0x80,0x80,0xfd,0x00,0x80,0x00,0x00,0x00,0x01,0x00,0x00,
0x00,0x00,0x02,0x80,0x03,0x80,0x00,0x13,0x00,0x00,0x01,0x11,0x21,0x15,0x21,0x11,
0x23,0x11,0x21,0x35,0x21,0x11,0x21,0x35,0x21,0x35,0x33,0x15,0x21,0x15,0x01,0x80,
0x01,0x00,0xff,0x00,0x80,0xff,0x00,0x01,0x00,0xff,0x00,0x01,0x00,0x80,0x01,0x00,
0x02,0x80,0xff,0x00,0x80,0xff,0x00,0x01,0x00,0x80,0x01,0x00,0x80,0x80,0x80,0x80,
0x00,0x01,0x00,0x00,0x00,0x00,0x02,0x80,0x03,0x80,0x00,0x15,0x00,0x00,0x01,0x35,
0x33,0x11,0x21,0x11,0x21,0x15,0x21,0x11,0x23,0x11,0x21,0x35,0x21,0x11,0x21,0x35,
0x21,0x35,0x33,0x15,0x02,0x00,0x80,0xff,0x00,0x01,0x00,0xff,0x00,0x80,0xff,0x00,
0x01,0x00,0xff,0x00,0x01,0x00,0x80,0x03,0x00,0x80,0xff,0x00,0xff,0x00,0x80,0xff,
0x00,0x01,0x00,0x80,0x01,0x00,0x80,0x80,0x80,0x00,0x00,0x00,0x00,0x06,0x00,0x00,
0x00,0x00,0x02,0x80,0x03,0x80,0x00,0x07,0x00,0x0b,0x00,0x0f,0x00,0x13,0x00,0x17,
0x00,0x1b,0x00,0x00,0x01,0x21,0x11,0x23,0x11,0x21,0x11,0x33,0x03,0x23,0x35,0x33,
0x03,0x23,0x35,0x33,0x01,0x23,0x35,0x33,0x03,0x23,0x35,0x33,0x01,0x35,0x21,0x15,
0x01,0x80,0x01,0x00,0x80,0xff,0x00,0x80,0x80,0x80,0x80,0x80,0x80,0x80,0x01,0x80,
0x80,0x80,0x80,0x80,0x80,0xfe,0x80,0x01,0x00,0x03,0x00,0xfe,0x80,0x01,0x00,0x01,
0x00,0xfe,0x80,0x80,0xff,0x00,0x80,0xff,0x00,0x80,0xff,0x00,0x80,0xff,0x00,0x80,
0x80,0x00,0x00,0x00,0x00,0x06,0x00,0x00,0x00,0x00,0x02,0x80,0x03,0x80,0x00,0x09,
0x00,0x0d,0x00,0x11,0x00,0x15,0x00,0x19,0x00,0x1d,0x00,0x00,0x01,0x35,0x33,0x11,
0x23,0x11,0x21,0x11,0x33,0x15,0x03,0x23,0x35,0x33,0x03,0x23,0x35,0x33,0x01,0x23,
0x35,0x33,0x03,0x23,0x35,0x33,0x01,0x35,0x21,0x15,0x02,0x00,0x80,0x80,0xff,0x00,
0x80,0x80,0x80,0x80,0x80,0x80,0x80,0x01,0x80,0x80,0x80,0x80,0x80,0x80,0xfe,0x80,
0x01,0x00,0x03,0x00,0x80,0xfe,0x00,0x01,0x00,0x01,0x00,0x80,0xff,0x00,0x80,0xff,
0x00,0x80,0xff,0x00,0x80,0xff,0x00,0x80,0xff,0x00,0x80,0x80,0x00,0x03,0x00,0x00,
0x00,0x00,0x02,0x80,0x03,0x80,0x00,0x0b,0x00,0x0f,0x00,0x13,0x00,0x00,0x01,0x15,
0x23,0x11,0x23,0x11,0x23,0x15,0x23,0x11,0x33,0x15,0x03,0x23,0x35,0x33,0x01,0x23,
0x35,0x33,0x02,0x80,0x80,0x80,0x80,0x80,0x80,0x80,0x80,0x80,0x01,0x00,0x80,0x80,
0x03,0x00,0x80,0xfe,0x00,0x02,0x00,0x80,0x01,0x80,0x80,0xfe,0x80,0x80,0xfe,0x00,
0x80,0x00,0x00,0x00,0x00,0x03,0x00,0x00,0x00,0x00,0x02,0x80,0x03,0x80,0x00,0x0d,
0x00,0x11,0x00,0x15,0x00,0x00,0x01,0x35,0x33,0x11,0x23,0x11,0x23,0x11,0x23,0x15,
0x23,0x11,0x33,0x15,0x03,0x23,0x35,0x33,0x01,0x23,0x35,0x33,0x02,0x00,0x80,0x80,
0x80,0x80,0x80,0x80,0x80,0x80,0x80,0x01,0x00,0x80,0x80,0x03,0x00,0x80,0xff,0x00,
0xfe,0x00,0x02,0x00,0x80,0x01,0x80,0x80,0xfe,0x80,0x80,0xfe,0x00,0x80,0x00,0x00,
0x00,0x01,0x00,0x00,0x00,0x00,0x02,0x80,0x03,0x00,0x00,0x07,0x00,0x00,0x01,0x11,
0x21,0x35,0x21,0x11,0x21,0x35,0x02,0x80,0xfd,0x80,0x02,0x00,0xfe,0x00,0x03,0x00,
0xfd,0x00,0x80,0x02,0x00,0x80,0x00,0x00,0x00,0x01,0x00,0x00,0x00,0x00,0x02,0x80,
0x03,0x80,0x00,0x0d,0x00,0x00,0x01,0x35,0x33,0x11,0x21,0x35,0x21,0x11,0x21,0x35,
0x21,0x35,0x33,0x15,0x02,0x00,0x80,0xfd,0x80,0x02,0x00,0xfe,0x00,0x01,0x00,0x80,
0x03,0x00,0x80,0xfc,0x80,0x80,0x02,0x00,0x80,0x80,0x80,0x00,0x00,0x03,0x00,0x00,
0x00,0x00,0x02,0x80,0x03,0x80,0x00,0x13,0x00,0x17,0x00,0x1b,0x00,0x00,0x01,0x15,
0x33,0x15,0x23,0x11,0x23,0x11,0x23,0x11,0x23,0x11,0x23,0x35,0x33,0x35,0x33,0x15,
0x33,0x35,0x11,0x23,0x35,0x33,0x03,0x23,0x35,0x33,0x02,0x00,0x80,0x80,0x80,0x80,
0x80,0x80,0x80,0x80,0x80,0x80,0x80,0x80,0x80,0x80,0x03,0x80,0x80,0x80,0xfe,0x80,
0x01,0x80,0xff,0x00,0x01,0x00,0x80,0x80,0x80,0x80,0xfd,0x00,0x80,0xff,0x00,0x80,
0x00,0x03,0x00,0x00,0x00,0x00,0x02,0x80,0x03,0x80,0x00,0x11,0x00,0x15,0x00,0x19,
0x00,0x00,0x01,0x21,0x15,0x23,0x11,0x23,0x11,0x23,0x11,0x23,0x11,0x23,0x35,0x33,
0x35,0x33,0x15,0x33,0x11,0x23,0x35,0x33,0x03,0x23,0x35,0x33,0x01,0x80,0x01,0x00,
0x80,0x80,0x80,0x80,0x80,0x80,0x80,0x80,0x80,0x80,0x80,0x80,0x80,0x03,0x80,0x80,
0xfe,0x00,0x01,0x80,0xff,0x00,0x01,0x00,0x80,0x80,0x80,0xfd,0x80,0x80,0xff,0x00,
0x80,0x00,0x00,0x00,0x00,0x08,0x00,0x00,0x00,0x00,0x02,0x80,0x03,0x80,0x00,0x03,
0x00,0x07,0x00,0x0b,0x00,0x0f,0x00,0x13,0x00,0x17,0x00,0x1b,0x00,0x1f,0x00,0x00,
0x11,0x35,0x33,0x15,0x31,0x33,0x15,0x2b,0x01,0x33,0x15,0x23,0x25,0x33,0x11,0x23,
0x25,0x15,0x23,0x35,0x01,0x23,0x35,0x33,0x03,0x23,0x35,0x33,0x01,0x35,0x21,0x15,
0x80,0x80,0x80,0x80,0x80,0x80,0x02,0x00,0x80,0x80,0xff,0x00,0x80,0x01,0x80,0x80,
0x80,0x80,0x80,0x80,0xfe,0x80,0x01,0x00,0x03,0x00,0x80,0x80,0x80,0x80,0x80,0xff,
0x00,0x80,0x80,0x80,0xff,0x00,0x80,0xff,0x00,0x80,0xff,0x00,0x80,0x80,0x00,0x00,
0x00,0x09,0x00,0x00,0x00,0x00,0x02,0x80,0x03,0x80,0x00,0x03,0x00,0x07,0x00,0x0b,
0x00,0x0f,0x00,0x13,0x00,0x17,0x00,0x1b,0x00,0x1f,0x00,0x23,0x00,0x00,0x11,0x35,
0x33,0x15,0x25,0x21,0x15,0x29,0x01,0x33,0x15,0x2b,0x01,0x33,0x15,0x23,0x05,0x11,
0x33,0x11,0x25,0x15,0x23,0x35,0x01,0x23,0x35,0x33,0x03,0x23,0x35,0x33,0x01,0x35,
0x21,0x15,0x80,0x01,0x00,0x01,0x00,0xff,0x00,0xff,0x00,0x80,0x80,0x80,0x80,0x80,
0x02,0x00,0x80,0xfe,0x80,0x80,0x01,0x80,0x80,0x80,0x80,0x80,0x80,0xfe,0x80,0x01,
0x00,0x03,0x00,0x80,0x80,0x80,0x80,0x80,0x80,0x80,0x01,0x00,0xff,0x00,0x80,0x80,
0x80,0xff,0x00,0x80,0xff,0x00,0x80,0xff,0x00,0x80,0x80,0x00,0x00,0x07,0x00,0x00,
0x00,0x00,0x02,0x80,0x03,0x00,0x00,0x05,0x00,0x09,0x00,0x0d,0x00,0x11,0x00,0x15,
0x00,0x19,0x00,0x1d,0x00,0x00,0x01,0x11,0x23,0x35,0x21,0x35,0x01,0x23,0x35,0x33,
0x03,0x23,0x35,0x33,0x03,0x23,0x35,0x33,0x21,0x15,0x23,0x35,0x01,0x23,0x35,0x33,
0x21,0x15,0x23,0x35,0x02,0x80,0x80,0xfe,0x00,0x02,0x00,0x80,0x80,0x80,0x80,0x80,
0x80,0x80,0x80,0x01,0x00,0x80,0xff,0x00,0x80,0x80,0x02,0x00,0x80,0x03,0x00,0xff,
0x00,0x80,0x80,0xfe,0x80,0x80,0xff,0x00,0x80,0xff,0x00,0x80,0x80,0x80,0xff,0x00,
0x80,0x80,0x80,0x00,0x00,0x07,0x00,0x00,0x00,0x00,0x02,0x80,0x03,0x80,0x00,0x0b,
0x00,0x0f,0x00,0x13,0x00,0x17,0x00,0x1b,0x00,0x1f,0x00,0x23,0x00,0x00,0x01,0x35,
0x33,0x11,0x23,0x35,0x21,0x35,0x21,0x35,0x33,0x15,0x13,0x23,0x35,0x33,0x03,0x23,
0x35,0x33,0x03,0x23,0x35,0x33,0x21,0x15,0x23,0x35,0x01,0x23,0x35,0x33,0x21,0x15,
0x23,0x35,0x02,0x00,0x80,0x80,0xfe,0x00,0x01,0x00,0x80,0x80,0x80,0x80,0x80,0x80,
0x80,0x80,0x80,0x80,0x01,0x00,0x80,0xff,0x00,0x80,0x80,0x02,0x00,0x80,0x03,0x00,
0x80,0xfe,0x80,0x80,0x80,0x80,0x80,0xfe,0x80,0x80,0xff,0x00,0x80,0xff,0x00,0x80,
0x80,0x80,0xff,0x00,0x80,0x80,0x80,0x00,0x00,0x03,0x00,0x00,0x00,0x00,0x02,0x80,
0x03,0x80,0x00,0x0d,0x00,0x11,0x00,0x15,0x00,0x00,0x01,0x11,0x23,0x35,0x21,0x11,
0x23,0x11,0x23,0x35,0x33,0x11,0x33,0x11,0x01,0x23,0x35,0x33,0x01,0x35,0x21,0x15,
0x02,0x80,0x80,0xff,0x00,0x80,0x80,0x80,0x80,0x01,0x00,0x80,0x80,0xff,0x00,0x01,
0x80,0x02,0x80,0xff,0x00,0x80,0xfe,0x80,0x01,0x80,0x80,0x01,0x00,0xff,0x00,0xfe,
0x80,0x80,0xfe,0x80,0x80,0x80,0x00,0x00,0x00,0x04,0x00,0x00,0x00,0x00,0x02,0x80,
0x03,0x80,0x00,0x0d,0x00,0x11,0x00,0x15,0x00,0x19,0x00,0x00,0x01,0x21,0x11,0x23,
0x35,0x21,0x11,0x23,0x11,0x23,0x35,0x33,0x11,0x3b,0x01,0x21,0x15,0x21,0x13,0x23,
0x35,0x33,0x01,0x35,0x21,0x15,0x01,0x00,0x01,0x80,0x80,0xff,0x00,0x80,0x80,0x80,
0x80,0x80,0x01,0x00,0xff,0x00,0x80,0x80,0x80,0xff,0x00,0x01,0x80,0x02,0x80,0xff,
0x00,0x80,0xfe,0x80,0x01,0x80,0x80,0x01,0x00,0x80,0xfe,0x00,0x80,0xfe,0x80,0x80,
0x80,0x00,0x00,0x00,0x00,0x06,0x00,0x00,0x00,0x00,0x02,0x80,0x03,0x80,0x00,0x03,
0x00,0x07,0x00,0x0b,0x00,0x0f,0x00,0x13,0x00,0x17,0x00,0x00,0x11,0x33,0x15,0x23,
0x25,0x33,0x11,0x23,0x21,0x23,0x11,0x33,0x13,0x11,0x33,0x11,0x07,0x23,0x35,0x33,
0x03,0x23,0x35,0x33,0x80,0x80,0x02,0x00,0x80,0x80,0xff,0x00,0x80,0x80,0x80,0x80,
0x80,0x80,0x80,0x80,0x80,0x80,0x03,0x80,0x80,0x80,0xfe,0x80,0x01,0x00,0xfe,0x00,
0x01,0x00,0xff,0x00,0x80,0x80,0xff,0x00,0x80,0x00,0x00,0x00,0x00,0x06,0x00,0x00,
0x00,0x00,0x02,0x80,0x03,0x80,0x00,0x03,0x00,0x09,0x00,0x0d,0x00,0x11,0x00,0x15,
0x00,0x19,0x00,0x00,0x11,0x33,0x15,0x23,0x25,0x21,0x11,0x23,0x11,0x23,0x03,0x23,
0x11,0x33,0x13,0x11,0x33,0x11,0x07,0x23,0x35,0x33,0x03,0x23,0x35,0x33,0x80,0x80,
0x01,0x80,0x01,0x00,0x80,0x80,0x80,0x80,0x80,0x80,0x80,0x80,0x80,0x80,0x80,0x80,
0x80,0x03,0x80,0x80,0x80,0xfe,0x80,0x01,0x00,0xff,0x00,0x01,0x00,0xfe,0x00,0x01,
0x00,0xff,0x00,0x80,0x80,0xff,0x00,0x80,0x00,0x07,0x00,0x00,0x00,0x00,0x02,0x80,
0x03,0x80,0x00,0x07,0x00,0x0b,0x00,0x0f,0x00,0x13,0x00,0x17,0x00,0x1b,0x00,0x1f,
0x00,0x00,0x01,0x21,0x11,0x23,0x11,0x21,0x11,0x33,0x01,0x35,0x33,0x15,0x07,0x23,
0x35,0x33,0x17,0x35,0x33,0x15,0x17,0x23,0x35,0x33,0x03,0x23,0x35,0x33,0x01,0x35,
0x21,0x15,0x01,0x80,0x01,0x00,0x80,0xff,0x00,0x80,0xff,0x00,0x80,0x80,0x80,0x80,
0x80,0x80,0x80,0x80,0x80,0x80,0x80,0x80,0xfe,0x80,0x01,0x00,0x03,0x00,0xfe,0x80,
0x01,0x00,0x01,0x00,0xfe,0x80,0x80,0x80,0x80,0x80,0x80,0x80,0x80,0x80,0x80,0xff,
0x00,0x80,0xff,0x00,0x80,0x80,0x00,0x00,0x00,0x07,0x00,0x00,0x00,0x00,0x02,0x80,
0x03,0x80,0x00,0x09,0x00,0x0d,0x00,0x11,0x00,0x15,0x00,0x19,0x00,0x1d,0x00,0x21,
0x00,0x00,0x01,0x35,0x33,0x11,0x23,0x11,0x21,0x11,0x33,0x15,0x01,0x35,0x33,0x15,
0x07,0x23,0x35,0x33,0x17,0x35,0x33,0x15,0x17,0x23,0x35,0x33,0x03,0x23,0x35,0x33,
0x01,0x35,0x21,0x15,0x02,0x00,0x80,0x80,0xff,0x00,0x80,0xff,0x00,0x80,0x80,0x80,
0x80,0x80,0x80,0x80,0x80,0x80,0x80,0x80,0x80,0xfe,0x80,0x01,0x00,0x03,0x00,0x80,
0xfe,0x00,0x01,0x00,0x01,0x00,0x80,0xff,0x00,0x80,0x80,0x80,0x80,0x80,0x80,0x80,
0x80,0x80,0xff,0x00,0x80,0xff,0x00,0x80,0x80,0x00,0x00,0x00,0x00,0x03,0x00,0x00,
0x00,0x00,0x02,0x80,0x03,0x80,0x00,0x03,0x00,0x11,0x00,0x15,0x00,0x00,0x01,0x33,
0x15,0x23,0x11,0x21,0x15,0x21,0x11,0x23,0x11,0x21,0x35,0x21,0x35,0x23,0x35,0x21,
0x03,0x23,0x35,0x33,0x01,0x80,0x80,0x80,0x01,0x00,0xff,0x00,0x80,0xff,0x00,0x01,
0x00,0x80,0x01,0x00,0x80,0x80,0x80,0x03,0x80,0x80,0xff,0x00,0x80,0xff,0x00,0x01,
0x00,0x80,0x80,0x80,0xfd,0x00,0x80,0x00,0x00,0x04,0x00,0x00,0x00,0x00,0x02,0x80,
0x03,0x80,0x00,0x03,0x00,0x11,0x00,0x15,0x00,0x19,0x00,0x00,0x01,0x35,0x33,0x15,
0x05,0x35,0x21,0x11,0x21,0x15,0x21,0x11,0x23,0x11,0x21,0x35,0x21,0x35,0x25,0x15,
0x23,0x35,0x01,0x23,0x35,0x33,0x01,0x80,0x80,0xfe,0x80,0x01,0x00,0x01,0x00,0xff,
0x00,0x80,0xff,0x00,0x01,0x00,0x01,0x80,0x80,0xff,0x00,0x80,0x80,0x03,0x00,0x80,
0x80,0x80,0x80,0xff,0x00,0x80,0xff,0x00,0x01,0x00,0x80,0x80,0x80,0x80,0x80,0xfd,
0x00,0x80,0x00,0x00,0x00,0x05,0x00,0x00,0x00,0x00,0x02,0x80,0x02,0x00,0x00,0x03,
0x00,0x07,0x00,0x0b,0x00,0x0f,0x00,0x13,0x00,0x00,0x13,0x11,0x23,0x11,0x21,0x33,
0x11,0x23,0x01,0x33,0x11,0x23,0x15,0x23,0x35,0x33,0x01,0x35,0x21,0x15,0x80,0x80,
0x01,0x00,0x80,0x80,0x01,0x00,0x80,0x80,0x80,0x80,0xfe,0x80,0x01,0x00,0x02,0x00,
0xff,0x00,0x01,0x00,0xff,0x00,0x01,0x00,0xff,0x00,0x80,0x80,0xff,0x00,0x80,0x80,
0x00,0x05,0x00,0x00,0x00,0x00,0x02,0x80,0x03,0x00,0x00,0x03,0x00,0x07,0x00,0x0b,
0x00,0x0f,0x00,0x13,0x00,0x00,0x13,0x23,0x11,0x33,0x01,0x23,0x11,0x3b,0x02,0x11,
0x23,0x15,0x23,0x35,0x33,0x01,0x35,0x21,0x15,0x80,0x80,0x80,0x01,0x00,0x80,0x80,
0x80,0x80,0x80,0x80,0x80,0xfe,0x80,0x01,0x00,0x01,0x80,0x01,0x80,0xfe,0x80,0x01,
0x80,0xfe,0x00,0x80,0x80,0xff,0x00,0x80,0x80,0x00,0x00,0x00,0x00,0x06,0x00,0x00,
0x00,0x00,0x02,0x80,0x03,0x80,0x00,0x03,0x00,0x07,0x00,0x0b,0x00,0x0f,0x00,0x13,
0x00,0x17,0x00,0x00,0x01,0x21,0x15,0x21,0x01,0x23,0x11,0x3b,0x02,0x11,0x23,0x01,
0x33,0x11,0x23,0x15,0x23,0x35,0x33,0x01,0x35,0x21,0x15,0x01,0x80,0x01,0x00,0xff,
0x00,0xff,0x00,0x80,0x80,0x80,0x80,0x80,0x01,0x00,0x80,0x80,0x80,0x80,0xfe,0x80,
0x01,0x00,0x03,0x80,0x80,0xfe,0x80,0x01,0x80,0xfe,0x80,0x01,0x00,0xfe,0x80,0x80,
0x80,0xff,0x00,0x80,0x80,0x00,0x00,0x00,0x00,0x03,0x00,0x00,0x00,0x00,0x02,0x80,
0x03,0x80,0x00,0x03,0x00,0x0b,0x00,0x0f,0x00,0x00,0x01,0x21,0x35,0x21,0x13,0x15,
0x21,0x11,0x23,0x11,0x21,0x35,0x01,0x23,0x35,0x33,0x02,0x00,0xfe,0x80,0x01,0x80,
0x80,0xff,0x00,0x80,0xff,0x00,0x01,0x00,0x80,0x80,0x03,0x00,0x80,0xff,0x00,0x80,
0xfe,0x80,0x01,0x80,0x80,0xfd,0x80,0x80,0x00,0x04,0x00,0x00,0x00,0x00,0x02,0x80,
0x03,0x80,0x00,0x03,0x00,0x07,0x00,0x0f,0x00,0x13,0x00,0x00,0x01,0x15,0x21,0x35,
0x05,0x35,0x33,0x1d,0x02,0x21,0x11,0x23,0x11,0x21,0x35,0x01,0x23,0x35,0x33,0x01,
0x80,0xff,0x00,0x01,0x80,0x80,0xff,0x00,0x80,0xff,0x00,0x01,0x00,0x80,0x80,0x03,
0x80,0x80,0x80,0x80,0x80,0x80,0x80,0x80,0xfe,0x80,0x01,0x80,0x80,0xfd,0x80,0x80,
0x00,0x02,0x00,0x80,0x00,0x00,0x02,0x00,0x03,0x80,0x00,0x07,0x00,0x0b,0x00,0x00,
0x01,0x33,0x15,0x23,0x11,0x23,0x11,0x33,0x13,0x35,0x33,0x15,0x01,0x00,0x80,0x80,
0x80,0x80,0x80,0x80,0x02,0x00,0x80,0xfe,0x80,0x03,0x80,0xfd,0x80,0x80,0x80,0x00,
0x00,0x03,0x00,0x80,0x00,0x00,0x02,0x80,0x03,0x80,0x00,0x07,0x00,0x0b,0x00,0x0f,
0x00,0x00,0x01,0x33,0x15,0x23,0x11,0x23,0x11,0x3b,0x01,0x21,0x15,0x21,0x13,0x23,
0x35,0x33,0x01,0x00,0x80,0x80,0x80,0x80,0x80,0x01,0x00,0xff,0x00,0x80,0x80,0x80,
0x02,0x00,0x80,0xfe,0x80,0x03,0x80,0x80,0xfe,0x00,0x80,0x00,0x00,0x02,0x00,0x00,
0x00,0x00,0x02,0x80,0x03,0x80,0x00,0x0b,0x00,0x0f,0x00,0x00,0x01,0x21,0x15,0x21,
0x11,0x23,0x11,0x21,0x35,0x21,0x11,0x33,0x03,0x23,0x35,0x33,0x01,0x80,0x01,0x00,
0xff,0x00,0x80,0xff,0x00,0x01,0x00,0x80,0x80,0x80,0x80,0x02,0x80,0x80,0xfe,0x80,
0x01,0x80,0x80,0x01,0x00,0xfc,0x80,0x80,0x00,0x02,0x00,0x00,0x00,0x80,0x02,0x80,
0x03,0x00,0x00,0x03,0x00,0x07,0x00,0x00,0x01,0x21,0x35,0x21,0x13,0x15,0x21,0x35,
0x02,0x00,0xfe,0x80,0x01,0x80,0x80,0xfd,0x80,0x02,0x80,0x80,0xfe,0x00,0x80,0x80,
0x00,0x05,0x00,0x00,0x00,0x00,0x02,0x80,0x03,0x00,0x00,0x05,0x00,0x0b,0x00,0x0f,
0x00,0x13,0x00,0x17,0x00,0x00,0x01,0x11,0x23,0x35,0x21,0x35,0x13,0x21,0x11,0x23,
0x35,0x21,0x01,0x23,0x35,0x33,0x21,0x15,0x23,0x35,0x01,0x35,0x21,0x15,0x02,0x80,
0x80,0xfe,0x00,0x80,0x01,0x80,0x80,0xff,0x00,0x01,0x00,0x80,0x80,0x01,0x00,0x80,
0xfe,0x00,0x01,0x00,0x03,0x00,0xff,0x00,0x80,0x80,0xff,0x00,0xff,0x00,0x80,0xff,
0x00,0x80,0x80,0x80,0xff,0x00,0x80,0x80,0x00,0x04,0x00,0x00,0x00,0x00,0x02,0x80,
0x03,0x80,0x00,0x0b,0x00,0x17,0x00,0x1b,0x00,0x1f,0x00,0x00,0x01,0x23,0x15,0x23,
0x35,0x21,0x35,0x21,0x35,0x33,0x15,0x21,0x01,0x35,0x33,0x15,0x33,0x15,0x23,0x11,
0x23,0x11,0x23,0x35,0x11,0x23,0x35,0x33,0x21,0x15,0x23,0x35,0x02,0x80,0x80,0x80,
0xfe,0x80,0x01,0x00,0x80,0x01,0x00,0xfe,0x80,0x80,0x80,0x80,0x80,0x80,0x80,0x80,
0x02,0x00,0x80,0x02,0x80,0x80,0x80,0x80,0x80,0x80,0xfe,0x80,0x80,0x80,0x80,0xff,
0x00,0x01,0x00,0x80,0xff,0x00,0x80,0x80,0x80,0x00,0x00,0x00,0x00,0x04,0x00,0x00,
0x00,0x00,0x02,0x00,0x03,0x80,0x00,0x03,0x00,0x07,0x00,0x0b,0x00,0x0f,0x00,0x00,
0x01,0x33,0x11,0x23,0x03,0x11,0x33,0x11,0x07,0x23,0x35,0x33,0x03,0x23,0x35,0x33,
0x01,0x80,0x80,0x80,0x80,0x80,0x80,0x80,0x80,0x80,0x80,0x80,0x03,0x80,0xfe,0x80,
0xff,0x00,0x01,0x00,0xff,0x00,0x80,0x80,0xff,0x00,0x80,0x00,0x00,0x04,0x00,0x00,
0x00,0x00,0x02,0x80,0x03,0x00,0x00,0x03,0x00,0x07,0x00,0x0b,0x00,0x0f,0x00,0x00,
0x13,0x33,0x11,0x23,0x01,0x11,0x23,0x11,0x13,0x33,0x11,0x23,0x21,0x11,0x33,0x11,
0x80,0x80,0x80,0x01,0x80,0x80,0x80,0x80,0x80,0xfe,0x00,0x80,0x03,0x00,0xfe,0x00,
0x02,0x00,0xfe,0x80,0x01,0x80,0xfe,0x80,0xfe,0x80,0x01,0x00,0xff,0x00,0x00,0x00,
0x00,0x06,0x00,0x00,0x00,0x00,0x02,0x80,0x03,0x80,0x00,0x03,0x00,0x07,0x00,0x0b,
0x00,0x0f,0x00,0x13,0x00,0x17,0x00,0x00,0x01,0x33,0x15,0x23,0x21,0x35,0x33,0x15,
0x21,0x33,0x11,0x23,0x01,0x33,0x11,0x23,0x3b,0x01,0x11,0x23,0x21,0x11,0x33,0x11,
0x01,0x00,0x80,0x80,0x01,0x00,0x80,0xfe,0x00,0x80,0x80,0x01,0x00,0x80,0x80,0x80,
0x80,0x80,0xfe,0x00,0x80,0x03,0x80,0x80,0x80,0x80,0xfe,0x00,0x01,0x80,0xff,0x00,
0xfe,0x80,0x01,0x00,0xff,0x00,0x00,0x00,0x00,0x06,0x00,0x00,0x00,0x00,0x02,0x80,
0x03,0x80,0x00,0x03,0x00,0x09,0x00,0x0d,0x00,0x11,0x00,0x15,0x00,0x19,0x00,0x00,
0x01,0x33,0x15,0x23,0x29,0x01,0x15,0x23,0x11,0x23,0x01,0x15,0x23,0x35,0x07,0x33,
0x11,0x23,0x13,0x11,0x33,0x11,0x21,0x11,0x33,0x11,0x01,0x80,0x80,0x80,0xff,0x00,
0x01,0x00,0x80,0x80,0x02,0x00,0x80,0x80,0x80,0x80,0x80,0x80,0xfd,0x80,0x80,0x03,
0x80,0x80,0x80,0xfe,0x80,0x02,0x00,0x80,0x80,0x80,0xff,0x00,0xfe,0x80,0x01,0x80,
0xfe,0x80,0x01,0x00,0xff,0x00,0x00,0x00,0x00,0x03,0x00,0x00,0x00,0x00,0x02,0x80,
0x03,0x80,0x00,0x07,0x00,0x0b,0x00,0x0f,0x00,0x00,0x13,0x11,0x23,0x11,0x33,0x11,
0x21,0x15,0x01,0x15,0x21,0x35,0x01,0x35,0x21,0x15,0x80,0x80,0x80,0x01,0x00,0x01,
0x00,0xff,0x00,0xff,0x00,0x02,0x00,0x01,0x80,0xff,0x00,0x03,0x00,0xfe,0x80,0x80,
0x01,0x00,0x80,0x80,0xfd,0x80,0x80,0x80,0x00,0x05,0x00,0x00,0x00,0x00,0x02,0x80,
0x03,0x80,0x00,0x07,0x00,0x0b,0x00,0x0f,0x00,0x13,0x00,0x17,0x00,0x00,0x13,0x21,
0x15,0x21,0x11,0x23,0x11,0x3b,0x02,0x15,0x23,0x21,0x35,0x33,0x15,0x01,0x35,0x21,
0x15,0x01,0x35,0x21,0x15,0x80,0x01,0x00,0xff,0x00,0x80,0x80,0x80,0x80,0x80,0x01,
0x00,0x80,0xff,0x00,0x01,0x00,0xfe,0x00,0x02,0x00,0x02,0x00,0x80,0xff,0x00,0x03,
0x00,0x80,0x80,0x80,0xff,0x00,0x80,0x80,0xfe,0x00,0x80,0x80,0x00,0x05,0x00,0x00,
0x00,0x00,0x02,0x80,0x03,0x80,0x00,0x07,0x00,0x0b,0x00,0x0f,0x00,0x15,0x00,0x19,
0x00,0x00,0x13,0x21,0x15,0x21,0x11,0x23,0x11,0x33,0x21,0x33,0x15,0x23,0x07,0x35,
0x33,0x15,0x33,0x35,0x33,0x11,0x21,0x35,0x01,0x35,0x21,0x15,0x80,0x01,0x00,0xff,
0x00,0x80,0x80,0x01,0x00,0x80,0x80,0x80,0x80,0x80,0x80,0xff,0x00,0xff,0x00,0x02,
0x00,0x02,0x00,0x80,0xff,0x00,0x03,0x00,0x80,0x80,0x80,0x80,0x80,0xff,0x00,0x80,
0xfd,0x80,0x80,0x80,0x00,0x04,0x00,0x00,0x00,0x00,0x02,0x80,0x03,0x00,0x00,0x05,
0x00,0x09,0x00,0x0d,0x00,0x11,0x00,0x00,0x01,0x11,0x23,0x11,0x21,0x35,0x01,0x23,
0x35,0x33,0x03,0x23,0x35,0x33,0x03,0x23,0x35,0x33,0x02,0x80,0x80,0xfe,0x00,0x02,
0x00,0x80,0x80,0x80,0x80,0x80,0x80,0x80,0x80,0x03,0x00,0xfe,0x80,0x01,0x00,0x80,
0xfe,0x00,0x80,0xff,0x00,0x80,0xff,0x00,0x80,0x00,0x00,0x00,0x00,0x04,0x00,0x00,
0x00,0x00,0x02,0x80,0x03,0x80,0x00,0x0b,0x00,0x0f,0x00,0x13,0x00,0x17,0x00,0x00,
0x01,0x35,0x33,0x11,0x23,0x11,0x21,0x35,0x21,0x35,0x33,0x15,0x13,0x23,0x35,0x33,
0x03,0x23,0x35,0x33,0x03,0x23,0x35,0x33,0x02,0x00,0x80,0x80,0xfe,0x00,0x01,0x00,
0x80,0x80,0x80,0x80,0x80,0x80,0x80,0x80,0x80,0x80,0x03,0x00,0x80,0xfe,0x00,0x01,
0x00,0x80,0x80,0x80,0xfe,0x00,0x80,0xff,0x00,0x80,0xff,0x00,0x80,0x00,0x00,0x00,
0x00,0x06,0x00,0x00,0x00,0x00,0x02,0x80,0x03,0x80,0x00,0x03,0x00,0x07,0x00,0x0f,
0x00,0x13,0x00,0x17,0x00,0x1b,0x00,0x00,0x01,0x33,0x15,0x23,0x31,0x15,0x21,0x35,
0x05,0x35,0x33,0x11,0x23,0x35,0x23,0x35,0x13,0x23,0x35,0x33,0x03,0x23,0x35,0x33,
0x03,0x23,0x35,0x33,0x01,0x80,0x80,0x80,0xfe,0x80,0x02,0x00,0x80,0x80,0x80,0x80,
0x80,0x80,0x80,0x80,0x80,0x80,0x80,0x80,0x03,0x80,0x80,0x80,0x80,0x80,0x80,0xfe,
0x80,0x80,0x80,0xfe,0x80,0x80,0xff,0x00,0x80,0xff,0x00,0x80,0x00,0x05,0x00,0x00,
0x00,0x80,0x02,0x80,0x02,0x80,0x00,0x03,0x00,0x07,0x00,0x0b,0x00,0x0f,0x00,0x13,
0x00,0x00,0x01,0x23,0x35,0x33,0x03,0x23,0x35,0x33,0x05,0x23,0x35,0x33,0x13,0x23,
0x35,0x33,0x13,0x23,0x35,0x33,0x01,0x00,0x80,0x80,0x80,0x80,0x80,0x01,0x00,0x80,
0x80,0x80,0x80,0x80,0x80,0x80,0x80,0x02,0x00,0x80,0xff,0x00,0x80,0x80,0x80,0xff,
0x00,0x80,0xff,0x00,0x80,0x00,0x00,0x00,0x00,0x07,0x00,0x00,0x00,0x80,0x02,0x80,
0x03,0x80,0x00,0x03,0x00,0x07,0x00,0x0b,0x00,0x0f,0x00,0x13,0x00,0x17,0x00,0x1b,
0x00,0x00,0x01,0x23,0x35,0x33,0x05,0x23,0x35,0x33,0x01,0x23,0x35,0x33,0x03,0x23,
0x35,0x33,0x05,0x23,0x35,0x33,0x13,0x23,0x35,0x33,0x13,0x23,0x35,0x33,0x01,0x80,
0x80,0x80,0x01,0x00,0x80,0x80,0xfe,0x80,0x80,0x80,0x80,0x80,0x80,0x01,0x00,0x80,
0x80,0x80,0x80,0x80,0x80,0x80,0x80,0x03,0x00,0x80,0x80,0x80,0xfe,0x80,0x80,0xff,
0x00,0x80,0x80,0x80,0xff,0x00,0x80,0xff,0x00,0x80,0x00,0x00,0x00,0x09,0x00,0x00,
0x00,0x80,0x02,0x80,0x03,0x80,0x00,0x03,0x00,0x07,0x00,0x0b,0x00,0x0f,0x00,0x13,
0x00,0x17,0x00,0x1b,0x00,0x1f,0x00,0x23,0x00,0x00,0x01,0x23,0x35,0x33,0x03,0x23,
0x35,0x33,0x05,0x23,0x35,0x33,0x01,0x23,0x35,0x33,0x05,0x23,0x35,0x33,0x01,0x23,
0x35,0x33,0x05,0x23,0x35,0x33,0x13,0x23,0x35,0x33,0x13,0x23,0x35,0x33,0x02,0x00,
0x80,0x80,0x80,0x80,0x80,0x01,0x00,0x80,0x80,0xfe,0x80,0x80,0x80,0x01,0x00,0x80,
0x80,0xfe,0x80,0x80,0x80,0x01,0x00,0x80,0x80,0x80,0x80,0x80,0x80,0x80,0x80,0x03,
0x00,0x80,0xff,0x00,0x80,0x80,0x80,0xff,0x00,0x80,0x80,0x80,0xff,0x00,0x80,0x80,
0x80,0xff,0x00,0x80,0xff,0x00,0x80,0x00,0x00,0x03,0x00,0x00,0x00,0x00,0x02,0x80,
0x03,0x80,0x00,0x0b,0x00,0x0f,0x00,0x13,0x00,0x00,0x01,0x21,0x15,0x21,0x11,0x23,
0x11,0x21,0x35,0x21,0x11,0x33,0x01,0x11,0x33,0x11,0x21,0x11,0x33,0x11,0x01,0x80,
0x01,0x00,0xff,0x00,0x80,0xff,0x00,0x01,0x00,0x80,0xfe,0x80,0x80,0x01,0x80,0x80,
0x02,0x80,0x80,0xfe,0x00,0x02,0x00,0x80,0x01,0x00,0xfd,0x00,0x01,0x00,0xff,0x00,
0x01,0x00,0xff,0x00,0x00,0x04,0x00,0x00,0x00,0x00,0x02,0x80,0x03,0x80,0x00,0x0b,
0x00,0x0f,0x00,0x13,0x00,0x17,0x00,0x00,0x01,0x21,0x15,0x21,0x11,0x23,0x11,0x21,
0x35,0x21,0x11,0x33,0x17,0x35,0x33,0x15,0x01,0x11,0x33,0x11,0x21,0x11,0x33,0x11,
0x01,0x80,0x01,0x00,0xff,0x00,0x80,0xff,0x00,0x01,0x00,0x80,0x80,0x80,0xfd,0x80,
0x80,0x01,0x80,0x80,0x02,0x80,0x80,0xfe,0x00,0x02,0x00,0x80,0x01,0x00,0x80,0x80,
0x80,0xfd,0x80,0x01,0x00,0xff,0x00,0x01,0x00,0xff,0x00,0x00,0x00,0x03,0x00,0x00,
0x00,0x00,0x02,0x80,0x03,0x80,0x00,0x0f,0x00,0x13,0x00,0x17,0x00,0x00,0x01,0x35,
0x33,0x11,0x21,0x11,0x23,0x11,0x21,0x35,0x21,0x11,0x21,0x15,0x23,0x15,0x01,0x11,
0x33,0x11,0x21,0x11,0x33,0x11,0x02,0x00,0x80,0xff,0x00,0x80,0xff,0x00,0x01,0x00,
0x01,0x00,0x80,0xfe,0x80,0x80,0x01,0x80,0x80,0x02,0x80,0x80,0xff,0x00,0xfe,0x00,
0x02,0x00,0x80,0x01,0x00,0x80,0x80,0xfe,0x00,0x01,0x00,0xff,0x00,0x01,0x00,0xff,
0x00,0x00,0x00,0x00,0x00,0x04,0x00,0x00,0x00,0x00,0x02,0x80,0x03,0x00,0x00,0x05,
0x00,0x09,0x00,0x0f,0x00,0x13,0x00,0x00,0x01,0x11,0x23,0x35,0x21,0x35,0x01,0x23,
0x35,0x33,0x01,0x35,0x21,0x11,0x23,0x35,0x05,0x15,0x23,0x35,0x02,0x80,0x80,0xfe,
0x00,0x02,0x00,0x80,0x80,0xfe,0x80,0x01,0x00,0x80,0x01,0x00,0x80,0x03,0x00,0xff,
0x00,0x80,0x80,0xfe,0x80,0x80,0xff,0x00,0x80,0xff,0x00,0x80,0x80,0x80,0x80,0x00,
0x00,0x06,0x00,0x80,0x00,0x00,0x02,0x80,0x03,0x80,0x00,0x03,0x00,0x07,0x00,0x0b,
0x00,0x0f,0x00,0x13,0x00,0x17,0x00,0x00,0x13,0x21,0x15,0x29,0x02,0x15,0x21,0x15,
0x23,0x35,0x33,0x17,0x15,0x23,0x35,0x01,0x21,0x15,0x21,0x05,0x35,0x21,0x15,0x80,
0x01,0x00,0xff,0x00,0x01,0x00,0x01,0x00,0xff,0x00,0x80,0x80,0x80,0x80,0xff,0x00,
0x01,0x00,0xff,0x00,0x01,0x00,0x01,0x00,0x03,0x80,0x80,0x80,0x80,0x80,0x80,0x80,
0x80,0xff,0x00,0x80,0x80,0x80,0x80,0x00,0x00,0x05,0x00,0x00,0x00,0x00,0x02,0x80,
0x03,0x80,0x00,0x03,0x00,0x07,0x00,0x0d,0x00,0x11,0x00,0x15,0x00,0x00,0x01,0x23,
0x11,0x33,0x03,0x11,0x23,0x19,0x01,0x15,0x21,0x15,0x21,0x11,0x05,0x35,0x33,0x1d,
0x01,0x35,0x33,0x15,0x01,0x80,0x80,0x80,0x80,0x80,0x01,0x00,0xfe,0x80,0x01,0x80,
0x80,0x80,0x02,0x00,0x01,0x80,0xfe,0x80,0xff,0x00,0x01,0x00,0xff,0x00,0x80,0x80,
0x01,0x00,0x80,0x80,0x80,0x80,0x80,0x80,0x00,0x06,0x00,0x00,0x00,0x00,0x02,0x80,
0x03,0x80,0x00,0x03,0x00,0x07,0x00,0x0b,0x00,0x0f,0x00,0x13,0x00,0x17,0x00,0x00,
0x01,0x33,0x11,0x23,0x25,0x21,0x15,0x21,0x01,0x11,0x33,0x11,0x07,0x23,0x35,0x33,
0x21,0x15,0x23,0x35,0x01,0x35,0x21,0x15,0x02,0x00,0x80,0x80,0xfe,0x80,0x01,0x00,
0xff,0x00,0x01,0x00,0x80,0x80,0x80,0x80,0x01,0x00,0x80,0xfe,0x00,0x01,0x00,0x03,
0x80,0xfe,0x80,0x80,0x80,0xff,0x00,0x01,0x00,0xff,0x00,0x80,0x80,0x80,0x80,0xff,
0x00,0x80,0x80,0x00,0x00,0x02,0x00,0x00,0x00,0x00,0x02,0x80,0x03,0x80,0x00,0x0f,
0x00,0x13,0x00,0x00,0x01,0x11,0x23,0x11,0x21,0x35,0x21,0x11,0x23,0x35,0x21,0x15,
0x23,0x11,0x21,0x15,0x11,0x21,0x35,0x21,0x01,0x80,0x80,0xff,0x00,0x01,0x00,0x80,
0x01,0x80,0x80,0x01,0x00,0xff,0x00,0x01,0x00,0x01,0x80,0xff,0x00,0x01,0x00,0x80,
0x01,0x00,0x80,0x80,0xff,0x00,0x80,0xfe,0x80,0x80,0x00,0x00,0x00,0x02,0x00,0x00,
0x00,0x00,0x02,0x80,0x02,0x80,0x00,0x0d,0x00,0x11,0x00,0x00,0x01,0x11,0x23,0x35,
0x21,0x15,0x23,0x35,0x23,0x35,0x33,0x35,0x33,0x15,0x13,0x23,0x11,0x33,0x02,0x80,
0x80,0xff,0x00,0x80,0x80,0x80,0x80,0x80,0x80,0x80,0x02,0x00,0xff,0x00,0x80,0x80,
0x80,0x80,0x80,0x80,0xfe,0x00,0x01,0x00,0x00,0x03,0x00,0x00,0x00,0x00,0x02,0x80,
0x03,0x80,0x00,0x0d,0x00,0x11,0x00,0x15,0x00,0x00,0x01,0x11,0x23,0x35,0x21,0x11,
0x23,0x11,0x23,0x35,0x33,0x35,0x33,0x15,0x01,0x23,0x35,0x33,0x05,0x33,0x11,0x23,
0x02,0x80,0x80,0xff,0x00,0x80,0x80,0x80,0x80,0x01,0x00,0x80,0x80,0xff,0x00,0x80,
0x80,0x03,0x00,0xff,0x00,0x80,0xff,0x00,0x01,0x00,0x80,0x80,0x80,0xfe,0x80,0x80,
0x80,0xfe,0x80,0x00,0x00,0x01,0x00,0x00,0x00,0x00,0x02,0x80,0x02,0x00,0x00,0x09,
0x00,0x00,0x25,0x33,0x15,0x21,0x35,0x21,0x11,0x21,0x35,0x21,0x02,0x00,0x80,0xfd,
0x80,0x01,0x80,0xff,0x00,0x01,0x80,0x80,0x80,0x80,0x01,0x00,0x80,0x00,0x00,0x00,
0x00,0x01,0x00,0x00,0x00,0x80,0x02,0x80,0x03,0x00,0x00,0x09,0x00,0x00,0x01,0x33,
0x15,0x21,0x35,0x21,0x11,0x21,0x35,0x21,0x02,0x00,0x80,0xfd,0x80,0x01,0x80,0xff,
0x00,0x01,0x80,0x01,0x00,0x80,0x80,0x01,0x80,0x80,0x00,0x00,0x00,0x01,0x00,0x00,
0x00,0x00,0x02,0x00,0x02,0x80,0x00,0x0b,0x00,0x00,0x01,0x11,0x21,0x35,0x21,0x35,
0x21,0x35,0x21,0x35,0x21,0x35,0x02,0x00,0xfe,0x00,0x01,0x80,0xff,0x00,0x01,0x00,
0xfe,0x80,0x02,0x80,0xfd,0x80,0x80,0x80,0x80,0x80,0x80,0x00,0x00,0x01,0x00,0x00,
0x00,0x00,0x02,0x80,0x03,0x00,0x00,0x0b,0x00,0x00,0x01,0x11,0x21,0x35,0x21,0x11,
0x21,0x35,0x21,0x35,0x21,0x35,0x02,0x80,0xfd,0x80,0x02,0x00,0xfe,0x80,0x01,0x80,
0xfe,0x00,0x03,0x00,0xfd,0x00,0x80,0x01,0x00,0x80,0x80,0x80,0x00,0x04,0x00,0x00,
0x00,0x00,0x02,0x80,0x03,0x80,0x00,0x03,0x00,0x09,0x00,0x0d,0x00,0x11,0x00,0x00,
0x01,0x21,0x35,0x21,0x13,0x11,0x23,0x11,0x21,0x35,0x01,0x23,0x35,0x33,0x01,0x35,
0x21,0x15,0x02,0x00,0xfe,0x80,0x01,0x80,0x80,0x80,0xfe,0x00,0x02,0x00,0x80,0x80,
0xfe,0x80,0x01,0x00,0x03,0x00,0x80,0xff,0x00,0xfe,0x80,0x01,0x00,0x80,0xfe,0x00,
0x80,0xff,0x00,0x80,0x80,0x00,0x00,0x00,0x00,0x04,0x00,0x80,0x00,0x00,0x02,0x80,
0x03,0x80,0x00,0x03,0x00,0x07,0x00,0x0b,0x00,0x0f,0x00,0x00,0x01,0x23,0x11,0x33,
0x21,0x33,0x11,0x23,0x15,0x23,0x35,0x33,0x03,0x23,0x35,0x33,0x01,0x00,0x80,0x80,
0x01,0x00,0x80,0x80,0x80,0x80,0x80,0x80,0x80,0x01,0x80,0x02,0x00,0xfd,0x80,0x80,
0x80,0xff,0x00,0x80,0x00,0x03,0x00,0x00,0x00,0x00,0x02,0x80,0x03,0x80,0x00,0x07,
0x00,0x0b,0x00,0x0f,0x00,0x00,0x01,0x33,0x15,0x23,0x15,0x23,0x11,0x33,0x05,0x33,
0x11,0x23,0x15,0x23,0x35,0x33,0x02,0x00,0x80,0x80,0x80,0x80,0xfe,0x80,0x80,0x80,
0x80,0x80,0x01,0x00,0x80,0x80,0x03,0x80,0x80,0xfd,0x80,0x80,0x80,0x00,0x00,0x00,
0x00,0x03,0x00,0x80,0x00,0x00,0x02,0x80,0x03,0x80,0x00,0x05,0x00,0x09,0x00,0x0d,
0x00,0x00,0x25,0x33,0x15,0x21,0x11,0x33,0x01,0x35,0x33,0x15,0x07,0x23,0x35,0x33,
0x01,0x00,0x80,0xff,0x00,0x80,0x01,0x00,0x80,0x80,0x80,0x80,0x80,0x80,0x03,0x80,
0xfd,0x80,0x80,0x80,0x80,0x80,0x00,0x00,0x00,0x02,0x00,0x00,0x00,0x00,0x02,0x80,
0x03,0x00,0x00,0x03,0x00,0x07,0x00,0x00,0x01,0x11,0x21,0x11,0x05,0x21,0x11,0x21,
0x02,0x80,0xfd,0x80,0x02,0x00,0xfe,0x80,0x01,0x80,0x03,0x00,0xfd,0x00,0x03,0x00,
0x80,0xfe,0x00,0x00,0x00,0x03,0x00,0x00,0x00,0x00,0x02,0x80,0x02,0x80,0x00,0x07,
0x00,0x0b,0x00,0x0f,0x00,0x00,0x01,0x11,0x23,0x11,0x21,0x15,0x23,0x11,0x01,0x23,
0x35,0x33,0x01,0x35,0x21,0x15,0x02,0x80,0x80,0xfe,0x80,0x80,0x02,0x00,0x80,0x80,
0xfe,0x80,0x01,0x00,0x02,0x80,0xfe,0x80,0x01,0x00,0x80,0x01,0x00,0xfe,0x00,0x80,
0xff,0x00,0x80,0x80,0x00,0x03,0x00,0x00,0x00,0x00,0x02,0x80,0x03,0x00,0x00,0x07,
0x00,0x0b,0x00,0x0f,0x00,0x00,0x01,0x11,0x23,0x11,0x21,0x15,0x23,0x11,0x01,0x23,
0x35,0x33,0x01,0x35,0x21,0x15,0x02,0x80,0x80,0xfe,0x80,0x80,0x02,0x00,0x80,0x80,
0xfe,0x80,0x01,0x00,0x03,0x00,0xfe,0x00,0x01,0x80,0x80,0x01,0x00,0xfd,0x80,0x80,
0xff,0x00,0x80,0x80,0x00,0x02,0x00,0x00,0x00,0x00,0x02,0x80,0x03,0x80,0x00,0x13,
0x00,0x17,0x00,0x00,0x01,0x23,0x11,0x33,0x15,0x23,0x11,0x23,0x11,0x21,0x35,0x33,
0x11,0x23,0x35,0x21,0x35,0x33,0x15,0x33,0x01,0x33,0x11,0x23,0x02,0x80,0x80,0x80,
0x80,0x80,0xfe,0x80,0x80,0x80,0x01,0x80,0x80,0x80,0xfe,0x80,0x80,0x80,0x02,0x80,
0xff,0x00,0x80,0xff,0x00,0x01,0x00,0x80,0x01,0x00,0x80,0x80,0x80,0xfe,0x80,0x01,
0x00,0x00,0x00,0x00,0x00,0x02,0x00,0x00,0x00,0x80,0x02,0x80,0x03,0x00,0x00,0x07,
0x00,0x0f,0x00,0x00,0x01,0x23,0x15,0x23,0x35,0x21,0x35,0x21,0x01,0x33,0x11,0x21,
0x15,0x21,0x35,0x21,0x02,0x80,0x80,0x80,0xfe,0x80,0x02,0x80,0xfe,0x80,0x80,0x01,
0x00,0xfd,0x80,0x01,0x00,0x02,0x80,0x80,0x80,0x80,0xff,0x00,0xff,0x00,0x80,0x80,
0x00,0x03,0x00,0x00,0x00,0x00,0x02,0x80,0x03,0x00,0x00,0x09,0x00,0x0d,0x00,0x11,
0x00,0x00,0x01,0x11,0x23,0x35,0x21,0x35,0x21,0x35,0x21,0x35,0x01,0x23,0x35,0x33,
0x01,0x35,0x21,0x15,0x02,0x80,0x80,0xfe,0x80,0x01,0x80,0xfe,0x00,0x02,0x00,0x80,
0x80,0xfe,0x80,0x01,0x00,0x03,0x00,0xfe,0x00,0x80,0x80,0x80,0x80,0xfd,0x80,0x80,
0xff,0x00,0x80,0x80,0x00,0x06,0x00,0x00,0x00,0x00,0x02,0x80,0x03,0x80,0x00,0x03,
0x00,0x07,0x00,0x0b,0x00,0x0f,0x00,0x13,0x00,0x17,0x00,0x00,0x11,0x33,0x15,0x23,
0x21,0x15,0x23,0x35,0x05,0x33,0x11,0x23,0x15,0x23,0x35,0x33,0x03,0x23,0x35,0x33,
0x01,0x35,0x21,0x15,0x80,0x80,0x01,0x00,0x80,0x01,0x80,0x80,0x80,0x80,0x80,0x80,
0x80,0x80,0xfe,0x80,0x01,0x00,0x03,0x80,0x80,0x80,0x80,0x80,0xff,0x00,0x80,0x80,
0xff,0x00,0x80,0xff,0x00,0x80,0x80,0x00,0x00,0x03,0x00,0x00,0x00,0x00,0x02,0x80,
0x03,0x80,0x00,0x0d,0x00,0x11,0x00,0x15,0x00,0x00,0x01,0x35,0x33,0x11,0x23,0x11,
0x21,0x15,0x23,0x11,0x21,0x35,0x33,0x15,0x13,0x23,0x35,0x33,0x01,0x35,0x21,0x15,
0x02,0x00,0x80,0x80,0xfe,0x80,0x80,0x01,0x00,0x80,0x80,0x80,0x80,0xfe,0x80,0x01,
0x00,0x03,0x00,0x80,0xfd,0x80,0x01,0x80,0x80,0x01,0x00,0x80,0x80,0xfd,0x80,0x80,
0xff,0x00,0x80,0x80,0x00,0x02,0x00,0x00,0x00,0x00,0x02,0x80,0x02,0x80,0x00,0x11,
0x00,0x15,0x00,0x00,0x01,0x21,0x11,0x21,0x35,0x33,0x11,0x23,0x11,0x21,0x35,0x33,
0x35,0x21,0x35,0x21,0x35,0x33,0x01,0x23,0x35,0x33,0x01,0x80,0x01,0x00,0xff,0x00,
0x80,0x80,0xff,0x00,0x80,0xff,0x00,0x01,0x00,0x80,0xff,0x00,0x80,0x80,0x02,0x00,
0xfe,0x00,0x80,0x01,0x00,0xff,0x00,0x80,0x80,0x80,0x80,0xfd,0x80,0x80,0x00,0x00,
0x00,0x03,0x00,0x00,0x00,0x00,0x02,0x80,0x02,0x80,0x00,0x0b,0x00,0x0f,0x00,0x13,
0x00,0x00,0x01,0x15,0x23,0x11,0x23,0x11,0x23,0x15,0x23,0x11,0x33,0x15,0x03,0x23,
0x35,0x33,0x01,0x23,0x35,0x33,0x02,0x80,0x80,0x80,0x80,0x80,0x80,0x80,0x80,0x80,
0x01,0x00,0x80,0x80,0x02,0x00,0x80,0xff,0x00,0x01,0x00,0x80,0x01,0x80,0x80,0xfe,
0x80,0x80,0xff,0x00,0x80,0x00,0x00,0x00,0x00,0x03,0x00,0x00,0x00,0x00,0x02,0x80,
0x03,0x80,0x00,0x0d,0x00,0x11,0x00,0x15,0x00,0x00,0x01,0x35,0x33,0x11,0x23,0x11,
0x21,0x15,0x23,0x11,0x21,0x35,0x33,0x15,0x13,0x23,0x35,0x33,0x01,0x35,0x21,0x15,
0x02,0x00,0x80,0x80,0xfe,0x80,0x80,0x01,0x00,0x80,0x80,0x80,0x80,0xfe,0x80,0x01,
0x00,0x03,0x00,0x80,0xfd,0x80,0x01,0x80,0x80,0x01,0x00,0x80,0x80,0xfd,0x80,0x80,
0xff,0x00,0x80,0x80,0x00,0x02,0x00,0x00,0x00,0x00,0x02,0x80,0x03,0x80,0x00,0x15,
0x00,0x19,0x00,0x00,0x01,0x35,0x33,0x11,0x23,0x11,0x33,0x15,0x23,0x11,0x23,0x11,
0x21,0x35,0x33,0x11,0x23,0x35,0x21,0x35,0x33,0x15,0x19,0x01,0x23,0x11,0x02,0x00,
0x80,0x80,0x80,0x80,0x80,0xfe,0x80,0x80,0x80,0x01,0x00,0x80,0x80,0x03,0x00,0x80,
0xff,0x00,0xff,0x00,0x80,0xff,0x00,0x01,0x00,0x80,0x01,0x00,0x80,0x80,0x80,0xfe,
0x80,0x01,0x00,0xff,0x00,0x00,0x00,0x00,0x00,0x04,0x00,0x00,0x00,0x00,0x02,0x80,
0x03,0x80,0x00,0x03,0x00,0x07,0x00,0x0f,0x00,0x17,0x00,0x00,0x01,0x33,0x15,0x23,
0x21,0x35,0x33,0x1d,0x02,0x23,0x15,0x23,0x35,0x21,0x35,0x01,0x11,0x33,0x11,0x21,
0x15,0x21,0x35,0x01,0x00,0x80,0x80,0x01,0x00,0x80,0x80,0x80,0xfe,0x80,0x01,0x00,
0x80,0x01,0x00,0xfd,0x80,0x03,0x80,0x80,0x80,0x80,0x80,0x80,0x80,0x80,0x80,0xfe,
0x00,0x01,0x00,0xff,0x00,0x80,0x80,0x00,0x00,0x03,0x00,0x00,0x00,0x00,0x02,0x80,
0x03,0x80,0x00,0x0f,0x00,0x13,0x00,0x17,0x00,0x00,0x01,0x35,0x33,0x11,0x23,0x35,
0x21,0x35,0x21,0x35,0x21,0x35,0x21,0x35,0x33,0x15,0x13,0x23,0x35,0x33,0x01,0x35,
0x21,0x15,0x02,0x00,0x80,0x80,0xfe,0x80,0x01,0x80,0xfe,0x00,0x01,0x00,0x80,0x80,
0x80,0x80,0xfe,0x80,0x01,0x00,0x03,0x00,0x80,0xfd,0x80,0x80,0x80,0x80,0x80,0x80,
0x80,0xfd,0x80,0x80,0xff,0x00,0x80,0x80,0x00,0x01,0x01,0x00,0x01,0x00,0x02,0x00,
0x02,0x00,0x00,0x03,0x00,0x00,0x01,0x21,0x11,0x21,0x01,0x00,0x01,0x00,0xff,0x00,
0x02,0x00,0xff,0x00,0x00,0x01,0x00,0x00,0x01,0x80,0x02,0x80,0x02,0x00,0x00,0x03,
0x00,0x00,0x01,0x15,0x21,0x35,0x02,0x80,0xfd,0x80,0x02,0x00,0x80,0x80,0x00,0x00,
0x00,0x04,0x00,0x80,0x00,0x80,0x02,0x80,0x02,0x80,0x00,0x03,0x00,0x07,0x00,0x0b,
0x00,0x0f,0x00,0x00,0x01,0x23,0x35,0x33,0x13,0x23,0x35,0x33,0x13,0x23,0x35,0x33,
0x13,0x23,0x35,0x33,0x01,0x00,0x80,0x80,0x80,0x80,0x80,0x80,0x80,0x80,0x80,0x80,
0x80,0x02,0x00,0x80,0xff,0x00,0x80,0xff,0x00,0x80,0xff,0x00,0x80,0x00,0x00,0x00,
0x00,0x03,0x00,0x00,0x00,0x00,0x02,0x80,0x03,0x80,0x00,0x03,0x00,0x11,0x00,0x15,
0x00,0x00,0x01,0x21,0x15,0x21,0x03,0x11,0x33,0x11,0x21,0x11,0x23,0x11,0x21,0x11,
0x23,0x11,0x23,0x35,0x01,0x15,0x23,0x35,0x01,0x00,0x01,0x00,0xff,0x00,0x80,0x80,
0x01,0x80,0x80,0xff,0x00,0x80,0x80,0x02,0x80,0x80,0x03,0x80,0x80,0xff,0x00,0x01,
0x00,0xff,0x00,0xfe,0x00,0x01,0x80,0xfe,0x80,0x01,0x80,0x80,0x01,0x00,0x80,0x80,
0x00,0x03,0x00,0x00,0x00,0x00,0x02,0x80,0x03,0x80,0x00,0x03,0x00,0x0f,0x00,0x13,
0x00,0x00,0x01,0x21,0x15,0x21,0x03,0x11,0x33,0x11,0x33,0x15,0x23,0x11,0x23,0x11,
0x23,0x35,0x01,0x33,0x11,0x23,0x01,0x00,0x01,0x00,0xff,0x00,0x80,0x80,0x80,0x80,
0x80,0x80,0x02,0x00,0x80,0x80,0x03,0x80,0x80,0xff,0x00,0x01,0x00,0xff,0x00,0x80,
0xfe,0x80,0x01,0x80,0x80,0x01,0x00,0xfd,0x00,0x00,0x00,0x00,0x00,0x04,0x00,0x00,
0xff,0x80,0x02,0x80,0x03,0x80,0x00,0x13,0x00,0x17,0x00,0x1b,0x00,0x1f,0x00,0x00,
0x01,0x11,0x33,0x15,0x23,0x15,0x23,0x35,0x23,0x35,0x33,0x35,0x23,0x35,0x33,0x11,
0x33,0x15,0x33,0x11,0x01,0x35,0x33,0x15,0x21,0x35,0x33,0x15,0x01,0x23,0x35,0x33,
0x01,0x80,0x80,0x80,0x80,0x80,0x80,0x80,0x80,0x80,0x80,0xfe,0x00,0x80,0x01,0x80,
0x80,0xfe,0x80,0x80,0x80,0x02,0x00,0xff,0x00,0x80,0x80,0x80,0x80,0x80,0x80,0x01,
0x80,0x80,0xff,0x00,0xff,0x00,0x80,0x80,0x80,0x80,0xfe,0x80,0x80,0x00,0x00,0x00,
0x00,0x06,0x00,0x00,0x00,0x00,0x02,0x80,0x03,0x00,0x00,0x03,0x00,0x07,0x00,0x0b,
0x00,0x0f,0x00,0x13,0x00,0x17,0x00,0x00,0x13,0x35,0x33,0x15,0x01,0x11,0x33,0x11,
0x13,0x33,0x11,0x23,0x01,0x35,0x33,0x15,0x11,0x23,0x35,0x33,0x01,0x23,0x35,0x33,
0x80,0x80,0xff,0x00,0x80,0x80,0x80,0x80,0x01,0x00,0x80,0x80,0x80,0xfe,0x80,0x80,
0x80,0x02,0x80,0x80,0x80,0xff,0x00,0x01,0x00,0xff,0x00,0x01,0x00,0xfe,0x00,0x01,
0x80,0x80,0x80,0xff,0x00,0x80,0xfe,0x80,0x80,0x00,0x00,0x00,0x00,0x05,0x00,0x80,
0x01,0x00,0x02,0x00,0x02,0x80,0x00,0x03,0x00,0x07,0x00,0x0b,0x00,0x0f,0x00,0x13,
0x00,0x00,0x01,0x23,0x35,0x33,0x05,0x23,0x35,0x33,0x03,0x23,0x35,0x33,0x03,0x23,
0x35,0x33,0x05,0x23,0x35,0x33,0x01,0x00,0x80,0x80,0x01,0x00,0x80,0x80,0x80,0x80,
0x80,0x80,0x80,0x80,0x01,0x00,0x80,0x80,0x02,0x00,0x80,0x80,0x80,0xff,0x00,0x80,
0xff,0x00,0x80,0x80,0x80,0x00,0x00,0x00,0x00,0x02,0x00,0x00,0x00,0x00,0x02,0x80,
0x03,0x00,0x00,0x11,0x00,0x15,0x00,0x00,0x01,0x21,0x11,0x23,0x35,0x23,0x15,0x33,
0x15,0x21,0x35,0x21,0x11,0x33,0x11,0x33,0x35,0x33,0x01,0x15,0x33,0x35,0x01,0x80,
0x01,0x00,0x80,0x80,0x80,0xff,0x00,0xff,0x00,0x80,0x80,0x80,0xff,0x00,0x80,0x01,
0x80,0xff,0x00,0x80,0x80,0x80,0x80,0x02,0x80,0xff,0x00,0x80,0xff,0x00,0x80,0x80,
0x00,0x01,0x00,0x00,0x00,0x00,0x03,0x00,0x03,0x80,0x00,0x1b,0x00,0x00,0x01,0x15,
0x23,0x15,0x23,0x15,0x23,0x15,0x21,0x35,0x33,0x35,0x33,0x35,0x21,0x35,0x33,0x35,
0x33,0x35,0x33,0x35,0x21,0x15,0x23,0x15,0x23,0x15,0x03,0x00,0x80,0x80,0x80,0xff,
0x00,0x80,0x80,0xfe,0x80,0x80,0x80,0x80,0x01,0x00,0x80,0x80,0x02,0x00,0x80,0x80,
0x80,0x80,0x80,0x80,0x80,0x80,0x80,0x80,0x80,0x80,0x80,0x80,0x00,0x01,0x00,0x00,
0x02,0x00,0x01,0x80,0x03,0x00,0x00,0x03,0x00,0x00,0x01,0x11,0x21,0x11,0x01,0x80,
0xfe,0x80,0x03,0x00,0xff,0x00,0x01,0x00,0x00,0x01,0x01,0x80,0x02,0x00,0x03,0x00,
0x03,0x00,0x00,0x03,0x00,0x00,0x01,0x11,0x21,0x11,0x03,0x00,0xfe,0x80,0x03,0x00,
0xff,0x00,0x01,0x00,0x00,0x01,0x00,0x00,0x02,0x00,0x03,0x00,0x03,0x00,0x00,0x03,
0x00,0x00,0x01,0x11,0x21,0x11,0x03,0x00,0xfd,0x00,0x03,0x00,0xff,0x00,0x01,0x00,
0x00,0x01,0x00,0x00,0x01,0x00,0x01,0x80,0x02,0x00,0x00,0x03,0x00,0x00,0x01,0x11,
0x21,0x11,0x01,0x80,0xfe,0x80,0x02,0x00,0xff,0x00,0x01,0x00,0x00,0x01,0x00,0x00,
0x01,0x00,0x01,0x80,0x03,0x00,0x00,0x03,0x00,0x00,0x01,0x11,0x21,0x11,0x01,0x80,
0xfe,0x80,0x03,0x00,0xfe,0x00,0x02,0x00,0x00,0x02,0x00,0x00,0x01,0x00,0x03,0x00,
0x03,0x00,0x00,0x03,0x00,0x07,0x00,0x00,0x01,0x11,0x21,0x11,0x01,0x21,0x11,0x21,
0x03,0x00,0xfe,0x80,0xfe,0x80,0x01,0x80,0xfe,0x80,0x03,0x00,0xff,0x00,0x01,0x00,
0xff,0x00,0xff,0x00,0x00,0x01,0x00,0x00,0x01,0x00,0x03,0x00,0x03,0x00,0x00,0x05,
0x00,0x00,0x01,0x11,0x21,0x11,0x21,0x11,0x03,0x00,0xfe,0x80,0xfe,0x80,0x03,0x00,
0xff,0x00,0xff,0x00,0x02,0x00,0x00,0x00,0x00,0x01,0x01,0x80,0x01,0x00,0x03,0x00,
0x02,0x00,0x00,0x03,0x00,0x00,0x01,0x11,0x21,0x11,0x03,0x00,0xfe,0x80,0x02,0x00,
0xff,0x00,0x01,0x00,0x00,0x02,0x00,0x00,0x01,0x00,0x03,0x00,0x03,0x00,0x00,0x03,
0x00,0x07,0x00,0x00,0x01,0x11,0x21,0x11,0x01,0x11,0x21,0x11,0x01,0x80,0xfe,0x80,
0x03,0x00,0xfe,0x80,0x03,0x00,0xff,0x00,0x01,0x00,0xff,0x00,0xff,0x00,0x01,0x00,
0x00,0x01,0x01,0x80,0x01,0x00,0x03,0x00,0x03,0x00,0x00,0x03,0x00,0x00,0x01,0x11,
0x21,0x11,0x03,0x00,0xfe,0x80,0x03,0x00,0xfe,0x00,0x02,0x00,0x00,0x01,0x00,0x00,
0x01,0x00,0x03,0x00,0x03,0x00,0x00,0x05,0x00,0x00,0x01,0x11,0x21,0x11,0x21,0x11,
0x03,0x00,0xfe,0x80,0xfe,0x80,0x03,0x00,0xfe,0x00,0x01,0x00,0x01,0x00,0x00,0x00,
0x00,0x01,0x00,0x00,0x01,0x00,0x03,0x00,0x02,0x00,0x00,0x03,0x00,0x00,0x01,0x11,
0x21,0x11,0x03,0x00,0xfd,0x00,0x02,0x00,0xff,0x00,0x01,0x00,0x00,0x01,0x00,0x00,
0x00,0x00,0x03,0x00,0x02,0x00,0x00,0x05,0x00,0x00,0x01,0x11,0x21,0x11,0x21,0x11,
0x03,0x00,0xfd,0x00,0x01,0x80,0x01,0x00,0xff,0x00,0x02,0x00,0xff,0x00,0x00,0x00,
0x00,0x01,0x00,0x00,0x00,0x00,0x03,0x00,0x02,0x00,0x00,0x05,0x00,0x00,0x01,0x11,
0x21,0x11,0x21,0x11,0x03,0x00,0xfd,0x00,0x01,0x80,0x02,0x00,0xfe,0x00,0x01,0x00,
0x01,0x00,0x00,0x00,0x00,0x01,0x00,0x00,0x01,0x00,0x03,0x00,0x03,0x00,0x00,0x03,
0x00,0x00,0x01,0x11,0x21,0x11,0x03,0x00,0xfd,0x00,0x03,0x00,0xfe,0x00,0x02,0x00,
0x00,0x01,0x00,0x00,0x00,0x00,0x01,0x80,0x01,0x00,0x00,0x03,0x00,0x00,0x01,0x11,
0x21,0x11,0x01,0x80,0xfe,0x80,0x01,0x00,0xff,0x00,0x01,0x00,0x00,0x02,0x00,0x00,
0x00,0x00,0x01,0x80,0x03,0x00,0x00,0x03,0x00,0x07,0x00,0x00,0x01,0x11,0x21,0x19,
0x01,0x21,0x11,0x21,0x01,0x80,0xfe,0x80,0x01,0x80,0xfe,0x80,0x03,0x00,0xff,0x00,
0x01,0x00,0xfe,0x00,0xff,0x00,0x00,0x00,0x00,0x02,0x00,0x00,0x00,0x00,0x03,0x00,
0x03,0x00,0x00,0x03,0x00,0x07,0x00,0x00,0x01,0x11,0x21,0x11,0x01,0x21,0x11,0x21,
0x03,0x00,0xfe,0x80,0xfe,0x80,0x01,0x80,0xfe,0x80,0x03,0x00,0xff,0x00,0x01,0x00,
0xfe,0x00,0xff,0x00,0x00,0x02,0x00,0x00,0x00,0x00,0x03,0x00,0x03,0x00,0x00,0x03,
0x00,0x07,0x00,0x00,0x01,0x11,0x21,0x19,0x01,0x21,0x11,0x21,0x03,0x00,0xfd,0x00,
0x01,0x80,0xfe,0x80,0x03,0x00,0xff,0x00,0x01,0x00,0xfe,0x00,0xff,0x00,0x00,0x00,
0x00,0x01,0x00,0x00,0x00,0x00,0x01,0x80,0x02,0x00,0x00,0x03,0x00,0x00,0x01,0x11,
0x21,0x11,0x01,0x80,0xfe,0x80,0x02,0x00,0xfe,0x00,0x02,0x00,0x00,0x02,0x00,0x00,
0x00,0x00,0x03,0x00,0x03,0x00,0x00,0x03,0x00,0x07,0x00,0x00,0x01,0x11,0x21,0x11,
0x01,0x21,0x11,0x21,0x03,0x00,0xfe,0x80,0xfe,0x80,0x01,0x80,0xfe,0x80,0x03,0x00,
0xff,0x00,0x01,0x00,0xff,0x00,0xfe,0x00,0x00,0x01,0x00,0x00,0x00,0x00,0x03,0x00,
0x03,0x00,0x00,0x05,0x00,0x00,0x01,0x11,0x21,0x11,0x21,0x11,0x03,0x00,0xfe,0x80,
0xfe,0x80,0x03,0x00,0xff,0x00,0xfe,0x00,0x03,0x00,0x00,0x00,0x00,0x02,0x00,0x00,
0x00,0x00,0x03,0x00,0x02,0x00,0x00,0x03,0x00,0x07,0x00,0x00,0x01,0x11,0x21,0x11,
0x01,0x21,0x11,0x21,0x03,0x00,0xfe,0x80,0xfe,0x80,0x01,0x80,0xfe,0x80,0x02,0x00,
0xff,0x00,0x01,0x00,0xff,0x00,0xff,0x00,0x00,0x03,0x00,0x00,0x00,0x00,0x03,0x00,
0x03,0x00,0x00,0x03,0x00,0x07,0x00,0x0b,0x00,0x00,0x01,0x11,0x21,0x11,0x01,0x11,
0x21,0x11,0x01,0x21,0x11,0x21,0x01,0x80,0xfe,0x80,0x03,0x00,0xfe,0x80,0xfe,0x80,
0x01,0x80,0xfe,0x80,0x03,0x00,0xff,0x00,0x01,0x00,0xff,0x00,0xff,0x00,0x01,0x00,
0xff,0x00,0xff,0x00,0x00,0x02,0x00,0x00,0x00,0x00,0x03,0x00,0x03,0x00,0x00,0x03,
0x00,0x07,0x00,0x00,0x01,0x11,0x21,0x11,0x01,0x21,0x11,0x21,0x03,0x00,0xfe,0x80,
0xfe,0x80,0x01,0x80,0xfe,0x80,0x03,0x00,0xfe,0x00,0x02,0x00,0xfe,0x00,0xff,0x00,
0x00,0x02,0x00,0x00,0x00,0x00,0x03,0x00,0x03,0x00,0x00,0x05,0x00,0x09,0x00,0x00,
0x01,0x11,0x21,0x11,0x21,0x19,0x01,0x21,0x11,0x21,0x03,0x00,0xfe,0x80,0xfe,0x80,
0x01,0x80,0xfe,0x80,0x03,0x00,0xfe,0x00,0x01,0x00,0x01,0x00,0xfe,0x00,0xff,0x00,
0x00,0x01,0x00,0x00,0x00,0x00,0x03,0x00,0x02,0x00,0x00,0x05,0x00,0x00,0x01,0x11,
0x21,0x11,0x21,0x11,0x03,0x00,0xfe,0x80,0xfe,0x80,0x02,0x00,0xff,0x00,0xff,0x00,
0x02,0x00,0x00,0x00,0x00,0x01,0x00,0x00,0x00,0x00,0x03,0x00,0x03,0x00,0x00,0x07,
0x00,0x00,0x01,0x11,0x21,0x11,0x21,0x11,0x21,0x11,0x03,0x00,0xfe,0x80,0xfe,0x80,
0x01,0x80,0x02,0x00,0xff,0x00,0xff,0x00,0x03,0x00,0xff,0x00,0x00,0x01,0x00,0x00,
0x00,0x00,0x03,0x00,0x03,0x00,0x00,0x07,0x00,0x00,0x01,0x11,0x21,0x11,0x21,0x11,
0x21,0x11,0x03,0x00,0xfe,0x80,0xfe,0x80,0x01,0x80,0x03,0x00,0xfe,0x00,0xff,0x00,
0x02,0x00,0x01,0x00,0x00,0x01,0x00,0x00,0x00,0x00,0x03,0x00,0x03,0x00,0x00,0x05,
0x00,0x00,0x01,0x11,0x21,0x11,0x21,0x11,0x03,0x00,0xfe,0x80,0xfe,0x80,0x03,0x00,
0xfe,0x00,0xff,0x00,0x03,0x00,0x00,0x00,0x00,0x01,0x01,0x80,0x00,0x00,0x03,0x00,
0x01,0x00,0x00,0x03,0x00,0x00,0x01,0x11,0x21,0x11,0x03,0x00,0xfe,0x80,0x01,0x00,
0xff,0x00,0x01,0x00,0x00,0x02,0x00,0x00,0x00,0x00,0x03,0x00,0x03,0x00,0x00,0x03,
0x00,0x07,0x00,0x00,0x01,0x11,0x21,0x11,0x01,0x11,0x21,0x11,0x01,0x80,0xfe,0x80,
0x03,0x00,0xfe,0x80,0x03,0x00,0xff,0x00,0x01,0x00,0xfe,0x00,0xff,0x00,0x01,0x00,
0x00,0x02,0x01,0x80,0x00,0x00,0x03,0x00,0x03,0x00,0x00,0x03,0x00,0x07,0x00,0x00,
0x01,0x11,0x21,0x19,0x01,0x21,0x11,0x21,0x03,0x00,0xfe,0x80,0x01,0x80,0xfe,0x80,
0x03,0x00,0xff,0x00,0x01,0x00,0xfe,0x00,0xff,0x00,0x00,0x00,0x00,0x02,0x00,0x00,
0x00,0x00,0x03,0x00,0x03,0x00,0x00,0x03,0x00,0x07,0x00,0x00,0x01,0x11,0x21,0x11,
0x01,0x21,0x11,0x21,0x03,0x00,0xfd,0x00,0x01,0x80,0x01,0x80,0xfe,0x80,0x03,0x00,
0xff,0x00,0x01,0x00,0xfe,0x00,0xff,0x00,0x00,0x02,0x00,0x00,0x00,0x00,0x03,0x00,
0x02,0x00,0x00,0x03,0x00,0x07,0x00,0x00,0x01,0x11,0x21,0x11,0x01,0x11,0x21,0x11,
0x01,0x80,0xfe,0x80,0x03,0x00,0xfe,0x80,0x02,0x00,0xff,0x00,0x01,0x00,0xff,0x00,
0xff,0x00,0x01,0x00,0x00,0x02,0x00,0x00,0x00,0x00,0x03,0x00,0x03,0x00,0x00,0x03,
0x00,0x07,0x00,0x00,0x01,0x21,0x11,0x21,0x01,0x11,0x21,0x11,0x01,0x80,0xfe,0x80,
0x01,0x80,0x01,0x80,0xfe,0x80,0x01,0x00,0x02,0x00,0xfe,0x00,0xff,0x00,0x01,0x00,
0x00,0x03,0x00,0x00,0x00,0x00,0x03,0x00,0x03,0x00,0x00,0x03,0x00,0x07,0x00,0x0b,
0x00,0x00,0x01,0x11,0x21,0x11,0x01,0x21,0x11,0x21,0x01,0x11,0x21,0x11,0x03,0x00,
0xfe,0x80,0xfe,0x80,0x01,0x80,0xfe,0x80,0x01,0x80,0x01,0x80,0x03,0x00,0xff,0x00,
0x01,0x00,0xff,0x00,0xff,0x00,0xff,0x00,0x01,0x00,0xff,0x00,0x00,0x02,0x00,0x00,
0x00,0x00,0x03,0x00,0x03,0x00,0x00,0x05,0x00,0x09,0x00,0x00,0x01,0x11,0x21,0x11,
0x21,0x11,0x01,0x11,0x21,0x11,0x03,0x00,0xfe,0x80,0xfe,0x80,0x01,0x80,0x01,0x80,
0x03,0x00,0xff,0x00,0xff,0x00,0x02,0x00,0xfd,0x00,0x01,0x00,0xff,0x00,0x00,0x00,
0x00,0x01,0x01,0x80,0x00,0x00,0x03,0x00,0x02,0x00,0x00,0x03,0x00,0x00,0x01,0x11,
0x21,0x11,0x03,0x00,0xfe,0x80,0x02,0x00,0xfe,0x00,0x02,0x00,0x00,0x02,0x00,0x00,
0x00,0x00,0x03,0x00,0x03,0x00,0x00,0x03,0x00,0x07,0x00,0x00,0x01,0x11,0x21,0x11,
0x01,0x11,0x21,0x11,0x01,0x80,0xfe,0x80,0x03,0x00,0xfe,0x80,0x03,0x00,0xff,0x00,
0x01,0x00,0xff,0x00,0xfe,0x00,0x02,0x00,0x00,0x01,0x00,0x00,0x00,0x00,0x03,0x00,
0x03,0x00,0x00,0x05,0x00,0x00,0x01,0x11,0x21,0x11,0x21,0x11,0x03,0x00,0xfe,0x80,
0xfe,0x80,0x03,0x00,0xfd,0x00,0x02,0x00,0x01,0x00,0x00,0x00,0x00,0x01,0x00,0x00,
0x00,0x00,0x03,0x00,0x02,0x00,0x00,0x05,0x00,0x00,0x01,0x11,0x21,0x11,0x21,0x11,
0x03,0x00,0xfe,0x80,0xfe,0x80,0x02,0x00,0xfe,0x00,0x01,0x00,0x01,0x00,0x00,0x00,
0x00,0x01,0x00,0x00,0x00,0x00,0x03,0x00,0x03,0x00,0x00,0x07,0x00,0x00,0x01,0x11,
0x21,0x11,0x21,0x11,0x21,0x11,0x03,0x00,0xfe,0x80,0xfe,0x80,0x01,0x80,0x02,0x00,
0xfe,0x00,0x01,0x00,0x02,0x00,0xff,0x00,0x00,0x01,0x00,0x00,0x00,0x00,0x03,0x00,
0x03,0x00,0x00,0x07,0x00,0x00,0x01,0x11,0x21,0x11,0x21,0x11,0x21,0x11,0x03,0x00,
0xfe,0x80,0xfe,0x80,0x01,0x80,0x03,0x00,0xfd,0x00,0x01,0x00,0x01,0x00,0x01,0x00,
0x00,0x01,0x00,0x00,0x00,0x00,0x03,0x00,0x03,0x00,0x00,0x05,0x00,0x00,0x01,0x11,
0x21,0x11,0x21,0x11,0x03,0x00,0xfe,0x80,0xfe,0x80,0x03,0x00,0xfd,0x00,0x01,0x00,
0x02,0x00,0x00,0x00,0x00,0x01,0x00,0x00,0x00,0x00,0x03,0x00,0x01,0x00,0x00,0x03,
0x00,0x00,0x01,0x11,0x21,0x11,0x03,0x00,0xfd,0x00,0x01,0x00,0xff,0x00,0x01,0x00,
0x00,0x02,0x00,0x00,0x00,0x00,0x03,0x00,0x03,0x00,0x00,0x03,0x00,0x07,0x00,0x00,
0x01,0x21,0x11,0x21,0x01,0x11,0x21,0x11,0x01,0x80,0xfe,0x80,0x01,0x80,0x01,0x80,
0xfd,0x00,0x02,0x00,0x01,0x00,0xfe,0x00,0xff,0x00,0x01,0x00,0x00,0x02,0x00,0x00,
0x00,0x00,0x03,0x00,0x03,0x00,0x00,0x03,0x00,0x07,0x00,0x00,0x01,0x11,0x21,0x11,
0x01,0x11,0x21,0x11,0x03,0x00,0xfe,0x80,0x01,0x80,0xfd,0x00,0x03,0x00,0xff,0x00,
0x01,0x00,0xfe,0x00,0xff,0x00,0x01,0x00,0x00,0x02,0x00,0x00,0x00,0x00,0x03,0x00,
0x03,0x00,0x00,0x03,0x00,0x07,0x00,0x00,0x01,0x11,0x21,0x11,0x01,0x11,0x21,0x11,
0x03,0x00,0xfd,0x00,0x03,0x00,0xfd,0x00,0x03,0x00,0xff,0x00,0x01,0x00,0xfe,0x00,
0xff,0x00,0x01,0x00,0x00,0x01,0x00,0x00,0x00,0x00,0x03,0x00,0x02,0x00,0x00,0x05,
0x00,0x00,0x01,0x11,0x21,0x11,0x21,0x11,0x03,0x00,0xfd,0x00,0x01,0x80,0x01,0x00,
0xff,0x00,0x02,0x00,0xff,0x00,0x00,0x00,0x00,0x01,0x00,0x00,0x00,0x00,0x03,0x00,
0x03,0x00,0x00,0x05,0x00,0x00,0x01,0x11,0x21,0x11,0x21,0x11,0x03,0x00,0xfd,0x00,
0x01,0x80,0x01,0x00,0xff,0x00,0x03,0x00,0xfe,0x00,0x00,0x00,0x00,0x02,0x00,0x00,
0x00,0x00,0x03,0x00,0x03,0x00,0x00,0x03,0x00,0x09,0x00,0x00,0x01,0x11,0x21,0x11,
0x01,0x21,0x11,0x21,0x11,0x21,0x03,0x00,0xfe,0x80,0xfe,0x80,0x01,0x80,0x01,0x80,
0xfd,0x00,0x03,0x00,0xff,0x00,0x01,0x00,0xff,0x00,0xff,0x00,0xff,0x00,0x00,0x00,
0x00,0x01,0x00,0x00,0x00,0x00,0x03,0x00,0x03,0x00,0x00,0x07,0x00,0x00,0x01,0x11,
0x21,0x11,0x21,0x11,0x21,0x11,0x03,0x00,0xfe,0x80,0x01,0x80,0xfd,0x00,0x03,0x00,
0xff,0x00,0xff,0x00,0xff,0x00,0x03,0x00,0x00,0x01,0x00,0x00,0x00,0x00,0x03,0x00,
0x02,0x00,0x00,0x05,0x00,0x00,0x01,0x11,0x21,0x11,0x21,0x11,0x03,0x00,0xfd,0x00,
0x01,0x80,0x02,0x00,0xfe,0x00,0x01,0x00,0x01,0x00,0x00,0x00,0x00,0x02,0x00,0x00,
0x00,0x00,0x03,0x00,0x03,0x00,0x00,0x03,0x00,0x09,0x00,0x00,0x01,0x11,0x21,0x11,
0x01,0x11,0x21,0x11,0x21,0x11,0x01,0x80,0xfe,0x80,0x03,0x00,0xfd,0x00,0x01,0x80,
0x03,0x00,0xff,0x00,0x01,0x00,0xff,0x00,0xfe,0x00,0x01,0x00,0x01,0x00,0x00,0x00,
0x00,0x01,0x00,0x00,0x00,0x00,0x03,0x00,0x03,0x00,0x00,0x05,0x00,0x00,0x01,0x11,
0x21,0x11,0x21,0x11,0x03,0x00,0xfd,0x00,0x01,0x80,0x03,0x00,0xfd,0x00,0x01,0x00,
0x02,0x00,0x00,0x00,0x00,0x01,0x00,0x00,0x00,0x00,0x03,0x00,0x03,0x00,0x00,0x07,
0x00,0x00,0x01,0x11,0x21,0x11,0x21,0x11,0x21,0x11,0x03,0x00,0xfd,0x00,0x01,0x80,
0xfe,0x80,0x03,0x00,0xfd,0x00,0x01,0x00,0x01,0x00,0x01,0x00,0x00,0x01,0x00,0x00,
0x00,0x00,0x03,0x00,0x02,0x00,0x00,0x03,0x00,0x00,0x01,0x11,0x21,0x11,0x03,0x00,
0xfd,0x00,0x02,0x00,0xfe,0x00,0x02,0x00,0x00,0x01,0x00,0x00,0x00,0x00,0x03,0x00,
0x03,0x00,0x00,0x05,0x00,0x00,0x01,0x11,0x21,0x11,0x21,0x11,0x03,0x00,0xfd,0x00,
0x01,0x80,0x02,0x00,0xfe,0x00,0x03,0x00,0xff,0x00,0x00,0x00,0x00,0x01,0x00,0x00,
0x00,0x00,0x03,0x00,0x03,0x00,0x00,0x05,0x00,0x00,0x01,0x11,0x21,0x11,0x21,0x11,
0x03,0x00,0xfd,0x00,0x01,0x80,0x03,0x00,0xfd,0x00,0x02,0x00,0x01,0x00,0x00,0x00,
0x00,0x01,0x00,0x00,0xff,0x80,0x01,0x80,0x00,0x80,0x00,0x05,0x00,0x00,0x33,0x21,
0x15,0x21,0x11,0x33,0x80,0x01,0x00,0xfe,0x80,0x80,0x80,0x01,0x00,0x00,0x00,0x00,
0x00,0x01,0x00,0x00,0xff,0x80,0x03,0x00,0x00,0x80,0x00,0x05,0x00,0x00,0x21,0x15,
0x21,0x11,0x21,0x15,0x03,0x00,0xfd,0x00,0x01,0x80,0x80,0x01,0x00,0x80,0x00,0x00,
0x00,0x01,0x00,0x00,0xff,0x80,0x01,0x80,0x01,0x80,0x00,0x07,0x00,0x00,0x25,0x15,
0x33,0x15,0x21,0x11,0x33,0x11,0x01,0x00,0x80,0xfe,0x80,0x80,0x80,0x80,0x80,0x02,
0x00,0xff,0x00,0x00,0x00,0x01,0x00,0x00,0xff,0x80,0x03,0x00,0x01,0x80,0x00,0x09,
0x00,0x00,0x29,0x01,0x15,0x21,0x11,0x33,0x15,0x33,0x15,0x21,0x02,0x00,0x01,0x00,
0xfd,0x00,0x80,0x80,0x01,0x00,0x80,0x02,0x00,0x80,0x80,0x00,0x00,0x01,0x00,0x00,
0xff,0x80,0x01,0x80,0x03,0x80,0x00,0x07,0x00,0x00,0x25,0x33,0x11,0x21,0x11,0x33,
0x11,0x33,0x01,0x00,0x80,0xfe,0x80,0x80,0x80,0x80,0xff,0x00,0x04,0x00,0xfe,0x80,
0x00,0x01,0x00,0x00,0xff,0x80,0x03,0x00,0x03,0x80,0x00,0x07,0x00,0x00,0x01,0x11,
0x21,0x11,0x33,0x35,0x21,0x35,0x03,0x00,0xfd,0x00,0x80,0x01,0x00,0x03,0x80,0xfc,
0x00,0x03,0x00,0x80,0x80,0x00,0x00,0x00,0x00,0x01,0x00,0x00,0xff,0x80,0x03,0x00,
0x03,0x80,0x00,0x07,0x00,0x00,0x01,0x35,0x33,0x11,0x21,0x11,0x21,0x35,0x02,0x80,
0x80,0xfd,0x00,0x01,0x00,0x03,0x00,0x80,0xfc,0x00,0x03,0x00,0x80,0x00,0x00,0x00,
0x00,0x01,0x00,0x00,0xff,0x80,0x03,0x00,0x03,0x80,0x00,0x09,0x00,0x00,0x01,0x11,
0x21,0x11,0x33,0x11,0x33,0x35,0x33,0x35,0x03,0x00,0xfd,0x00,0x80,0x80,0x80,0x03,
0x80,0xfc,0x00,0x02,0x00,0x01,0x00,0x80,0x80,0x00,0x00,0x00,0x00,0x01,0x00,0x00,
0xff,0x80,0x03,0x00,0x03,0x00,0x00,0x09,0x00,0x00,0x01,0x21,0x11,0x21,0x11,0x33,
0x35,0x33,0x35,0x21,0x02,0x00,0x01,0x00,0xfd,0x00,0x80,0x80,0x01,0x00,0x03,0x00,
0xfc,0x80,0x02,0x00,0x80,0x80,0x00,0x00,0x00,0x01,0x00,0x00,0xff,0x80,0x03,0x00,
0x03,0x80,0x00,0x09,0x00,0x00,0x01,0x11,0x21,0x35,0x33,0x11,0x33,0x11,0x33,0x11,
0x03,0x00,0xfd,0x00,0x80,0x80,0x80,0x03,0x80,0xfc,0x00,0x80,0x01,0x00,0x01,0x80,
0x01,0x00,0x00,0x00,0x00,0x01,0x00,0x00,0xff,0x80,0x03,0x00,0x01,0x80,0x00,0x07,
0x00,0x00,0x01,0x21,0x11,0x21,0x11,0x21,0x35,0x21,0x02,0x00,0x01,0x00,0xfd,0x00,
0x01,0x00,0x01,0x00,0x01,0x80,0xfe,0x00,0x01,0x00,0x80,0x00,0x00,0x01,0x01,0x80,
0xff,0x80,0x03,0x00,0x00,0x80,0x00,0x05,0x00,0x00,0x21,0x35,0x33,0x11,0x21,0x35,
0x02,0x80,0x80,0xfe,0x80,0x80,0xff,0x00,0x80,0x00,0x00,0x00,0x00,0x01,0x00,0x00,
0xff,0x80,0x03,0x00,0x00,0x80,0x00,0x05,0x00,0x00,0x25,0x11,0x21,0x35,0x21,0x35,
0x03,0x00,0xfd,0x00,0x01,0x80,0x80,0xff,0x00,0x80,0x80,0x00,0x00,0x01,0x01,0x80,
0xff,0x80,0x03,0x00,0x01,0x80,0x00,0x07,0x00,0x00,0x01,0x33,0x11,0x21,0x35,0x33,
0x35,0x33,0x02,0x80,0x80,0xfe,0x80,0x80,0x80,0x01,0x80,0xfe,0x00,0x80,0x80,0x00,
0x00,0x01,0x00,0x00,0xff,0x80,0x03,0x00,0x01,0x80,0x00,0x09,0x00,0x00,0x01,0x35,
0x33,0x11,0x21,0x35,0x21,0x35,0x21,0x35,0x02,0x80,0x80,0xfd,0x00,0x01,0x00,0x01,
0x00,0x01,0x00,0x80,0xfe,0x00,0x80,0x80,0x80,0x00,0x00,0x00,0x00,0x01,0x01,0x80,
0xff,0x80,0x03,0x00,0x03,0x80,0x00,0x07,0x00,0x00,0x01,0x33,0x11,0x21,0x11,0x33,
0x11,0x33,0x02,0x80,0x80,0xfe,0x80,0x80,0x80,0x03,0x80,0xfc,0x00,0x01,0x00,0x01,
0x80,0x00,0x00,0x00,0x00,0x01,0x00,0x00,0xff,0x80,0x03,0x00,0x03,0x80,0x00,0x07,
0x00,0x00,0x01,0x15,0x33,0x11,0x21,0x11,0x21,0x15,0x02,0x80,0x80,0xfd,0x00,0x01,
0x80,0x03,0x00,0x80,0xfd,0x00,0x04,0x00,0x80,0x00,0x00,0x00,0x00,0x01,0x00,0x00,
0xff,0x80,0x03,0x00,0x03,0x80,0x00,0x07,0x00,0x00,0x01,0x21,0x11,0x21,0x11,0x33,
0x15,0x21,0x02,0x00,0x01,0x00,0xfd,0x00,0x80,0x01,0x80,0x02,0x80,0xfd,0x00,0x04,
0x00,0x80,0x00,0x00,0x00,0x01,0x00,0x00,0xff,0x80,0x03,0x00,0x03,0x80,0x00,0x09,
0x00,0x00,0x01,0x33,0x11,0x21,0x11,0x21,0x15,0x33,0x15,0x33,0x02,0x80,0x80,0xfd,
0x00,0x01,0x80,0x80,0x80,0x01,0x80,0xfe,0x00,0x04,0x00,0x80,0x80,0x00,0x00,0x00,
0x00,0x01,0x00,0x00,0xff,0x80,0x03,0x00,0x03,0x00,0x00,0x09,0x00,0x00,0x01,0x15,
0x33,0x11,0x21,0x11,0x21,0x15,0x21,0x15,0x02,0x80,0x80,0xfd,0x00,0x01,0x00,0x01,
0x00,0x02,0x00,0x80,0xfe,0x00,0x03,0x80,0x80,0x80,0x00,0x00,0x00,0x01,0x00,0x00,
0xff,0x80,0x03,0x00,0x03,0x80,0x00,0x09,0x00,0x00,0x21,0x33,0x15,0x21,0x11,0x21,
0x11,0x33,0x11,0x33,0x02,0x80,0x80,0xfd,0x00,0x01,0x80,0x80,0x80,0x80,0x04,0x00,
0xff,0x00,0xfe,0x80,0x00,0x01,0x00,0x00,0xff,0x80,0x03,0x00,0x01,0x80,0x00,0x07,
0x00,0x00,0x25,0x21,0x11,0x21,0x11,0x21,0x15,0x21,0x02,0x00,0x01,0x00,0xfd,0x00,
0x01,0x00,0x01,0x00,0x80,0xff,0x00,0x02,0x00,0x80,0x00,0x00,0x00,0x01,0x00,0x00,
0xff,0x80,0x03,0x00,0x03,0x80,0x00,0x07,0x00,0x00,0x01,0x11,0x21,0x35,0x21,0x35,
0x23,0x11,0x03,0x00,0xfe,0x80,0xff,0x00,0x80,0x03,0x80,0xfc,0x00,0x80,0x80,0x03,
0x00,0x00,0x00,0x00,0x00,0x01,0x00,0x00,0xff,0x80,0x03,0x00,0x03,0x80,0x00,0x07,
0x00,0x00,0x01,0x11,0x23,0x35,0x21,0x35,0x21,0x11,0x03,0x00,0x80,0xfe,0x80,0xff,
0x00,0x03,0x80,0xfc,0x00,0x80,0x80,0x03,0x00,0x00,0x00,0x00,0x00,0x01,0x00,0x00,
0xff,0x80,0x03,0x00,0x03,0x80,0x00,0x09,0x00,0x00,0x01,0x11,0x21,0x11,0x23,0x11,
0x23,0x11,0x23,0x11,0x03,0x00,0xfe,0x80,0x80,0x80,0x80,0x03,0x80,0xfc,0x00,0x01,
0x00,0x01,0x00,0x01,0x00,0x01,0x00,0x00,0x00,0x01,0x00,0x00,0x00,0x80,0x03,0x00,
0x03,0x80,0x00,0x0b,0x00,0x00,0x01,0x11,0x23,0x35,0x23,0x35,0x21,0x35,0x23,0x35,
0x23,0x11,0x03,0x00,0x80,0x80,0xff,0x00,0x80,0x80,0x03,0x80,0xfd,0x00,0x80,0x80,
0x80,0x80,0x01,0x00,0x00,0x01,0x00,0x00,0xff,0x80,0x03,0x00,0x03,0x80,0x00,0x09,
0x00,0x00,0x01,0x11,0x21,0x11,0x23,0x11,0x23,0x11,0x23,0x35,0x03,0x00,0xfe,0x80,
0x80,0x80,0x80,0x03,0x80,0xfc,0x00,0x01,0x00,0x01,0x80,0x01,0x00,0x80,0x00,0x00,
0x00,0x01,0x00,0x00,0x02,0x80,0x01,0x80,0x03,0x80,0x00,0x05,0x00,0x00,0x01,0x15,
0x21,0x15,0x23,0x11,0x01,0x80,0xff,0x00,0x80,0x03,0x80,0x80,0x80,0x01,0x00,0x00,
0x00,0x01,0x00,0x00,0x02,0x80,0x03,0x00,0x03,0x80,0x00,0x05,0x00,0x00,0x01,0x15,
0x21,0x15,0x21,0x11,0x03,0x00,0xfe,0x80,0xfe,0x80,0x03,0x80,0x80,0x80,0x01,0x00,
0x00,0x01,0x00,0x00,0x01,0x80,0x01,0x80,0x03,0x80,0x00,0x07,0x00,0x00,0x01,0x15,
0x23,0x15,0x23,0x11,0x23,0x11,0x01,0x80,0x80,0x80,0x80,0x03,0x80,0x80,0x80,0xff,
0x00,0x02,0x00,0x00,0x00,0x01,0x00,0x00,0x01,0x80,0x03,0x00,0x03,0x80,0x00,0x09,
0x00,0x00,0x01,0x15,0x21,0x15,0x21,0x15,0x23,0x15,0x23,0x11,0x03,0x00,0xff,0x00,
0xff,0x00,0x80,0x80,0x03,0x80,0x80,0x80,0x80,0x80,0x02,0x00,0x00,0x01,0x00,0x00,
0xff,0x80,0x01,0x80,0x03,0x80,0x00,0x07,0x00,0x00,0x01,0x11,0x23,0x11,0x23,0x11,
0x23,0x11,0x01,0x80,0x80,0x80,0x80,0x03,0x80,0xff,0x00,0xfe,0x80,0xfe,0x80,0x04,
0x00,0x00,0x00,0x00,0x00,0x01,0x00,0x00,0x01,0x80,0x03,0x00,0x03,0x80,0x00,0x07,
0x00,0x00,0x01,0x11,0x21,0x15,0x21,0x15,0x21,0x11,0x03,0x00,0xff,0x00,0xff,0x00,
0xff,0x00,0x03,0x80,0xff,0x00,0x80,0x80,0x02,0x00,0x00,0x00,0x00,0x01,0x00,0x00,
0xff,0x80,0x03,0x00,0x03,0x80,0x00,0x07,0x00,0x00,0x01,0x11,0x23,0x15,0x21,0x15,
0x21,0x11,0x03,0x00,0x80,0xff,0x00,0xfe,0x80,0x03,0x80,0xfd,0x00,0x80,0x80,0x04,
0x00,0x00,0x00,0x00,0x00,0x01,0x00,0x00,0xff,0x80,0x03,0x00,0x03,0x80,0x00,0x07,
0x00,0x00,0x01,0x11,0x21,0x15,0x21,0x15,0x23,0x11,0x03,0x00,0xff,0x00,0xfe,0x80,
0x80,0x03,0x80,0xfd,0x00,0x80,0x80,0x04,0x00,0x00,0x00,0x00,0x00,0x01,0x00,0x00,
0xff,0x80,0x03,0x00,0x03,0x80,0x00,0x09,0x00,0x00,0x01,0x11,0x23,0x11,0x23,0x15,
0x23,0x15,0x21,0x11,0x03,0x00,0x80,0x80,0x80,0xfe,0x80,0x03,0x80,0xfe,0x00,0xff,
0x00,0x80,0x80,0x04,0x00,0x00,0x00,0x00,0x00,0x01,0x00,0x00,0x00,0x00,0x03,0x00,
0x03,0x80,0x00,0x09,0x00,0x00,0x01,0x11,0x23,0x15,0x23,0x15,0x21,0x15,0x21,0x11,
0x03,0x00,0x80,0x80,0xff,0x00,0xff,0x00,0x03,0x80,0xfe,0x00,0x80,0x80,0x80,0x03,
0x80,0x00,0x00,0x00,0x00,0x01,0x00,0x00,0xff,0x80,0x03,0x00,0x03,0x80,0x00,0x09,
0x00,0x00,0x01,0x15,0x23,0x11,0x23,0x11,0x23,0x11,0x21,0x11,0x03,0x00,0x80,0x80,
0x80,0xfe,0x80,0x03,0x80,0x80,0xff,0x00,0xfe,0x80,0xff,0x00,0x04,0x00,0x00,0x00,
0x00,0x01,0x01,0x80,0x02,0x80,0x03,0x00,0x03,0x80,0x00,0x05,0x00,0x00,0x01,0x11,
0x23,0x35,0x21,0x35,0x03,0x00,0x80,0xff,0x00,0x03,0x80,0xff,0x00,0x80,0x80,0x00,
0x00,0x01,0x00,0x00,0x02,0x80,0x03,0x00,0x03,0x80,0x00,0x05,0x00,0x00,0x01,0x11,
0x21,0x35,0x21,0x35,0x03,0x00,0xfe,0x80,0xfe,0x80,0x03,0x80,0xff,0x00,0x80,0x80,
0x00,0x01,0x01,0x80,0x01,0x80,0x03,0x00,0x03,0x80,0x00,0x07,0x00,0x00,0x01,0x11,
0x23,0x11,0x23,0x35,0x23,0x35,0x03,0x00,0x80,0x80,0x80,0x03,0x80,0xfe,0x00,0x01,
0x00,0x80,0x80,0x00,0x00,0x01,0x00,0x00,0x01,0x80,0x03,0x00,0x03,0x80,0x00,0x09,
0x00,0x00,0x01,0x11,0x23,0x35,0x23,0x35,0x21,0x35,0x21,0x35,0x03,0x00,0x80,0x80,
0xff,0x00,0xff,0x00,0x03,0x80,0xfe,0x00,0x80,0x80,0x80,0x80,0x00,0x01,0x01,0x80,
0xff,0x80,0x03,0x00,0x03,0x80,0x00,0x07,0x00,0x00,0x01,0x11,0x23,0x11,0x23,0x11,
0x23,0x11,0x03,0x00,0x80,0x80,0x80,0x03,0x80,0xfc,0x00,0x01,0x80,0x01,0x80,0x01,
0x00,0x00,0x00,0x00,0x00,0x01,0x00,0x00,0x01,0x80,0x03,0x00,0x03,0x80,0x00,0x07,
0x00,0x00,0x01,0x11,0x21,0x35,0x21,0x35,0x21,0x11,0x03,0x00,0xff,0x00,0xff,0x00,
0xff,0x00,0x03,0x80,0xfe,0x00,0x80,0x80,0x01,0x00,0x00,0x00,0x00,0x01,0x00,0x00,
0xff,0x80,0x03,0x00,0x03,0x80,0x00,0x0f,0x00,0x00,0x01,0x11,0x21,0x35,0x33,0x35,
0x33,0x35,0x33,0x11,0x23,0x35,0x23,0x35,0x23,0x35,0x03,0x00,0xfd,0x00,0x80,0x80,
0x80,0x80,0x80,0x80,0x03,0x80,0xfc,0x00,0x80,0x80,0x80,0x01,0x00,0x80,0x80,0x80,
0x00,0x01,0x00,0x00,0xff,0x80,0x03,0x00,0x03,0x00,0x00,0x0b,0x00,0x00,0x01,0x35,
0x33,0x11,0x21,0x11,0x33,0x15,0x33,0x15,0x21,0x35,0x02,0x80,0x80,0xfd,0x00,0x80,
0x80,0x01,0x00,0x02,0x80,0x80,0xfc,0x80,0x03,0x80,0x80,0x80,0x80,0x00,0x00,0x00,
0x00,0x01,0x00,0x00,0xff,0x80,0x03,0x00,0x03,0x80,0x00,0x0f,0x00,0x00,0x01,0x23,
0x11,0x33,0x15,0x33,0x15,0x33,0x15,0x21,0x11,0x21,0x15,0x23,0x15,0x23,0x02,0x00,
0x80,0x80,0x80,0x80,0xfd,0x00,0x03,0x00,0x80,0x80,0x02,0x00,0xff,0x00,0x80,0x80,
0x80,0x04,0x00,0x80,0x80,0x00,0x00,0x00,0x00,0x01,0x00,0x00,0x00,0x00,0x03,0x00,
0x03,0x80,0x00,0x0b,0x00,0x00,0x01,0x11,0x23,0x35,0x23,0x35,0x21,0x15,0x23,0x15,
0x23,0x11,0x03,0x00,0x80,0x80,0xff,0x00,0x80,0x80,0x03,0x80,0xfc,0x80,0x80,0x80,
0x80,0x80,0x03,0x80,0x00,0x01,0x00,0x00,0x00,0x00,0x01,0x80,0x03,0x00,0x00,0x0b,
0x00,0x00,0x01,0x15,0x33,0x11,0x23,0x15,0x23,0x15,0x23,0x11,0x33,0x15,0x01,0x00,
0x80,0x80,0x80,0x80,0x80,0x02,0x80,0x80,0xff,0x00,0x80,0x80,0x03,0x00,0x80,0x00,
0x00,0x01,0x00,0x00,0x02,0x00,0x03,0x00,0x03,0x80,0x00,0x0b,0x00,0x00,0x01,0x15,
0x23,0x15,0x23,0x15,0x21,0x35,0x23,0x35,0x23,0x35,0x03,0x00,0x80,0x80,0xff,0x00,
0x80,0x80,0x03,0x80,0x80,0x80,0x80,0x80,0x80,0x80,0x00,0x00,0x00,0x01,0x01,0x80,
0x00,0x00,0x03,0x00,0x03,0x00,0x00,0x0b,0x00,0x00,0x01,0x35,0x33,0x11,0x23,0x35,
0x23,0x35,0x23,0x11,0x33,0x35,0x02,0x80,0x80,0x80,0x80,0x80,0x80,0x02,0x80,0x80,
0xfd,0x00,0x80,0x80,0x01,0x00,0x80,0x00,0x00,0x01,0x00,0x00,0xff,0x80,0x03,0x00,
0x01,0x00,0x00,0x0b,0x00,0x00,0x25,0x15,0x33,0x15,0x21,0x35,0x33,0x35,0x33,0x35,
0x21,0x15,0x02,0x80,0x80,0xfd,0x00,0x80,0x80,0x01,0x00,0x80,0x80,0x80,0x80,0x80,
0x80,0x80,0x00,0x00,0x00,0x01,0x00,0x00,0xff,0x80,0x00,0x80,0x03,0x80,0x00,0x03,
0x00,0x00,0x11,0x33,0x11,0x23,0x80,0x80,0x03,0x80,0xfc,0x00,0x00,0x01,0x00,0x80,
0xff,0x80,0x01,0x00,0x03,0x80,0x00,0x03,0x00,0x00,0x13,0x33,0x11,0x23,0x80,0x80,
0x80,0x03,0x80,0xfc,0x00,0x00,0x00,0x00,0x00,0x01,0x01,0x00,0xff,0x80,0x01,0x80,
0x03,0x80,0x00,0x03,0x00,0x00,0x01,0x33,0x11,0x23,0x01,0x00,0x80,0x80,0x03,0x80,
0xfc,0x00,0x00,0x00,0x00,0x01,0x01,0x80,0xff,0x80,0x02,0x00,0x03,0x80,0x00,0x03,
0x00,0x00,0x01,0x33,0x11,0x23,0x01,0x80,0x80,0x80,0x03,0x80,0xfc,0x00,0x00,0x00,
0x00,0x01,0x02,0x00,0xff,0x80,0x02,0x80,0x03,0x80,0x00,0x03,0x00,0x00,0x01,0x33,
0x11,0x23,0x02,0x00,0x80,0x80,0x03,0x80,0xfc,0x00,0x00,0x00,0x00,0x01,0x02,0x80,
0xff,0x80,0x03,0x00,0x03,0x80,0x00,0x03,0x00,0x00,0x01,0x33,0x11,0x23,0x02,0x80,
0x80,0x80,0x03,0x80,0xfc,0x00,0x00,0x00,0x00,0x01,0x00,0x00,0x03,0x00,0x03,0x00,
0x03,0x80,0x00,0x03,0x00,0x00,0x01,0x15,0x21,0x35,0x03,0x00,0xfd,0x00,0x03,0x80,
0x80,0x80,0x00,0x00,0x00,0x01,0x00,0x00,0x02,0x00,0x03,0x00,0x02,0x80,0x00,0x03,
0x00,0x00,0x01,0x15,0x21,0x35,0x03,0x00,0xfd,0x00,0x02,0x80,0x80,0x80,0x00,0x00,
0x00,0x01,0x00,0x00,0x01,0x80,0x03,0x00,0x02,0x00,0x00,0x03,0x00,0x00,0x01,0x15,
0x21,0x35,0x03,0x00,0xfd,0x00,0x02,0x00,0x80,0x80,0x00,0x00,0x00,0x01,0x00,0x00,
0x01,0x00,0x03,0x00,0x01,0x80,0x00,0x03,0x00,0x00,0x01,0x15,0x21,0x35,0x03,0x00,
0xfd,0x00,0x01,0x80,0x80,0x80,0x00,0x00,0x00,0x01,0x00,0x00,0x00,0x80,0x03,0x00,
0x01,0x00,0x00,0x03,0x00,0x00,0x01,0x15,0x21,0x35,0x03,0x00,0xfd,0x00,0x01,0x00,
0x80,0x80,0x00,0x00,0x00,0x01,0x00,0x00,0xff,0x80,0x03,0x00,0x00,0x00,0x00,0x03,
0x00,0x00,0x21,0x15,0x21,0x35,0x03,0x00,0xfd,0x00,0x80,0x80,0x00,0x01,0x00,0x00,
0xff,0x80,0x03,0x00,0x03,0x80,0x00,0x05,0x00,0x00,0x21,0x15,0x21,0x11,0x33,0x11,
0x03,0x00,0xfd,0x00,0x80,0x80,0x04,0x00,0xfc,0x80,0x00,0x00,0x00,0x01,0x00,0x00,
0xff,0x80,0x03,0x00,0x03,0x80,0x00,0x05,0x00,0x00,0x01,0x15,0x21,0x11,0x23,0x11,
0x03,0x00,0xfd,0x80,0x80,0x03,0x80,0x80,0xfc,0x80,0x04,0x00,0x00,0x01,0x00,0x00,
0xff,0x80,0x03,0x00,0x03,0x80,0x00,0x05,0x00,0x00,0x01,0x11,0x23,0x11,0x21,0x35,
0x03,0x00,0x80,0xfd,0x80,0x03,0x80,0xfc,0x00,0x03,0x80,0x80,0x00,0x01,0x00,0x00,
0xff,0x80,0x03,0x00,0x03,0x80,0x00,0x05,0x00,0x00,0x01,0x33,0x11,0x21,0x35,0x21,
0x02,0x80,0x80,0xfd,0x00,0x02,0x80,0x03,0x80,0xfc,0x00,0x80,0x00,0x02,0x00,0x00,
0xff,0x80,0x03,0x00,0x03,0x80,0x00,0x03,0x00,0x07,0x00,0x00,0x01,0x15,0x21,0x35,
0x01,0x15,0x21,0x35,0x03,0x00,0xfd,0x00,0x03,0x00,0xfd,0x00,0x03,0x80,0x80,0x80,
0xfc,0x80,0x80,0x80,0x00,0x04,0x00,0x00,0xff,0x80,0x03,0x00,0x03,0x80,0x00,0x03,
0x00,0x07,0x00,0x0b,0x00,0x0f,0x00,0x00,0x01,0x15,0x21,0x35,0x01,0x15,0x21,0x35,
0x01,0x15,0x21,0x35,0x01,0x15,0x21,0x35,0x03,0x00,0xfd,0x00,0x03,0x00,0xfd,0x00,
0x03,0x00,0xfd,0x00,0x03,0x00,0xfd,0x00,0x03,0x80,0x80,0x80,0xff,0x00,0x80,0x80,
0xff,0x00,0x80,0x80,0xfe,0x80,0x80,0x80,0x00,0x01,0x00,0x00,0x02,0x80,0x03,0x00,
0x03,0x80,0x00,0x03,0x00,0x00,0x01,0x11,0x21,0x11,0x03,0x00,0xfd,0x00,0x03,0x80,
0xff,0x00,0x01,0x00,0x00,0x01,0x00,0x00,0x02,0x00,0x03,0x00,0x03,0x80,0x00,0x03,
0x00,0x00,0x01,0x11,0x21,0x11,0x03,0x00,0xfd,0x00,0x03,0x80,0xfe,0x80,0x01,0x80,
0x00,0x01,0x00,0x00,0x01,0x00,0x03,0x00,0x03,0x80,0x00,0x03,0x00,0x00,0x01,0x11,
0x21,0x11,0x03,0x00,0xfd,0x00,0x03,0x80,0xfd,0x80,0x02,0x80,0x00,0x01,0x00,0x00,
0x00,0x80,0x03,0x00,0x03,0x80,0x00,0x03,0x00,0x00,0x01,0x11,0x21,0x11,0x03,0x00,
0xfd,0x00,0x03,0x80,0xfd,0x00,0x03,0x00,0x00,0x01,0x00,0x00,0x00,0x00,0x03,0x00,
0x03,0x80,0x00,0x03,0x00,0x00,0x01,0x11,0x21,0x11,0x03,0x00,0xfd,0x00,0x03,0x80,
0xfc,0x80,0x03,0x80,0x00,0x01,0x02,0x80,0xff,0x80,0x03,0x00,0x03,0x80,0x00,0x03,
0x00,0x00,0x01,0x33,0x11,0x23,0x02,0x80,0x80,0x80,0x03,0x80,0xfc,0x00,0x00,0x00,
0x00,0x01,0x02,0x00,0xff,0x80,0x03,0x00,0x03,0x80,0x00,0x03,0x00,0x00,0x01,0x21,
0x11,0x21,0x02,0x00,0x01,0x00,0xff,0x00,0x03,0x80,0xfc,0x00,0x00,0x01,0x01,0x80,
0xff,0x80,0x03,0x00,0x03,0x80,0x00,0x03,0x00,0x00,0x01,0x11,0x21,0x11,0x03,0x00,
0xfe,0x80,0x03,0x80,0xfc,0x00,0x04,0x00,0x00,0x01,0x01,0x00,0xff,0x80,0x03,0x00,
0x03,0x80,0x00,0x03,0x00,0x00,0x01,0x11,0x21,0x11,0x03,0x00,0xfe,0x00,0x03,0x80,
0xfc,0x00,0x04,0x00,0x00,0x01,0x00,0x80,0xff,0x80,0x03,0x00,0x03,0x80,0x00,0x03,
0x00,0x00,0x01,0x11,0x21,0x11,0x03,0x00,0xfd,0x80,0x03,0x80,0xfc,0x00,0x04,0x00,
0x00,0x0c,0x00,0x00,0xff,0x80,0x01,0x80,0x03,0x80,0x00,0x03,0x00,0x07,0x00,0x0b,
0x00,0x0f,0x00,0x13,0x00,0x17,0x00,0x1b,0x00,0x1f,0x00,0x23,0x00,0x27,0x00,0x2b,
0x00,0x2f,0x00,0x00,0x13,0x23,0x35,0x33,0x05,0x23,0x35,0x33,0x03,0x23,0x35,0x33,
0x03,0x23,0x35,0x33,0x05,0x23,0x35,0x33,0x03,0x23,0x35,0x33,0x03,0x23,0x35,0x33,
0x05,0x23,0x35,0x33,0x03,0x23,0x35,0x33,0x03,0x23,0x35,0x33,0x05,0x23,0x35,0x33,
0x03,0x23,0x35,0x33,0x80,0x80,0x80,0x01,0x00,0x80,0x80,0x80,0x80,0x80,0x80,0x80,
0x80,0x01,0x00,0x80,0x80,0x80,0x80,0x80,0x80,0x80,0x80,0x01,0x00,0x80,0x80,0x80,
0x80,0x80,0x80,0x80,0x80,0x01,0x00,0x80,0x80,0x80,0x80,0x80,0x03,0x00,0x80,0x80,
0x80,0xff,0x00,0x80,0xff,0x00,0x80,0x80,0x80,0xff,0x00,0x80,0xff,0x00,0x80,0x80,
0x80,0xff,0x00,0x80,0xff,0x00,0x80,0x80,0x80,0xff,0x00,0x80,0x00,0x0c,0x01,0x80,
0xff,0x80,0x03,0x00,0x03,0x80,0x00,0x03,0x00,0x07,0x00,0x0b,0x00,0x0f,0x00,0x13,
0x00,0x17,0x00,0x1b,0x00,0x1f,0x00,0x23,0x00,0x27,0x00,0x2b,0x00,0x2f,0x00,0x00,
0x01,0x23,0x35,0x33,0x03,0x23,0x35,0x33,0x05,0x23,0x35,0x33,0x03,0x23,0x35,0x33,
0x03,0x23,0x35,0x33,0x05,0x23,0x35,0x33,0x03,0x23,0x35,0x33,0x03,0x23,0x35,0x33,
0x05,0x23,0x35,0x33,0x03,0x23,0x35,0x33,0x03,0x23,0x35,0x33,0x05,0x23,0x35,0x33,
0x02,0x80,0x80,0x80,0x80,0x80,0x80,0x01,0x00,0x80,0x80,0x80,0x80,0x80,0x80,0x80,
0x80,0x01,0x00,0x80,0x80,0x80,0x80,0x80,0x80,0x80,0x80,0x01,0x00,0x80,0x80,0x80,
0x80,0x80,0x80,0x80,0x80,0x01,0x00,0x80,0x80,0x03,0x00,0x80,0xff,0x00,0x80,0x80,
0x80,0xff,0x00,0x80,0xff,0x00,0x80,0x80,0x80,0xff,0x00,0x80,0xff,0x00,0x80,0x80,
0x80,0xff,0x00,0x80,0xff,0x00,0x80,0x80,0x80,0x00,0x00,0x00,0x00,0x0c,0x00,0x00,
0x01,0x80,0x03,0x00,0x03,0x80,0x00,0x03,0x00,0x07,0x00,0x0b,0x00,0x0f,0x00,0x13,
0x00,0x17,0x00,0x1b,0x00,0x1f,0x00,0x23,0x00,0x27,0x00,0x2b,0x00,0x2f,0x00,0x00,
0x01,0x23,0x35,0x33,0x05,0x23,0x35,0x33,0x05,0x23,0x35,0x33,0x01,0x23,0x35,0x33,
0x05,0x23,0x35,0x33,0x05,0x23,0x35,0x33,0x01,0x23,0x35,0x33,0x05,0x23,0x35,0x33,
0x05,0x23,0x35,0x33,0x01,0x23,0x35,0x33,0x05,0x23,0x35,0x33,0x05,0x23,0x35,0x33,
0x01,0x00,0x80,0x80,0x01,0x00,0x80,0x80,0x01,0x00,0x80,0x80,0xfd,0x80,0x80,0x80,
0x01,0x00,0x80,0x80,0x01,0x00,0x80,0x80,0xfe,0x80,0x80,0x80,0x01,0x00,0x80,0x80,
0x01,0x00,0x80,0x80,0xfd,0x80,0x80,0x80,0x01,0x00,0x80,0x80,0x01,0x00,0x80,0x80,
0x03,0x00,0x80,0x80,0x80,0x80,0x80,0xff,0x00,0x80,0x80,0x80,0x80,0x80,0xff,0x00,
0x80,0x80,0x80,0x80,0x80,0xff,0x00,0x80,0x80,0x80,0x80,0x80,0x00,0x0c,0x00,0x00,
0xff,0x80,0x03,0x00,0x01,0x80,0x00,0x03,0x00,0x07,0x00,0x0b,0x00,0x0f,0x00,0x13,
0x00,0x17,0x00,0x1b,0x00,0x1f,0x00,0x23,0x00,0x27,0x00,0x2b,0x00,0x2f,0x00,0x00,
0x01,0x23,0x35,0x33,0x05,0x23,0x35,0x33,0x05,0x23,0x35,0x33,0x01,0x23,0x35,0x33,
0x05,0x23,0x35,0x33,0x05,0x23,0x35,0x33,0x01,0x23,0x35,0x33,0x05,0x23,0x35,0x33,
0x05,0x23,0x35,0x33,0x01,0x23,0x35,0x33,0x05,0x23,0x35,0x33,0x05,0x23,0x35,0x33,
0x01,0x00,0x80,0x80,0x01,0x00,0x80,0x80,0x01,0x00,0x80,0x80,0xfd,0x80,0x80,0x80,
0x01,0x00,0x80,0x80,0x01,0x00,0x80,0x80,0xfe,0x80,0x80,0x80,0x01,0x00,0x80,0x80,
0x01,0x00,0x80,0x80,0xfd,0x80,0x80,0x80,0x01,0x00,0x80,0x80,0x01,0x00,0x80,0x80,
0x01,0x00,0x80,0x80,0x80,0x80,0x80,0xff,0x00,0x80,0x80,0x80,0x80,0x80,0xff,0x00,
0x80,0x80,0x80,0x80,0x80,0xff,0x00,0x80,0x80,0x80,0x80,0x80,0x00,0x18,0x00,0x00,
0xff,0x80,0x03,0x00,0x03,0x80,0x00,0x03,0x00,0x07,0x00,0x0b,0x00,0x0f,0x00,0x13,
0x00,0x17,0x00,0x1b,0x00,0x1f,0x00,0x23,0x00,0x27,0x00,0x2b,0x00,0x2f,0x00,0x33,
0x00,0x37,0x00,0x3b,0x00,0x3f,0x00,0x43,0x00,0x47,0x00,0x4b,0x00,0x4f,0x00,0x53,
0x00,0x57,0x00,0x5b,0x00,0x5f,0x00,0x00,0x13,0x23,0x35,0x33,0x05,0x23,0x35,0x33,
0x05,0x23,0x35,0x33,0x01,0x23,0x35,0x33,0x05,0x23,0x35,0x33,0x05,0x23,0x35,0x33,
0x01,0x23,0x35,0x33,0x05,0x23,0x35,0x33,0x05,0x23,0x35,0x33,0x01,0x23,0x35,0x33,
0x05,0x23,0x35,0x33,0x05,0x23,0x35,0x33,0x01,0x23,0x35,0x33,0x05,0x23,0x35,0x33,
0x05,0x23,0x35,0x33,0x01,0x23,0x35,0x33,0x05,0x23,0x35,0x33,0x05,0x23,0x35,0x33,
0x01,0x23,0x35,0x33,0x05,0x23,0x35,0x33,0x05,0x23,0x35,0x33,0x01,0x23,0x35,0x33,
0x05,0x23,0x35,0x33,0x05,0x23,0x35,0x33,0x80,0x80,0x80,0x01,0x00,0x80,0x80,0x01,
0x00,0x80,0x80,0xfe,0x80,0x80,0x80,0x01,0x00,0x80,0x80,0x01,0x00,0x80,0x80,0xfd,
0x80,0x80,0x80,0x01,0x00,0x80,0x80,0x01,0x00,0x80,0x80,0xfe,0x80,0x80,0x80,0x01,
0x00,0x80,0x80,0x01,0x00,0x80,0x80,0xfd,0x80,0x80,0x80,0x01,0x00,0x80,0x80,0x01,
0x00,0x80,0x80,0xfe,0x80,0x80,0x80,0x01,0x00,0x80,0x80,0x01,0x00,0x80,0x80,0xfd,
0x80,0x80,0x80,0x01,0x00,0x80,0x80,0x01,0x00,0x80,0x80,0xfe,0x80,0x80,0x80,0x01,
0x00,0x80,0x80,0x01,0x00,0x80,0x80,0x03,0x00,0x80,0x80,0x80,0x80,0x80,0xff,0x00,
0x80,0x80,0x80,0x80,0x80,0xff,0x00,0x80,0x80,0x80,0x80,0x80,0xff,0x00,0x80,0x80,
0x80,0x80,0x80,0xff,0x00,0x80,0x80,0x80,0x80,0x80,0xff,0x00,0x80,0x80,0x80,0x80,
0x80,0xff,0x00,0x80,0x80,0x80,0x80,0x80,0xff,0x00,0x80,0x80,0x80,0x80,0x80,0x00,
0x00,0x0a,0x00,0x00,0xff,0x80,0x03,0x00,0x03,0x80,0x00,0x0d,0x00,0x11,0x00,0x15,
0x00,0x19,0x00,0x1d,0x00,0x21,0x00,0x25,0x00,0x29,0x00,0x2d,0x00,0x31,0x00,0x00,
0x01,0x11,0x23,0x35,0x23,0x15,0x23,0x35,0x23,0x15,0x23,0x35,0x23,0x19,0x01,0x35,
0x33,0x15,0x25,0x15,0x23,0x35,0x05,0x23,0x35,0x33,0x01,0x35,0x33,0x15,0x33,0x35,
0x33,0x15,0x25,0x15,0x23,0x35,0x01,0x23,0x35,0x33,0x05,0x23,0x35,0x33,0x05,0x23,
0x35,0x33,0x03,0x00,0x80,0x80,0x80,0x80,0x80,0x80,0x80,0x01,0x00,0x80,0x01,0x80,
0x80,0x80,0xfe,0x00,0x80,0x80,0x80,0x01,0x00,0x80,0xfe,0x00,0x80,0x80,0x01,0x00,
0x80,0x80,0x01,0x00,0x80,0x80,0x03,0x80,0xfd,0x80,0x80,0x80,0x80,0x80,0x80,0x02,
0x00,0xfd,0x00,0x80,0x80,0x80,0x80,0x80,0x80,0x80,0xff,0x00,0x80,0x80,0x80,0x80,
0x80,0x80,0x80,0xff,0x00,0x80,0x80,0x80,0x80,0x80,0x00,0x00,0x00,0x0a,0x00,0x00,
0xff,0x80,0x03,0x00,0x03,0x80,0x00,0x03,0x00,0x07,0x00,0x0b,0x00,0x0f,0x00,0x13,
0x00,0x17,0x00,0x1b,0x00,0x1f,0x00,0x23,0x00,0x31,0x00,0x00,0x11,0x35,0x33,0x15,
0x37,0x33,0x15,0x23,0x25,0x33,0x15,0x23,0x21,0x33,0x15,0x23,0x25,0x15,0x23,0x35,
0x21,0x15,0x23,0x35,0x01,0x35,0x33,0x15,0x33,0x35,0x33,0x15,0x33,0x35,0x33,0x15,
0x23,0x15,0x33,0x35,0x33,0x11,0x21,0x11,0x33,0x35,0x33,0x15,0x33,0x35,0x80,0x80,
0x80,0x80,0x01,0x00,0x80,0x80,0xfe,0x80,0x80,0x80,0x01,0x80,0x80,0x01,0x80,0x80,
0xfd,0x80,0x80,0x80,0x80,0x80,0x80,0x80,0x80,0x80,0xfd,0x00,0x80,0x80,0x80,0x03,
0x00,0x80,0x80,0x80,0x80,0x80,0x80,0x80,0x80,0x80,0x80,0x80,0x80,0xff,0x00,0x80,
0x80,0x80,0x80,0x80,0x80,0x80,0x80,0xfd,0x80,0x02,0x00,0x80,0x80,0x80,0x00,0x00,
0x00,0x09,0x00,0x00,0xff,0x80,0x03,0x00,0x03,0x80,0x00,0x03,0x00,0x15,0x00,0x19,
0x00,0x1d,0x00,0x21,0x00,0x25,0x00,0x29,0x00,0x2d,0x00,0x31,0x00,0x00,0x11,0x35,
0x33,0x15,0x25,0x11,0x21,0x35,0x23,0x35,0x33,0x35,0x23,0x35,0x33,0x35,0x23,0x35,
0x33,0x35,0x23,0x35,0x07,0x33,0x15,0x23,0x07,0x35,0x33,0x15,0x31,0x33,0x15,0x23,
0x07,0x35,0x33,0x15,0x31,0x33,0x15,0x23,0x07,0x35,0x33,0x15,0x17,0x23,0x35,0x33,
0x80,0x02,0x80,0xfe,0x80,0x80,0x80,0x80,0x80,0x80,0x80,0x80,0x80,0x80,0x80,0x80,
0x80,0x80,0x80,0x80,0x80,0x80,0x80,0x80,0x80,0x80,0x80,0x80,0x03,0x00,0x80,0x80,
0x80,0xfc,0x00,0x80,0x80,0x80,0x80,0x80,0x80,0x80,0x80,0x80,0x80,0x80,0x80,0x80,
0x80,0x80,0x80,0x80,0x80,0x80,0x80,0x80,0x80,0x80,0x00,0x00,0x00,0x06,0x00,0x00,
0xff,0x80,0x03,0x00,0x03,0x80,0x00,0x03,0x00,0x07,0x00,0x0b,0x00,0x0f,0x00,0x13,
0x00,0x17,0x00,0x00,0x01,0x11,0x21,0x11,0x29,0x01,0x11,0x29,0x02,0x11,0x21,0x31,
0x11,0x21,0x11,0x01,0x11,0x21,0x11,0x29,0x01,0x11,0x21,0x01,0x00,0xff,0x00,0x02,
0x00,0x01,0x00,0xff,0x00,0xff,0x00,0x01,0x00,0xff,0x00,0xff,0x00,0x02,0x00,0x01,
0x00,0xfe,0x00,0x01,0x00,0xff,0x00,0x03,0x80,0xff,0x00,0x01,0x00,0xff,0x00,0xff,
0x00,0xff,0x00,0x01,0x00,0xff,0x00,0x01,0x00,0xff,0x00,0xff,0x00,0x00,0x00,0x00,
0x00,0x06,0x00,0x00,0xff,0x80,0x03,0x00,0x03,0x80,0x00,0x03,0x00,0x07,0x00,0x0b,
0x00,0x0f,0x00,0x13,0x00,0x17,0x00,0x00,0x01,0x21,0x11,0x21,0x01,0x11,0x21,0x11,
0x29,0x01,0x11,0x29,0x02,0x11,0x29,0x02,0x11,0x29,0x01,0x11,0x21,0x11,0x02,0x00,
0xff,0x00,0x01,0x00,0xff,0x00,0xff,0x00,0x02,0x00,0x01,0x00,0xff,0x00,0xff,0x00,
0x01,0x00,0xff,0x00,0xff,0x00,0x01,0x00,0xff,0x00,0x02,0x00,0x01,0x00,0x02,0x80,
0x01,0x00,0xff,0x00,0xff,0x00,0x01,0x00,0xff,0x00,0xff,0x00,0xff,0x00,0x01,0x00,
0xff,0x00,0x00,0x00,0x00,0x02,0x00,0x00,0xff,0x80,0x03,0x00,0x02,0x80,0x00,0x03,
0x00,0x07,0x00,0x00,0x01,0x11,0x21,0x11,0x01,0x11,0x21,0x11,0x03,0x00,0xfd,0x00,
0x03,0x00,0xfd,0x00,0x02,0x80,0xff,0x00,0x01,0x00,0xfe,0x00,0xff,0x00,0x01,0x00,
0x00,0x10,0x00,0x00,0xff,0x80,0x03,0x00,0x03,0x80,0x00,0x03,0x00,0x07,0x00,0x0b,
0x00,0x0f,0x00,0x13,0x00,0x17,0x00,0x1b,0x00,0x1f,0x00,0x23,0x00,0x27,0x00,0x2b,
0x00,0x2f,0x00,0x33,0x00,0x37,0x00,0x3b,0x00,0x3f,0x00,0x00,0x13,0x23,0x35,0x33,
0x05,0x23,0x35,0x33,0x01,0x23,0x35,0x33,0x05,0x23,0x35,0x33,0x01,0x23,0x35,0x33,
0x05,0x23,0x35,0x33,0x01,0x23,0x35,0x33,0x05,0x23,0x35,0x33,0x01,0x23,0x35,0x33,
0x05,0x23,0x35,0x33,0x01,0x23,0x35,0x33,0x05,0x23,0x35,0x33,0x01,0x23,0x35,0x33,
0x05,0x23,0x35,0x33,0x01,0x23,0x35,0x33,0x05,0x23,0x35,0x33,0x80,0x80,0x80,0x01,
0x80,0x80,0x80,0xff,0x00,0x80,0x80,0x01,0x80,0x80,0x80,0xff,0x00,0x80,0x80,0x01,
0x80,0x80,0x80,0xfd,0x80,0x80,0x80,0x01,0x80,0x80,0x80,0xff,0x00,0x80,0x80,0x01,
0x80,0x80,0x80,0xff,0x00,0x80,0x80,0x01,0x80,0x80,0x80,0xfd,0x80,0x80,0x80,0x01,
0x80,0x80,0x80,0xff,0x00,0x80,0x80,0x01,0x80,0x80,0x80,0x03,0x00,0x80,0x80,0x80,
0xff,0x00,0x80,0x80,0x80,0xff,0x00,0x80,0x80,0x80,0xff,0x00,0x80,0x80,0x80,0xff,
0x00,0x80,0x80,0x80,0xff,0x00,0x80,0x80,0x80,0xff,0x00,0x80,0x80,0x80,0xff,0x00,
0x80,0x80,0x80,0x00,0x00,0x10,0x00,0x00,0xff,0x80,0x03,0x00,0x03,0x80,0x00,0x03,
0x00,0x07,0x00,0x0b,0x00,0x0f,0x00,0x13,0x00,0x17,0x00,0x1b,0x00,0x1f,0x00,0x23,
0x00,0x27,0x00,0x2b,0x00,0x2f,0x00,0x33,0x00,0x37,0x00,0x3b,0x00,0x3f,0x00,0x00,
0x01,0x23,0x35,0x33,0x05,0x23,0x35,0x33,0x01,0x23,0x35,0x33,0x05,0x23,0x35,0x33,
0x01,0x23,0x35,0x33,0x05,0x23,0x35,0x33,0x03,0x23,0x35,0x33,0x05,0x23,0x35,0x33,
0x01,0x23,0x35,0x33,0x05,0x23,0x35,0x33,0x01,0x23,0x35,0x33,0x05,0x23,0x35,0x33,
0x03,0x23,0x35,0x33,0x05,0x23,0x35,0x33,0x01,0x23,0x35,0x33,0x05,0x23,0x35,0x33,
0x01,0x80,0x80,0x80,0x01,0x80,0x80,0x80,0xfe,0x00,0x80,0x80,0x01,0x80,0x80,0x80,
0xfe,0x00,0x80,0x80,0x01,0x80,0x80,0x80,0x80,0x80,0x80,0x01,0x80,0x80,0x80,0xfe,
0x00,0x80,0x80,0x01,0x80,0x80,0x80,0xfe,0x00,0x80,0x80,0x01,0x80,0x80,0x80,0x80,
0x80,0x80,0x01,0x80,0x80,0x80,0xfe,0x00,0x80,0x80,0x01,0x80,0x80,0x80,0x03,0x00,
0x80,0x80,0x80,0xff,0x00,0x80,0x80,0x80,0xff,0x00,0x80,0x80,0x80,0xff,0x00,0x80,
0x80,0x80,0xff,0x00,0x80,0x80,0x80,0xff,0x00,0x80,0x80,0x80,0xff,0x00,0x80,0x80,
0x80,0xff,0x00,0x80,0x80,0x80,0x00,0x00,0x00,0x01,0x00,0x00,0xff,0x80,0x03,0x00,
0x03,0x80,0x00,0x13,0x00,0x00,0x01,0x11,0x23,0x15,0x23,0x11,0x33,0x15,0x33,0x11,
0x21,0x11,0x33,0x35,0x33,0x11,0x23,0x35,0x23,0x11,0x03,0x00,0x80,0x80,0x80,0x80,
0xfd,0x00,0x80,0x80,0x80,0x80,0x03,0x80,0xff,0x00,0x80,0xff,0x00,0x80,0xff,0x00,
0x01,0x00,0x80,0x01,0x00,0x80,0x01,0x00,0x00,0x01,0x00,0x00,0xff,0x80,0x03,0x00,
0x03,0x80,0x00,0x13,0x00,0x00,0x01,0x35,0x33,0x11,0x23,0x35,0x23,0x35,0x21,0x15,
0x23,0x15,0x23,0x11,0x33,0x15,0x33,0x15,0x21,0x35,0x02,0x80,0x80,0x80,0x80,0xff,
0x00,0x80,0x80,0x80,0x80,0x01,0x00,0x03,0x00,0x80,0xfc,0x00,0x80,0x80,0x80,0x80,
0x04,0x00,0x80,0x80,0x80,0x00,0x00,0x00,0x00,0x0f,0x00,0x00,0x00,0x00,0x03,0x00,
0x03,0x80,0x00,0x03,0x00,0x07,0x00,0x0b,0x00,0x0f,0x00,0x13,0x00,0x17,0x00,0x1b,
0x00,0x1f,0x00,0x23,0x00,0x27,0x00,0x2b,0x00,0x2f,0x00,0x33,0x00,0x37,0x00,0x3b,
0x00,0x00,0x13,0x23,0x35,0x33,0x05,0x23,0x35,0x33,0x05,0x23,0x35,0x33,0x01,0x23,
0x35,0x33,0x05,0x23,0x35,0x33,0x05,0x23,0x35,0x33,0x01,0x23,0x35,0x33,0x05,0x23,
0x35,0x33,0x05,0x23,0x35,0x33,0x01,0x23,0x35,0x33,0x05,0x23,0x35,0x33,0x01,0x23,
0x35,0x33,0x05,0x23,0x35,0x33,0x03,0x23,0x35,0x33,0x03,0x23,0x35,0x33,0x80,0x80,
0x80,0x01,0x00,0x80,0x80,0x01,0x00,0x80,0x80,0xfe,0x80,0x80,0x80,0x01,0x00,0x80,
0x80,0x01,0x00,0x80,0x80,0xfd,0x80,0x80,0x80,0x01,0x00,0x80,0x80,0x01,0x00,0x80,
0x80,0xfe,0x80,0x80,0x80,0x01,0x00,0x80,0x80,0xfe,0x80,0x80,0x80,0x01,0x00,0x80,
0x80,0x80,0x80,0x80,0x80,0x80,0x80,0x03,0x00,0x80,0x80,0x80,0x80,0x80,0xff,0x00,
0x80,0x80,0x80,0x80,0x80,0xff,0x00,0x80,0x80,0x80,0x80,0x80,0xff,0x00,0x80,0x80,
0x80,0xff,0x00,0x80,0x80,0x80,0xff,0x00,0x80,0xff,0x00,0x80,0x00,0x0c,0x00,0x00,
0x00,0x80,0x03,0x00,0x03,0x80,0x00,0x03,0x00,0x07,0x00,0x0b,0x00,0x0f,0x00,0x13,
0x00,0x17,0x00,0x1b,0x00,0x1f,0x00,0x23,0x00,0x27,0x00,0x2b,0x00,0x2f,0x00,0x00,
0x13,0x23,0x35,0x33,0x05,0x23,0x35,0x33,0x05,0x23,0x35,0x33,0x01,0x23,0x35,0x33,
0x05,0x23,0x35,0x33,0x05,0x23,0x35,0x33,0x01,0x23,0x35,0x33,0x05,0x23,0x35,0x33,
0x03,0x23,0x35,0x33,0x05,0x23,0x35,0x33,0x03,0x23,0x35,0x33,0x13,0x23,0x35,0x33,
0x80,0x80,0x80,0x01,0x00,0x80,0x80,0x01,0x00,0x80,0x80,0xfe,0x80,0x80,0x80,0x01,
0x00,0x80,0x80,0x01,0x00,0x80,0x80,0xfe,0x80,0x80,0x80,0x01,0x00,0x80,0x80,0x80,
0x80,0x80,0x01,0x00,0x80,0x80,0x80,0x80,0x80,0x80,0x80,0x80,0x03,0x00,0x80,0x80,
0x80,0x80,0x80,0xff,0x00,0x80,0x80,0x80,0x80,0x80,0xff,0x00,0x80,0x80,0x80,0xff,
0x00,0x80,0x80,0x80,0xff,0x00,0x80,0xff,0x00,0x80,0x00,0x00,0x00,0x12,0x00,0x00,
0xff,0x80,0x03,0x00,0x03,0x80,0x00,0x03,0x00,0x07,0x00,0x0b,0x00,0x0f,0x00,0x13,
0x00,0x17,0x00,0x1b,0x00,0x1f,0x00,0x23,0x00,0x27,0x00,0x2b,0x00,0x2f,0x00,0x33,
0x00,0x37,0x00,0x3b,0x00,0x3f,0x00,0x43,0x00,0x47,0x00,0x00,0x01,0x23,0x35,0x33,
0x03,0x23,0x35,0x33,0x03,0x23,0x35,0x33,0x05,0x23,0x35,0x33,0x01,0x23,0x35,0x33,
0x05,0x23,0x35,0x33,0x01,0x23,0x35,0x33,0x05,0x23,0x35,0x33,0x05,0x23,0x35,0x33,
0x01,0x23,0x35,0x33,0x05,0x23,0x35,0x33,0x05,0x23,0x35,0x33,0x01,0x23,0x35,0x33,
0x05,0x23,0x35,0x33,0x05,0x23,0x35,0x33,0x01,0x23,0x35,0x33,0x05,0x23,0x35,0x33,
0x05,0x23,0x35,0x33,0x03,0x00,0x80,0x80,0x80,0x80,0x80,0x80,0x80,0x80,0x01,0x00,
0x80,0x80,0xfe,0x80,0x80,0x80,0x01,0x00,0x80,0x80,0xfe,0x80,0x80,0x80,0x01,0x00,
0x80,0x80,0x01,0x00,0x80,0x80,0xfd,0x80,0x80,0x80,0x01,0x00,0x80,0x80,0x01,0x00,
0x80,0x80,0xfe,0x80,0x80,0x80,0x01,0x00,0x80,0x80,0x01,0x00,0x80,0x80,0xfd,0x80,
0x80,0x80,0x01,0x00,0x80,0x80,0x01,0x00,0x80,0x80,0x03,0x00,0x80,0xff,0x00,0x80,
0xff,0x00,0x80,0x80,0x80,0xff,0x00,0x80,0x80,0x80,0xff,0x00,0x80,0x80,0x80,0x80,
0x80,0xff,0x00,0x80,0x80,0x80,0x80,0x80,0xff,0x00,0x80,0x80,0x80,0x80,0x80,0xff,
0x00,0x80,0x80,0x80,0x80,0x80,0x00,0x00,0x00,0x0f,0x00,0x00,0xff,0x80,0x03,0x00,
0x03,0x00,0x00,0x03,0x00,0x07,0x00,0x0b,0x00,0x0f,0x00,0x13,0x00,0x17,0x00,0x1b,
0x00,0x1f,0x00,0x23,0x00,0x27,0x00,0x2b,0x00,0x2f,0x00,0x33,0x00,0x37,0x00,0x3b,
0x00,0x00,0x13,0x23,0x35,0x33,0x13,0x23,0x35,0x33,0x03,0x23,0x35,0x33,0x05,0x23,
0x35,0x33,0x03,0x23,0x35,0x33,0x05,0x23,0x35,0x33,0x01,0x23,0x35,0x33,0x05,0x23,
0x35,0x33,0x05,0x23,0x35,0x33,0x01,0x23,0x35,0x33,0x05,0x23,0x35,0x33,0x05,0x23,
0x35,0x33,0x01,0x23,0x35,0x33,0x05,0x23,0x35,0x33,0x05,0x23,0x35,0x33,0x80,0x80,
0x80,0x80,0x80,0x80,0x80,0x80,0x80,0x01,0x00,0x80,0x80,0x80,0x80,0x80,0x01,0x00,
0x80,0x80,0xfe,0x80,0x80,0x80,0x01,0x00,0x80,0x80,0x01,0x00,0x80,0x80,0xfe,0x80,
0x80,0x80,0x01,0x00,0x80,0x80,0x01,0x00,0x80,0x80,0xfd,0x80,0x80,0x80,0x01,0x00,
0x80,0x80,0x01,0x00,0x80,0x80,0x02,0x80,0x80,0xff,0x00,0x80,0xff,0x00,0x80,0x80,
0x80,0xff,0x00,0x80,0x80,0x80,0xff,0x00,0x80,0x80,0x80,0x80,0x80,0xff,0x00,0x80,
0x80,0x80,0x80,0x80,0xff,0x00,0x80,0x80,0x80,0x80,0x80,0x00,0x00,0x01,0x00,0x00,
0x01,0x80,0x02,0x00,0x03,0x80,0x00,0x0d,0x00,0x00,0x01,0x21,0x15,0x23,0x15,0x23,
0x15,0x23,0x15,0x23,0x11,0x33,0x35,0x33,0x01,0x00,0x01,0x00,0x80,0x80,0x80,0x80,
0x80,0x80,0x03,0x80,0x80,0x80,0x80,0x80,0x01,0x00,0x80,0x00,0x00,0x01,0x01,0x00,
0x01,0x80,0x03,0x00,0x03,0x80,0x00,0x0d,0x00,0x00,0x01,0x15,0x33,0x11,0x23,0x35,
0x23,0x35,0x23,0x35,0x23,0x35,0x21,0x15,0x02,0x80,0x80,0x80,0x80,0x80,0x80,0x01,
0x00,0x03,0x00,0x80,0xff,0x00,0x80,0x80,0x80,0x80,0x80,0x00,0x00,0x01,0x00,0x00,
0xff,0x80,0x02,0x00,0x01,0x80,0x00,0x0d,0x00,0x00,0x25,0x15,0x33,0x15,0x21,0x35,
0x23,0x35,0x23,0x11,0x33,0x15,0x33,0x15,0x01,0x80,0x80,0xff,0x00,0x80,0x80,0x80,
0x80,0x80,0x80,0x80,0x80,0x80,0x01,0x00,0x80,0x80,0x00,0x00,0x00,0x01,0x01,0x00,
0xff,0x80,0x03,0x00,0x01,0x80,0x00,0x0d,0x00,0x00,0x01,0x35,0x33,0x11,0x23,0x15,
0x23,0x15,0x21,0x35,0x33,0x35,0x33,0x35,0x02,0x80,0x80,0x80,0x80,0xff,0x00,0x80,
0x80,0x01,0x00,0x80,0xff,0x00,0x80,0x80,0x80,0x80,0x80,0x00,0x00,0x01,0x00,0x00,
0xff,0x80,0x02,0x00,0x03,0x80,0x00,0x17,0x00,0x00,0x01,0x23,0x11,0x33,0x15,0x33,
0x15,0x33,0x15,0x21,0x35,0x23,0x35,0x23,0x11,0x33,0x35,0x33,0x35,0x21,0x15,0x23,
0x15,0x23,0x01,0x00,0x80,0x80,0x80,0x80,0xff,0x00,0x80,0x80,0x80,0x80,0x01,0x00,
0x80,0x80,0x02,0x00,0xff,0x00,0x80,0x80,0x80,0x80,0x80,0x02,0x00,0x80,0x80,0x80,
0x80,0x00,0x00,0x00,0x00,0x01,0x01,0x00,0xff,0x80,0x03,0x00,0x03,0x80,0x00,0x17,
0x00,0x00,0x01,0x15,0x33,0x11,0x23,0x15,0x23,0x15,0x21,0x35,0x33,0x35,0x33,0x35,
0x33,0x11,0x23,0x35,0x23,0x35,0x23,0x35,0x21,0x15,0x02,0x80,0x80,0x80,0x80,0xff,
0x00,0x80,0x80,0x80,0x80,0x80,0x80,0x01,0x00,0x03,0x00,0x80,0xfe,0x00,0x80,0x80,
0x80,0x80,0x80,0x01,0x00,0x80,0x80,0x80,0x80,0x00,0x00,0x00,0x00,0x01,0x00,0x00,
0xff,0x80,0x03,0x00,0x01,0x80,0x00,0x13,0x00,0x00,0x01,0x35,0x33,0x11,0x23,0x15,
0x23,0x15,0x21,0x35,0x23,0x35,0x23,0x11,0x33,0x15,0x33,0x15,0x21,0x35,0x02,0x80,
0x80,0x80,0x80,0xff,0x00,0x80,0x80,0x80,0x80,0x01,0x00,0x01,0x00,0x80,0xff,0x00,
0x80,0x80,0x80,0x80,0x01,0x00,0x80,0x80,0x80,0x00,0x00,0x00,0x00,0x01,0x00,0x00,
0x01,0x80,0x03,0x00,0x03,0x80,0x00,0x13,0x00,0x00,0x01,0x15,0x33,0x11,0x23,0x35,
0x23,0x35,0x21,0x15,0x23,0x15,0x23,0x11,0x33,0x35,0x33,0x35,0x21,0x15,0x02,0x80,
0x80,0x80,0x80,0xff,0x00,0x80,0x80,0x80,0x80,0x01,0x00,0x03,0x00,0x80,0xff,0x00,
0x80,0x80,0x80,0x80,0x01,0x00,0x80,0x80,0x80,0x00,0x00,0x00,0x00,0x02,0x00,0x00,
0xff,0x80,0x03,0x00,0x03,0x80,0x00,0x0d,0x00,0x1b,0x00,0x00,0x01,0x23,0x15,0x23,
0x15,0x23,0x11,0x33,0x35,0x33,0x35,0x21,0x15,0x23,0x01,0x35,0x33,0x11,0x23,0x15,
0x23,0x15,0x21,0x35,0x33,0x35,0x33,0x35,0x01,0x80,0x80,0x80,0x80,0x80,0x80,0x01,
0x00,0x80,0x01,0x00,0x80,0x80,0x80,0xff,0x00,0x80,0x80,0x02,0x80,0x80,0x80,0x01,
0x00,0x80,0x80,0x80,0xfe,0x00,0x80,0xff,0x00,0x80,0x80,0x80,0x80,0x80,0x00,0x00,
0x00,0x02,0x00,0x00,0xff,0x80,0x03,0x00,0x03,0x80,0x00,0x0d,0x00,0x1b,0x00,0x00,
0x01,0x15,0x33,0x11,0x23,0x35,0x23,0x35,0x23,0x35,0x23,0x35,0x21,0x15,0x01,0x33,
0x15,0x33,0x15,0x21,0x35,0x23,0x35,0x23,0x11,0x33,0x15,0x33,0x02,0x80,0x80,0x80,
0x80,0x80,0x80,0x01,0x00,0xff,0x00,0x80,0x80,0xff,0x00,0x80,0x80,0x80,0x80,0x03,
0x00,0x80,0xff,0x00,0x80,0x80,0x80,0x80,0x80,0xfd,0x80,0x80,0x80,0x80,0x80,0x01,
0x00,0x80,0x00,0x00,0x00,0x01,0x00,0x00,0xff,0x80,0x03,0x00,0x03,0x80,0x00,0x1d,
0x00,0x00,0x01,0x15,0x33,0x11,0x23,0x15,0x23,0x15,0x21,0x35,0x23,0x35,0x23,0x11,
0x33,0x15,0x33,0x15,0x21,0x35,0x33,0x11,0x23,0x35,0x23,0x35,0x23,0x35,0x21,0x15,
0x02,0x80,0x80,0x80,0x80,0xff,0x00,0x80,0x80,0x80,0x80,0x01,0x00,0x80,0x80,0x80,
0x80,0x01,0x00,0x03,0x00,0x80,0xfe,0x00,0x80,0x80,0x80,0x80,0x01,0x00,0x80,0x80,
0x80,0x01,0x00,0x80,0x80,0x80,0x80,0x00,0x00,0x01,0x00,0x00,0xff,0x80,0x03,0x00,
0x03,0x80,0x00,0x1d,0x00,0x00,0x01,0x35,0x33,0x11,0x23,0x15,0x23,0x15,0x21,0x35,
0x23,0x35,0x23,0x11,0x33,0x35,0x33,0x35,0x21,0x15,0x23,0x15,0x23,0x15,0x23,0x11,
0x33,0x15,0x21,0x35,0x02,0x80,0x80,0x80,0x80,0xff,0x00,0x80,0x80,0x80,0x80,0x01,
0x00,0x80,0x80,0x80,0x80,0x01,0x00,0x01,0x00,0x80,0xff,0x00,0x80,0x80,0x80,0x80,
0x02,0x00,0x80,0x80,0x80,0x80,0x80,0xff,0x00,0x80,0x80,0x00,0x00,0x01,0x00,0x00,
0xff,0x80,0x03,0x00,0x03,0x80,0x00,0x1d,0x00,0x00,0x01,0x15,0x33,0x11,0x23,0x15,
0x23,0x15,0x21,0x35,0x33,0x35,0x33,0x35,0x33,0x11,0x23,0x35,0x21,0x15,0x23,0x15,
0x23,0x11,0x33,0x35,0x33,0x35,0x21,0x15,0x02,0x80,0x80,0x80,0x80,0xff,0x00,0x80,
0x80,0x80,0x80,0xff,0x00,0x80,0x80,0x80,0x80,0x01,0x00,0x03,0x00,0x80,0xfe,0x00,
0x80,0x80,0x80,0x80,0x80,0x01,0x00,0x80,0x80,0x80,0x01,0x00,0x80,0x80,0x80,0x00,
0x00,0x01,0x00,0x00,0xff,0x80,0x03,0x00,0x03,0x80,0x00,0x1d,0x00,0x00,0x01,0x15,
0x33,0x11,0x23,0x35,0x23,0x35,0x21,0x15,0x23,0x11,0x33,0x15,0x33,0x15,0x33,0x15,
0x21,0x35,0x23,0x35,0x23,0x11,0x33,0x35,0x33,0x35,0x21,0x15,0x02,0x80,0x80,0x80,
0x80,0xff,0x00,0x80,0x80,0x80,0x80,0xff,0x00,0x80,0x80,0x80,0x80,0x01,0x00,0x03,
0x00,0x80,0xff,0x00,0x80,0x80,0x80,0xff,0x00,0x80,0x80,0x80,0x80,0x80,0x02,0x00,
0x80,0x80,0x80,0x00,0x00,0x02,0x00,0x00,0xff,0x80,0x03,0x00,0x03,0x80,0x00,0x13,
0x00,0x1f,0x00,0x00,0x01,0x15,0x33,0x11,0x23,0x15,0x23,0x15,0x21,0x35,0x23,0x35,
0x23,0x11,0x33,0x35,0x33,0x35,0x21,0x15,0x13,0x11,0x23,0x35,0x21,0x15,0x23,0x11,
0x33,0x15,0x21,0x35,0x02,0x80,0x80,0x80,0x80,0xff,0x00,0x80,0x80,0x80,0x80,0x01,
0x00,0x80,0x80,0xff,0x00,0x80,0x80,0x01,0x00,0x03,0x00,0x80,0xfe,0x00,0x80,0x80,
0x80,0x80,0x02,0x00,0x80,0x80,0x80,0xfe,0x00,0x01,0x00,0x80,0x80,0xff,0x00,0x80,
0x80,0x00,0x00,0x00,0x00,0x01,0x00,0x00,0x00,0x80,0x03,0x00,0x03,0x00,0x00,0x0b,
0x00,0x00,0x01,0x21,0x15,0x21,0x11,0x21,0x11,0x21,0x35,0x21,0x11,0x21,0x02,0x00,
0x01,0x00,0xff,0x00,0xff,0x00,0xff,0x00,0x01,0x00,0x01,0x00,0x02,0x00,0x80,0xff,
0x00,0x01,0x00,0x80,0x01,0x00,0x00,0x00,0x00,0x01,0x00,0x00,0x00,0x00,0x02,0x80,
0x03,0x80,0x00,0x0f,0x00,0x00,0x01,0x15,0x33,0x15,0x21,0x15,0x23,0x15,0x23,0x11,
0x33,0x15,0x33,0x15,0x33,0x15,0x02,0x00,0x80,0xfe,0x80,0x80,0x80,0x80,0x80,0x80,
0x02,0x00,0x80,0x80,0x80,0x80,0x03,0x80,0x80,0x80,0x80,0x00,0x00,0x02,0x00,0x00,
0xff,0x80,0x03,0x00,0x03,0x80,0x00,0x0d,0x00,0x17,0x00,0x00,0x01,0x33,0x11,0x21,
0x11,0x33,0x15,0x33,0x35,0x33,0x11,0x33,0x11,0x33,0x01,0x11,0x23,0x35,0x23,0x11,
0x21,0x11,0x23,0x11,0x02,0x80,0x80,0xfd,0x00,0x80,0x80,0x80,0x80,0x80,0xfe,0x80,
0x80,0x80,0x02,0x00,0x80,0x03,0x80,0xfc,0x00,0x01,0x00,0x80,0x80,0x01,0x00,0x01,
0x00,0xff,0x00,0xff,0x00,0x80,0x02,0x80,0xff,0x00,0xff,0x00,0x00,0x02,0x00,0x00,
0xff,0x80,0x03,0x00,0x03,0x80,0x00,0x17,0x00,0x1b,0x00,0x00,0x01,0x15,0x23,0x15,
0x33,0x15,0x23,0x11,0x21,0x15,0x23,0x35,0x23,0x35,0x21,0x35,0x23,0x11,0x23,0x35,
0x21,0x11,0x21,0x11,0x01,0x11,0x33,0x11,0x03,0x00,0x80,0x80,0x80,0xfe,0x80,0x80,
0x80,0x01,0x80,0x80,0x80,0x01,0x00,0x01,0x00,0xfd,0x80,0x80,0x02,0x80,0x80,0x80,
0x80,0xff,0x00,0x80,0x80,0x80,0x80,0x01,0x00,0x80,0x01,0x00,0xff,0x00,0xfe,0x80,
0x01,0x00,0xff,0x00,0x00,0x05,0x00,0x00,0x00,0x00,0x02,0x80,0x03,0x00,0x00,0x03,
0x00,0x07,0x00,0x0b,0x00,0x0f,0x00,0x13,0x00,0x00,0x01,0x33,0x15,0x23,0x31,0x15,
0x21,0x35,0x11,0x21,0x15,0x21,0x05,0x35,0x33,0x15,0x31,0x21,0x15,0x21,0x01,0x00,
0x80,0x80,0xff,0x00,0x01,0x00,0xff,0x00,0x01,0x00,0x80,0x01,0x00,0xff,0x00,0x03,
0x00,0x80,0x80,0x80,0xff,0x00,0x80,0x80,0x80,0x80,0x80,0x00,0x00,0x02,0x00,0x00,
0xff,0x80,0x03,0x00,0x03,0x80,0x00,0x03,0x00,0x11,0x00,0x00,0x01,0x11,0x21,0x11,
0x05,0x23,0x11,0x23,0x35,0x23,0x15,0x23,0x15,0x33,0x15,0x33,0x35,0x21,0x03,0x00,
0xfd,0x00,0x02,0x80,0x80,0x80,0x80,0x80,0x80,0x80,0x01,0x00,0x03,0x80,0xfc,0x00,
0x04,0x00,0x80,0xfe,0x00,0x80,0x80,0x80,0x80,0x80,0x00,0x00,0x00,0x05,0x00,0x00,
0xff,0x80,0x03,0x00,0x03,0x80,0x00,0x03,0x00,0x17,0x00,0x1b,0x00,0x1f,0x00,0x23,
0x00,0x00,0x11,0x33,0x15,0x23,0x01,0x21,0x15,0x21,0x11,0x23,0x35,0x23,0x35,0x23,
0x35,0x23,0x35,0x33,0x35,0x33,0x35,0x33,0x35,0x33,0x17,0x35,0x33,0x15,0x01,0x35,
0x21,0x15,0x21,0x23,0x35,0x33,0x80,0x80,0x02,0x00,0x01,0x00,0xff,0x00,0x80,0x80,
0x80,0x80,0x80,0x80,0x80,0x80,0x80,0x80,0xfd,0x00,0x01,0x00,0x02,0x00,0x80,0x80,
0x03,0x80,0x80,0xff,0x00,0x80,0xfe,0x80,0x80,0x80,0x80,0x80,0x80,0x80,0x80,0x80,
0x80,0x80,0xfc,0x80,0x80,0x80,0x80,0x00,0x00,0x05,0x00,0x00,0xff,0x80,0x03,0x00,
0x03,0x80,0x00,0x03,0x00,0x17,0x00,0x1b,0x00,0x1f,0x00,0x23,0x00,0x00,0x11,0x33,
0x15,0x23,0x05,0x33,0x15,0x33,0x15,0x23,0x15,0x23,0x15,0x23,0x15,0x23,0x11,0x21,
0x35,0x21,0x11,0x33,0x15,0x3b,0x01,0x35,0x33,0x15,0x01,0x23,0x35,0x33,0x05,0x35,
0x21,0x15,0x80,0x80,0x02,0x00,0x80,0x80,0x80,0x80,0x80,0x80,0xff,0x00,0x01,0x00,
0x80,0x80,0x80,0x80,0xfd,0x80,0x80,0x80,0x01,0x80,0x01,0x00,0x03,0x80,0x80,0x80,
0x80,0x80,0x80,0x80,0x80,0x01,0x80,0x80,0x01,0x80,0x80,0x80,0x80,0xfc,0x80,0x80,
0x80,0x80,0x80,0x00,0x00,0x03,0x00,0x00,0xff,0x80,0x03,0x00,0x03,0x80,0x00,0x03,
0x00,0x13,0x00,0x17,0x00,0x00,0x01,0x33,0x11,0x23,0x1d,0x01,0x23,0x15,0x23,0x15,
0x23,0x35,0x23,0x35,0x23,0x35,0x21,0x11,0x33,0x11,0x01,0x23,0x35,0x33,0x02,0x80,
0x80,0x80,0x80,0x80,0x80,0x80,0x80,0x01,0x00,0x80,0x01,0x80,0x80,0x80,0x03,0x80,
0xfe,0x00,0x80,0x80,0x80,0x80,0x80,0x80,0x80,0x02,0x00,0xfe,0x00,0xfe,0x80,0x80,
0x00,0x03,0x00,0x00,0xff,0x80,0x03,0x00,0x03,0x80,0x00,0x0f,0x00,0x13,0x00,0x17,
0x00,0x00,0x01,0x33,0x15,0x21,0x11,0x23,0x11,0x21,0x35,0x33,0x35,0x33,0x35,0x33,
0x15,0x3b,0x01,0x35,0x33,0x15,0x03,0x33,0x11,0x23,0x02,0x00,0x80,0xff,0x00,0x80,
0xff,0x00,0x80,0x80,0x80,0x80,0x80,0x80,0x80,0x80,0x80,0x02,0x80,0x80,0xfe,0x00,
0x02,0x00,0x80,0x80,0x80,0x80,0x80,0x80,0xfe,0x80,0xfe,0x00,0x00,0x05,0x00,0x00,
0x00,0x00,0x03,0x00,0x03,0x00,0x00,0x03,0x00,0x07,0x00,0x0b,0x00,0x11,0x00,0x15,
0x00,0x00,0x01,0x21,0x15,0x21,0x15,0x23,0x35,0x33,0x05,0x35,0x33,0x15,0x21,0x33,
0x11,0x21,0x15,0x21,0x01,0x15,0x23,0x35,0x01,0x00,0x01,0x00,0xff,0x00,0x80,0x80,
0x01,0x00,0x80,0xfd,0x80,0x80,0x02,0x80,0xfd,0x00,0x03,0x00,0x80,0x03,0x00,0x80,
0x80,0x80,0x80,0x80,0x80,0xfe,0x80,0x80,0x02,0x00,0x80,0x80,0x00,0x03,0x00,0x00,
0x00,0x00,0x03,0x00,0x02,0x80,0x00,0x03,0x00,0x07,0x00,0x0d,0x00,0x00,0x01,0x15,
0x21,0x35,0x01,0x35,0x33,0x15,0x31,0x33,0x11,0x21,0x35,0x21,0x02,0x00,0xfe,0x00,
0x02,0x00,0x80,0x80,0xfd,0x00,0x02,0x80,0x02,0x80,0x80,0x80,0xff,0x00,0x80,0x80,
0xfe,0x80,0x80,0x00,0x00,0x04,0x00,0x00,0xff,0x80,0x02,0x80,0x03,0x00,0x00,0x05,
0x00,0x0b,0x00,0x11,0x00,0x17,0x00,0x00,0x13,0x11,0x33,0x11,0x21,0x35,0x21,0x33,
0x15,0x21,0x11,0x33,0x01,0x35,0x21,0x11,0x23,0x11,0x25,0x21,0x15,0x23,0x11,0x23,
0x80,0x80,0xff,0x00,0x02,0x00,0x80,0xff,0x00,0x80,0xfe,0x00,0x01,0x00,0x80,0x01,
0x00,0x01,0x00,0x80,0x80,0x02,0x00,0x01,0x00,0xfe,0x80,0x80,0x80,0x01,0x80,0xfd,
0x80,0x80,0xfe,0x80,0x01,0x00,0x80,0x80,0xff,0x00,0x00,0x00,0x00,0x02,0x00,0x00,
0xff,0x80,0x03,0x00,0x03,0x80,0x00,0x07,0x00,0x0b,0x00,0x00,0x01,0x11,0x21,0x35,
0x21,0x11,0x21,0x35,0x01,0x21,0x11,0x21,0x03,0x00,0xfd,0x00,0x02,0x80,0xfd,0x80,
0x02,0x00,0xff,0x00,0x01,0x00,0x03,0x80,0xfc,0x00,0x80,0x03,0x00,0x80,0xfd,0x80,
0x01,0x00,0x00,0x00,0x00,0x04,0x00,0x00,0x00,0x00,0x03,0x00,0x03,0x00,0x00,0x07,
0x00,0x0f,0x00,0x17,0x00,0x1f,0x00,0x00,0x01,0x35,0x23,0x35,0x21,0x15,0x23,0x15,
0x01,0x23,0x15,0x23,0x11,0x33,0x15,0x33,0x21,0x35,0x33,0x11,0x23,0x35,0x23,0x19,
0x01,0x15,0x33,0x15,0x21,0x35,0x33,0x35,0x01,0x00,0x80,0x02,0x00,0x80,0xff,0x00,
0x80,0x80,0x80,0x80,0x01,0x80,0x80,0x80,0x80,0x80,0xfe,0x00,0x80,0x02,0x00,0x80,
0x80,0x80,0x80,0xff,0x00,0x80,0x02,0x00,0x80,0x80,0xfe,0x00,0x80,0x01,0x00,0xff,
0x00,0x80,0x80,0x80,0x80,0x00,0x00,0x00,0x00,0x02,0x00,0x00,0xff,0x80,0x03,0x00,
0x03,0x80,0x00,0x0b,0x00,0x11,0x00,0x00,0x01,0x11,0x23,0x15,0x23,0x15,0x23,0x15,
0x23,0x15,0x21,0x11,0x01,0x33,0x35,0x33,0x11,0x21,0x03,0x00,0x80,0x80,0x80,0x80,
0xff,0x00,0x02,0x00,0x80,0x80,0xff,0x00,0x03,0x80,0xfe,0x00,0x80,0x80,0x80,0x80,
0x04,0x00,0xfc,0x80,0x80,0xff,0x00,0x00,0x00,0x05,0x00,0x00,0xff,0x80,0x03,0x00,
0x03,0x80,0x00,0x05,0x00,0x0b,0x00,0x17,0x00,0x1d,0x00,0x23,0x00,0x00,0x01,0x23,
0x15,0x23,0x11,0x29,0x02,0x11,0x23,0x35,0x23,0x13,0x23,0x15,0x21,0x35,0x23,0x11,
0x33,0x35,0x21,0x15,0x33,0x01,0x33,0x15,0x33,0x15,0x21,0x25,0x33,0x35,0x33,0x11,
0x21,0x01,0x00,0x80,0x80,0x01,0x00,0x01,0x00,0x01,0x00,0x80,0x80,0x80,0x80,0xff,
0x00,0x80,0x80,0x01,0x00,0x80,0xfd,0x80,0x80,0x80,0xff,0x00,0x02,0x00,0x80,0x80,
0xff,0x00,0x03,0x00,0x80,0x01,0x00,0xff,0x00,0x80,0xfe,0x00,0x80,0x80,0x01,0x00,
0x80,0x80,0xfe,0x80,0x80,0x80,0x80,0x80,0xff,0x00,0x00,0x00,0x00,0x0c,0x00,0x00,
0xff,0x80,0x03,0x00,0x03,0x80,0x00,0x03,0x00,0x07,0x00,0x0b,0x00,0x0f,0x00,0x13,
0x00,0x17,0x00,0x1b,0x00,0x1f,0x00,0x23,0x00,0x27,0x00,0x2b,0x00,0x2f,0x00,0x00,
0x13,0x33,0x15,0x23,0x25,0x33,0x15,0x23,0x21,0x33,0x11,0x23,0x25,0x21,0x35,0x21,
0x3b,0x01,0x11,0x23,0x21,0x11,0x23,0x11,0x01,0x11,0x33,0x11,0x21,0x33,0x11,0x23,
0x21,0x23,0x11,0x33,0x05,0x21,0x15,0x21,0x15,0x23,0x35,0x33,0x05,0x23,0x35,0x33,
0x80,0x80,0x80,0x01,0x80,0x80,0x80,0xfe,0x00,0x80,0x80,0x02,0x00,0xff,0x00,0x01,
0x00,0x80,0x80,0x80,0xfe,0x80,0x80,0x01,0x80,0x80,0xfd,0x80,0x80,0x80,0x03,0x00,
0x80,0x80,0xfe,0x00,0x01,0x00,0xff,0x00,0x80,0x80,0x01,0x80,0x80,0x80,0x03,0x80,
0x80,0x80,0x80,0xff,0x00,0x80,0x80,0xff,0x00,0xff,0x00,0x01,0x00,0xff,0x00,0x01,
0x00,0xff,0x00,0xff,0x00,0x01,0x00,0x80,0x80,0x80,0x80,0x80,0x80,0x00,0x00,0x00,
0x00,0x04,0x00,0x00,0xff,0x80,0x03,0x00,0x03,0x80,0x00,0x0d,0x00,0x11,0x00,0x17,
0x00,0x1b,0x00,0x00,0x25,0x33,0x15,0x21,0x15,0x21,0x35,0x23,0x15,0x23,0x11,0x33,
0x15,0x33,0x31,0x35,0x21,0x15,0x11,0x23,0x15,0x23,0x11,0x21,0x01,0x11,0x23,0x11,
0x01,0x00,0x80,0x01,0x80,0xfe,0x00,0x80,0x80,0x80,0x80,0x02,0x00,0x80,0x80,0x01,
0x00,0xff,0x00,0x80,0x80,0x80,0x80,0x80,0x80,0x04,0x00,0x80,0x80,0x80,0xff,0x00,
0x80,0x01,0x00,0xff,0x00,0xff,0x00,0x01,0x00,0x00,0x00,0x00,0x00,0x05,0x00,0x00,
0xff,0x80,0x03,0x00,0x03,0x80,0x00,0x07,0x00,0x0f,0x00,0x13,0x00,0x19,0x00,0x1d,
0x00,0x00,0x01,0x21,0x15,0x23,0x35,0x21,0x35,0x21,0x01,0x35,0x21,0x15,0x23,0x15,
0x21,0x35,0x05,0x15,0x23,0x35,0x15,0x11,0x23,0x35,0x21,0x35,0x01,0x15,0x21,0x35,
0x03,0x00,0xff,0x00,0x80,0xfe,0x80,0x03,0x00,0xff,0x00,0x01,0x00,0x80,0xfd,0x80,
0x03,0x00,0x80,0x80,0xfe,0x00,0x02,0x00,0xfe,0x00,0x03,0x00,0x80,0x80,0x80,0xfe,
0x80,0x80,0x80,0x80,0x80,0x80,0x80,0x80,0x80,0xff,0x00,0x80,0x80,0xff,0x00,0x80,
0x80,0x00,0x00,0x00,0x00,0x03,0x00,0x00,0x02,0x00,0x02,0x00,0x03,0x80,0x00,0x03,
0x00,0x07,0x00,0x0b,0x00,0x00,0x01,0x15,0x21,0x35,0x01,0x35,0x33,0x15,0x29,0x01,
0x15,0x21,0x01,0x80,0xfe,0x80,0x01,0x80,0x80,0xfe,0x00,0x01,0x80,0xfe,0x80,0x03,
0x80,0x80,0x80,0xff,0x00,0x80,0x80,0x80,0x00,0x03,0x00,0x00,0xff,0x80,0x03,0x00,
0x03,0x80,0x00,0x03,0x00,0x11,0x00,0x15,0x00,0x00,0x01,0x11,0x21,0x11,0x01,0x33,
0x35,0x23,0x35,0x21,0x15,0x21,0x15,0x21,0x11,0x33,0x35,0x33,0x01,0x15,0x33,0x35,
0x03,0x00,0xfd,0x00,0x02,0x00,0x80,0x80,0xfe,0x80,0x01,0x80,0xff,0x00,0x80,0x80,
0xff,0x00,0x80,0x03,0x80,0xfc,0x00,0x04,0x00,0xfe,0x80,0x80,0x80,0x80,0x80,0xff,
0x00,0x80,0xff,0x00,0x80,0x80,0x00,0x00,0x00,0x05,0x00,0x00,0x00,0x00,0x02,0x80,
0x03,0x80,0x00,0x0f,0x00,0x13,0x00,0x17,0x00,0x1b,0x00,0x1f,0x00,0x00,0x01,0x21,
0x15,0x23,0x35,0x21,0x35,0x21,0x35,0x23,0x11,0x21,0x11,0x23,0x15,0x21,0x01,0x23,
0x35,0x33,0x21,0x15,0x23,0x35,0x01,0x23,0x35,0x33,0x21,0x15,0x23,0x35,0x02,0x80,
0xff,0x00,0x80,0xff,0x00,0x01,0x00,0x80,0x01,0x80,0x80,0x01,0x00,0xfe,0x80,0x80,
0x80,0x01,0x00,0x80,0xff,0x00,0x80,0x80,0x02,0x00,0x80,0x01,0x80,0x80,0x80,0x80,
0x80,0x01,0x00,0xff,0x00,0x80,0xfe,0x80,0x80,0x80,0x80,0xff,0x00,0x80,0x80,0x80,
0x00,0x05,0x00,0x00,0x00,0x00,0x02,0x80,0x03,0x80,0x00,0x0f,0x00,0x13,0x00,0x17,
0x00,0x1b,0x00,0x1f,0x00,0x00,0x01,0x23,0x15,0x33,0x15,0x23,0x15,0x23,0x35,0x23,
0x35,0x33,0x35,0x23,0x11,0x21,0x01,0x35,0x33,0x15,0x21,0x35,0x33,0x15,0x01,0x11,
0x33,0x11,0x21,0x23,0x11,0x33,0x02,0x00,0x80,0x80,0x80,0x80,0x80,0x80,0x80,0x01,
0x80,0xfe,0x00,0x80,0x01,0x80,0x80,0xfe,0x00,0x80,0x01,0x00,0x80,0x80,0x02,0x80,
0x80,0x80,0x80,0x80,0x80,0x80,0x01,0x00,0xfe,0x80,0x80,0x80,0x80,0x80,0xfe,0x00,
0x01,0x00,0xff,0x00,0x01,0x00,0x00,0x00,0x00,0x06,0x00,0x00,0x00,0x00,0x02,0x80,
0x03,0x80,0x00,0x0f,0x00,0x13,0x00,0x17,0x00,0x1b,0x00,0x1f,0x00,0x23,0x00,0x00,
0x01,0x15,0x23,0x15,0x23,0x35,0x23,0x35,0x33,0x35,0x23,0x11,0x21,0x11,0x23,0x15,
0x25,0x15,0x23,0x35,0x01,0x35,0x33,0x15,0x19,0x01,0x33,0x11,0x01,0x15,0x23,0x35,
0x05,0x15,0x23,0x35,0x02,0x00,0x80,0x80,0x80,0x80,0x80,0x01,0x80,0x80,0x01,0x00,
0x80,0xfe,0x00,0x80,0x80,0x01,0x00,0x80,0x01,0x00,0x80,0x02,0x00,0x80,0x80,0x80,
0x80,0x80,0x01,0x00,0xff,0x00,0x80,0x80,0x80,0x80,0xfe,0x80,0x80,0x80,0xff,0x00,
0x01,0x00,0xff,0x00,0x01,0x00,0x80,0x80,0x80,0x80,0x80,0x00,0x00,0x06,0x00,0x00,
0x00,0x00,0x02,0x80,0x03,0x80,0x00,0x0f,0x00,0x13,0x00,0x17,0x00,0x1b,0x00,0x1f,
0x00,0x23,0x00,0x00,0x01,0x15,0x23,0x15,0x23,0x35,0x23,0x35,0x33,0x35,0x23,0x11,
0x21,0x11,0x23,0x15,0x21,0x35,0x33,0x15,0x01,0x35,0x33,0x15,0x05,0x23,0x35,0x33,
0x13,0x11,0x33,0x11,0x21,0x23,0x35,0x33,0x02,0x00,0x80,0x80,0x80,0x80,0x80,0x01,
0x80,0x80,0xfe,0x80,0x80,0x01,0x80,0x80,0xfe,0x80,0x80,0x80,0x80,0x80,0xfe,0x80,
0x80,0x80,0x02,0x00,0x80,0x80,0x80,0x80,0x80,0x01,0x00,0xff,0x00,0x80,0x80,0x80,
0xff,0x00,0x80,0x80,0x80,0x80,0xff,0x00,0x01,0x00,0xff,0x00,0x80,0x00,0x00,0x00,
0x00,0x02,0x00,0x00,0x00,0x00,0x02,0x80,0x03,0x80,0x00,0x1b,0x00,0x1f,0x00,0x00,
0x01,0x15,0x23,0x15,0x33,0x15,0x23,0x15,0x23,0x35,0x23,0x15,0x23,0x35,0x23,0x35,
0x33,0x35,0x23,0x35,0x21,0x35,0x23,0x11,0x21,0x11,0x23,0x15,0x03,0x33,0x35,0x23,
0x02,0x80,0x80,0x80,0x80,0x80,0x80,0x80,0x80,0x80,0x80,0x01,0x00,0x80,0x01,0x80,
0x80,0x80,0x80,0x80,0x02,0x00,0x80,0x80,0x80,0x80,0x80,0x80,0x80,0x80,0x80,0x80,
0x80,0x01,0x00,0xff,0x00,0x80,0xff,0x00,0x80,0x00,0x00,0x00,0x00,0x06,0x00,0x00,
0x00,0x00,0x02,0x80,0x03,0x80,0x00,0x03,0x00,0x07,0x00,0x0b,0x00,0x13,0x00,0x1b,
0x00,0x1f,0x00,0x00,0x01,0x33,0x15,0x2b,0x01,0x33,0x15,0x23,0x25,0x15,0x23,0x35,
0x01,0x33,0x15,0x23,0x15,0x23,0x11,0x33,0x21,0x33,0x11,0x23,0x35,0x23,0x35,0x33,
0x21,0x35,0x33,0x15,0x01,0x00,0x80,0x80,0x80,0x80,0x80,0x01,0x80,0x80,0xff,0x00,
0x80,0x80,0x80,0x80,0x01,0x80,0x80,0x80,0x80,0x80,0xff,0x00,0x80,0x03,0x80,0x80,
0x80,0x80,0x80,0x80,0xfe,0x00,0x80,0x80,0x02,0x80,0xfd,0x80,0x80,0x80,0x80,0x80,
0x00,0x06,0x00,0x00,0x00,0x00,0x02,0x80,0x03,0x80,0x00,0x03,0x00,0x07,0x00,0x0b,
0x00,0x0f,0x00,0x13,0x00,0x17,0x00,0x00,0x01,0x15,0x21,0x35,0x03,0x11,0x33,0x11,
0x01,0x33,0x11,0x23,0x05,0x33,0x11,0x23,0x21,0x11,0x33,0x11,0x29,0x01,0x15,0x21,
0x02,0x00,0xfe,0x80,0x80,0x80,0x01,0x80,0x80,0x80,0xfe,0x00,0x80,0x80,0x02,0x00,
0x80,0xfe,0x00,0x01,0x80,0xfe,0x80,0x03,0x80,0x80,0x80,0xfe,0x80,0x01,0x00,0xff,
0x00,0x01,0x00,0xff,0x00,0x80,0xff,0x00,0x01,0x00,0xff,0x00,0x80,0x00,0x00,0x00,
0x00,0x02,0x02,0x00,0x00,0x00,0x02,0x80,0x03,0x80,0x00,0x03,0x00,0x07,0x00,0x00,
0x01,0x33,0x11,0x23,0x15,0x33,0x11,0x23,0x02,0x00,0x80,0x80,0x80,0x80,0x03,0x80,
0xfe,0x80,0x80,0xfe,0x80,0x00,0x00,0x00,0x00,0x05,0x00,0x00,0x00,0x00,0x02,0x80,
0x03,0x80,0x00,0x03,0x00,0x07,0x00,0x0b,0x00,0x0f,0x00,0x13,0x00,0x00,0x01,0x15,
0x21,0x35,0x05,0x33,0x11,0x23,0x29,0x01,0x15,0x21,0x03,0x11,0x33,0x11,0x15,0x35,
0x21,0x15,0x02,0x00,0xfe,0x80,0x01,0x80,0x80,0x80,0xfe,0x80,0x01,0x80,0xfe,0x80,
0x80,0x80,0x01,0x80,0x03,0x80,0x80,0x80,0x80,0xff,0x00,0x80,0xff,0x00,0x01,0x00,
0xff,0x00,0x80,0x80,0x80,0x00,0x00,0x00,0x00,0x05,0x00,0x80,0x00,0x00,0x02,0x80,
0x03,0x80,0x00,0x03,0x00,0x07,0x00,0x0b,0x00,0x0f,0x00,0x13,0x00,0x00,0x01,0x15,
0x21,0x35,0x05,0x33,0x11,0x23,0x29,0x01,0x15,0x21,0x01,0x23,0x11,0x33,0x01,0x21,
0x15,0x21,0x02,0x00,0xfe,0x80,0x01,0x80,0x80,0x80,0xfe,0x80,0x01,0x80,0xfe,0x80,
0x02,0x00,0x80,0x80,0xfe,0x00,0x01,0x80,0xfe,0x80,0x03,0x80,0x80,0x80,0x80,0xff,
0x00,0x80,0xff,0x00,0x01,0x00,0xff,0x00,0x80,0x00,0x00,0x00,0x00,0x04,0x00,0x00,
0x00,0x00,0x02,0x80,0x03,0x80,0x00,0x03,0x00,0x07,0x00,0x0b,0x00,0x0f,0x00,0x00,
0x13,0x11,0x23,0x11,0x21,0x33,0x11,0x23,0x29,0x01,0x15,0x21,0x01,0x11,0x33,0x11,
0x80,0x80,0x02,0x00,0x80,0x80,0xfe,0x80,0x01,0x80,0xfe,0x80,0x01,0x80,0x80,0x03,
0x80,0xfe,0x80,0x01,0x80,0xfe,0x80,0x80,0xfe,0x80,0x01,0x80,0xfe,0x80,0x00,0x00,
0x00,0x05,0x00,0x00,0x00,0x00,0x02,0x80,0x03,0x80,0x00,0x03,0x00,0x07,0x00,0x0b,
0x00,0x0f,0x00,0x13,0x00,0x00,0x01,0x21,0x35,0x21,0x05,0x33,0x11,0x23,0x21,0x15,
0x21,0x35,0x05,0x33,0x11,0x23,0x29,0x01,0x15,0x21,0x02,0x00,0xfe,0x80,0x01,0x80,
0xfe,0x00,0x80,0x80,0x02,0x00,0xfe,0x80,0x01,0x80,0x80,0x80,0xfe,0x80,0x01,0x80,
0xfe,0x80,0x03,0x00,0x80,0x80,0xff,0x00,0x80,0x80,0x80,0xff,0x00,0x80,0x00,0x00,
0x00,0x06,0x00,0x00,0x00,0x00,0x02,0x80,0x03,0x80,0x00,0x03,0x00,0x07,0x00,0x0b,
0x00,0x0f,0x00,0x13,0x00,0x17,0x00,0x00,0x01,0x21,0x35,0x21,0x05,0x33,0x11,0x23,
0x05,0x21,0x35,0x21,0x05,0x33,0x11,0x23,0x01,0x33,0x11,0x23,0x29,0x01,0x15,0x21,
0x02,0x00,0xfe,0x80,0x01,0x80,0xfe,0x00,0x80,0x80,0x02,0x00,0xfe,0x80,0x01,0x80,
0xfe,0x00,0x80,0x80,0x02,0x00,0x80,0x80,0xfe,0x80,0x01,0x80,0xfe,0x80,0x03,0x00,
0x80,0x80,0xff,0x00,0x80,0x80,0x80,0xff,0x00,0x01,0x00,0xff,0x00,0x80,0x00,0x00,
0x00,0x03,0x00,0x80,0x00,0x00,0x02,0x80,0x03,0x80,0x00,0x03,0x00,0x07,0x00,0x0b,
0x00,0x00,0x01,0x15,0x21,0x35,0x05,0x33,0x11,0x23,0x15,0x33,0x11,0x23,0x02,0x00,
0xfe,0x80,0x01,0x80,0x80,0x80,0x80,0x80,0x03,0x80,0x80,0x80,0x80,0xff,0x00,0x80,
0xfe,0x80,0x00,0x00,0x00,0x07,0x00,0x00,0x00,0x00,0x02,0x80,0x03,0x80,0x00,0x03,
0x00,0x07,0x00,0x0b,0x00,0x0f,0x00,0x13,0x00,0x17,0x00,0x1b,0x00,0x00,0x01,0x21,
0x35,0x21,0x05,0x33,0x11,0x23,0x01,0x33,0x11,0x23,0x29,0x01,0x15,0x21,0x23,0x33,
0x11,0x23,0x21,0x23,0x11,0x33,0x01,0x21,0x15,0x21,0x02,0x00,0xfe,0x80,0x01,0x80,
0xfe,0x00,0x80,0x80,0x02,0x00,0x80,0x80,0xfe,0x80,0x01,0x80,0xfe,0x80,0x80,0x80,
0x80,0x02,0x80,0x80,0x80,0xfe,0x00,0x01,0x80,0xfe,0x80,0x03,0x00,0x80,0x80,0xff,
0x00,0x01,0x00,0xff,0x00,0x80,0xff,0x00,0x01,0x00,0xff,0x00,0x80,0x00,0x00,0x00,
0x00,0x06,0x00,0x00,0x00,0x00,0x02,0x80,0x03,0x80,0x00,0x03,0x00,0x07,0x00,0x0b,
0x00,0x0f,0x00,0x13,0x00,0x17,0x00,0x00,0x01,0x21,0x35,0x21,0x05,0x33,0x11,0x23,
0x01,0x33,0x11,0x23,0x29,0x01,0x15,0x21,0x01,0x23,0x11,0x33,0x01,0x21,0x15,0x21,
0x02,0x00,0xfe,0x80,0x01,0x80,0xfe,0x00,0x80,0x80,0x02,0x00,0x80,0x80,0xfe,0x80,
0x01,0x80,0xfe,0x80,0x02,0x00,0x80,0x80,0xfe,0x00,0x01,0x80,0xfe,0x80,0x03,0x00,
0x80,0x80,0xff,0x00,0x01,0x00,0xff,0x00,0x80,0xff,0x00,0x01,0x00,0xff,0x00,0x80,
0x00,0x00,0x00,0x18,0x01,0x26,0x00,0x01,0x00,0x00,0x00,0x00,0x00,0x00,0x00,0x20,
0x00,0x42,0x00,0x01,0x00,0x00,0x00,0x00,0x00,0x01,0x00,0x05,0x00,0x6f,0x00,0x01,
0x00,0x00,0x00,0x00,0x00,0x02,0x00,0x07,0x00,0x85,0x00,0x01,0x00,0x00,0x00,0x00,
0x00,0x03,0x00,0x18,0x00,0xbf,0x00,0x01,0x00,0x00,0x00,0x00,0x00,0x04,0x00,0x0d,
0x00,0xf4,0x00,0x01,0x00,0x00,0x00,0x00,0x00,0x05,0x00,0x32,0x01,0x68,0x00,0x01,
0x00,0x00,0x00,0x00,0x00,0x06,0x00,0x0d,0x01,0xb7,0x00,0x01,0x00,0x00,0x00,0x00,
0x00,0x08,0x00,0x0a,0x01,0xdb,0x00,0x01,0x00,0x00,0x00,0x00,0x00,0x09,0x00,0x0b,
0x01,0xfe,0x00,0x01,0x00,0x00,0x00,0x00,0x00,0x0b,0x00,0x12,0x02,0x30,0x00,0x01,
0x00,0x00,0x00,0x00,0x00,0x0c,0x00,0x0e,0x02,0x61,0x00,0x01,0x00,0x00,0x00,0x00,
0x00,0x0d,0x00,0x11,0x02,0x94,0x00,0x03,0x00,0x01,0x04,0x09,0x00,0x00,0x00,0x40,
0x00,0x00,0x00,0x03,0x00,0x01,0x04,0x09,0x00,0x01,0x00,0x0a,0x00,0x63,0x00,0x03,
0x00,0x01,0x04,0x09,0x00,0x02,0x00,0x0e,0x00,0x75,0x00,0x03,0x00,0x01,0x04,0x09,
0x00,0x03,0x00,0x30,0x00,0x8d,0x00,0x03,0x00,0x01,0x04,0x09,0x00,0x04,0x00,0x1a,
0x00,0xd8,0x00,0x03,0x00,0x01,0x04,0x09,0x00,0x05,0x00,0x64,0x01,0x02,0x00,0x03,
0x00,0x01,0x04,0x09,0x00,0x06,0x00,0x1a,0x01,0x9b,0x00,0x03,0x00,0x01,0x04,0x09,
0x00,0x08,0x00,0x14,0x01,0xc5,0x00,0x03,0x00,0x01,0x04,0x09,0x00,0x09,0x00,0x16,
0x01,0xe6,0x00,0x03,0x00,0x01,0x04,0x09,0x00,0x0b,0x00,0x24,0x02,0x0a,0x00,0x03,
0x00,0x01,0x04,0x09,0x00,0x0c,0x00,0x1c,0x02,0x43,0x00,0x03,0x00,0x01,0x04,0x09,
0x00,0x0d,0x00,0x22,0x02,0x70,0x00,0x43,0x00,0x6f,0x00,0x70,0x00,0x79,0x00,0x72,
0x00,0x69,0x00,0x67,0x00,0x68,0x00,0x74,0x00,0x20,0x00,0xa9,0x00,0x20,0x00,0x32,
0x00,0x30,0x00,0x32,0x00,0x34,0x00,0x20,0x00,0x62,0x00,0x79,0x00,0x20,0x00,0x44,
0x00,0x61,0x00,0x6d,0x00,0x69,0x00,0x61,0x00,0x6e,0x00,0x20,0x00,0x56,0x00,0x69,
0x00,0x6c,0x00,0x61,0x00,0x2e,0x00,0x00,0x43,0x6f,0x70,0x79,0x72,0x69,0x67,0x68,
0x74,0x20,0xa9,0x20,0x32,0x30,0x32,0x34,0x20,0x62,0x79,0x20,0x44,0x61,0x6d,0x69,
0x61,0x6e,0x20,0x56,0x69,0x6c,0x61,0x2e,0x00,0x00,0x4c,0x00,0x65,0x00,0x78,0x00,
0x69,0x00,0x73,0x00,0x00,0x4c,0x65,0x78,0x69,0x73,0x00,0x00,0x52,0x00,0x65,0x00,
0x67,0x00,0x75,0x00,0x6c,0x00,0x61,0x00,0x72,0x00,0x00,0x52,0x65,0x67,0x75,0x6c,
0x61,0x72,0x00,0x00,0x32,0x00,0x2e,0x00,0x30,0x00,0x30,0x00,0x30,0x00,0x3b,0x00,
0x55,0x00,0x4b,0x00,0x57,0x00,0x4e,0x00,0x3b,0x00,0x4c,0x00,0x65,0x00,0x78,0x00,
0x69,0x00,0x73,0x00,0x2d,0x00,0x52,0x00,0x65,0x00,0x67,0x00,0x75,0x00,0x6c,0x00,
0x61,0x00,0x72,0x00,0x00,0x32,0x2e,0x30,0x30,0x30,0x3b,0x55,0x4b,0x57,0x4e,0x3b,
0x4c,0x65,0x78,0x69,0x73,0x2d,0x52,0x65,0x67,0x75,0x6c,0x61,0x72,0x00,0x00,0x4c,
0x00,0x65,0x00,0x78,0x00,0x69,0x00,0x73,0x00,0x20,0x00,0x52,0x00,0x65,0x00,0x67,
0x00,0x75,0x00,0x6c,0x00,0x61,0x00,0x72,0x00,0x00,0x4c,0x65,0x78,0x69,0x73,0x20,
0x52,0x65,0x67,0x75,0x6c,0x61,0x72,0x00,0x00,0x56,0x00,0x65,0x00,0x72,0x00,0x73,
0x00,0x69,0x00,0x6f,0x00,0x6e,0x00,0x20,0x00,0x32,0x00,0x2e,0x00,0x30,0x00,0x30,
0x00,0x30,0x00,0x3b,0x00,0x68,0x00,0x6f,0x00,0x74,0x00,0x63,0x00,0x6f,0x00,0x6e,
0x00,0x76,0x00,0x20,0x00,0x31,0x00,0x2e,0x00,0x30,0x00,0x2e,0x00,0x31,0x00,0x30,
0x00,0x39,0x00,0x3b,0x00,0x6d,0x00,0x61,0x00,0x6b,0x00,0x65,0x00,0x6f,0x00,0x74,
0x00,0x66,0x00,0x65,0x00,0x78,0x00,0x65,0x00,0x20,0x00,0x32,0x00,0x2e,0x00,0x35,
0x00,0x2e,0x00,0x36,0x00,0x35,0x00,0x35,0x00,0x39,0x00,0x36,0x00,0x00,0x56,0x65,
0x72,0x73,0x69,0x6f,0x6e,0x20,0x32,0x2e,0x30,0x30,0x30,0x3b,0x68,0x6f,0x74,0x63,
0x6f,0x6e,0x76,0x20,0x31,0x2e,0x30,0x2e,0x31,0x30,0x39,0x3b,0x6d,0x61,0x6b,0x65,
0x6f,0x74,0x66,0x65,0x78,0x65,0x20,0x32,0x2e,0x35,0x2e,0x36,0x35,0x35,0x39,0x36,
0x00,0x00,0x4c,0x00,0x65,0x00,0x78,0x00,0x69,0x00,0x73,0x00,0x2d,0x00,0x52,0x00,
0x65,0x00,0x67,0x00,0x75,0x00,0x6c,0x00,0x61,0x00,0x72,0x00,0x00,0x4c,0x65,0x78,
0x69,0x73,0x2d,0x52,0x65,0x67,0x75,0x6c,0x61,0x72,0x00,0x00,0x56,0x00,0x69,0x00,
0x6c,0x00,0x61,0x00,0x20,0x00,0x46,0x00,0x6f,0x00,0x6e,0x00,0x74,0x00,0x73,0x00,
0x00,0x56,0x69,0x6c,0x61,0x20,0x46,0x6f,0x6e,0x74,0x73,0x00,0x00,0x44,0x00,0x61,
0x00,0x6d,0x00,0x69,0x00,0x61,0x00,0x6e,0x00,0x20,0x00,0x56,0x00,0x69,0x00,0x6c,
0x00,0x61,0x00,0x00,0x44,0x61,0x6d,0x69,0x61,0x6e,0x20,0x56,0x69,0x6c,0x61,0x00,
0x00,0x76,0x00,0x69,0x00,0x6c,0x00,0x61,0x00,0x69,0x00,0x6e,0x00,0x64,0x00,0x75,
0x00,0x73,0x00,0x74,0x00,0x72,0x00,0x69,0x00,0x65,0x00,0x73,0x00,0x2e,0x00,0x63,
0x00,0x6f,0x00,0x6d,0x00,0x00,0x76,0x69,0x6c,0x61,0x69,0x6e,0x64,0x75,0x73,0x74,
0x72,0x69,0x65,0x73,0x2e,0x63,0x6f,0x6d,0x00,0x00,0x64,0x00,0x61,0x00,0x6d,0x00,
0x69,0x00,0x61,0x00,0x6e,0x00,0x76,0x00,0x69,0x00,0x6c,0x00,0x61,0x00,0x2e,0x00,
0x63,0x00,0x6f,0x00,0x6d,0x00,0x00,0x64,0x61,0x6d,0x69,0x61,0x6e,0x76,0x69,0x6c,
0x61,0x2e,0x63,0x6f,0x6d,0x00,0x00,0x43,0x00,0x43,0x00,0x30,0x00,0x20,0x00,0x31,
0x00,0x2e,0x00,0x30,0x00,0x20,0x00,0x55,0x00,0x6e,0x00,0x69,0x00,0x76,0x00,0x65,
0x00,0x72,0x00,0x73,0x00,0x61,0x00,0x6c,0x00,0x00,0x43,0x43,0x30,0x20,0x31,0x2e,
0x30,0x20,0x55,0x6e,0x69,0x76,0x65,0x72,0x73,0x61,0x6c,0x00,0x00,0x02,0x00,0x00,
0x00,0x00,0x00,0x00,0xff,0xb5,0x00,0x32,0x00,0x00,0x00,0x00,0x00,0x00,0x00,0x00,
0x00,0x00,0x00,0x00,0x00,0x00,0x00,0x00,0x00,0x00,0x00,0x00,0x03,0xde,0x00,0x00,
0x00,0x01,0x00,0x02,0x01,0x02,0x00,0x03,0x00,0x04,0x00,0x05,0x00,0x06,0x00,0x07,
0x00,0x08,0x00,0x09,0x00,0x0a,0x00,0x0b,0x00,0x0c,0x00,0x0d,0x00,0x0e,0x00,0x0f,
0x00,0x10,0x00,0x11,0x00,0x12,0x00,0x13,0x00,0x14,0x00,0x15,0x00,0x16,0x00,0x17,
0x00,0x18,0x00,0x19,0x00,0x1a,0x00,0x1b,0x00,0x1c,0x00,0x1d,0x00,0x1e,0x00,0x1f,
0x00,0x20,0x00,0x21,0x00,0x22,0x00,0x23,0x00,0x24,0x00,0x25,0x00,0x26,0x00,0x27,
0x00,0x28,0x00,0x29,0x00,0x2a,0x00,0x2b,0x00,0x2c,0x00,0x2d,0x00,0x2e,0x00,0x2f,
0x00,0x30,0x00,0x31,0x00,0x32,0x00,0x33,0x00,0x34,0x00,0x35,0x00,0x36,0x00,0x37,
0x00,0x38,0x00,0x39,0x00,0x3a,0x00,0x3b,0x00,0x3c,0x00,0x3d,0x00,0x3e,0x00,0x3f,
0x00,0x40,0x00,0x41,0x00,0x42,0x00,0x43,0x00,0x44,0x00,0x45,0x00,0x46,0x00,0x47,
0x00,0x48,0x00,0x49,0x00,0x4a,0x00,0x4b,0x00,0x4c,0x00,0x4d,0x00,0x4e,0x00,0x4f,
0x00,0x50,0x00,0x51,0x00,0x52,0x00,0x53,0x00,0x54,0x00,0x55,0x00,0x56,0x00,0x57,
0x00,0x58,0x00,0x59,0x00,0x5a,0x00,0x5b,0x00,0x5c,0x00,0x5d,0x00,0x5e,0x00,0x5f,
0x00,0x60,0x00,0x61,0x01,0x03,0x01,0x04,0x00,0xa3,0x00,0x84,0x00,0x85,0x00,0xbd,
0x00,0x96,0x00,0xe8,0x00,0x86,0x00,0x8e,0x00,0x8b,0x00,0x9d,0x00,0xa9,0x00,0xa4,
0x01,0x05,0x00,0x8a,0x00,0xda,0x00,0x83,0x00,0x93,0x01,0x06,0x01,0x07,0x00,0x8d,
0x01,0x08,0x00,0x88,0x00,0xc3,0x00,0xde,0x01,0x09,0x00,0x9e,0x00,0xaa,0x00,0xf5,
0x00,0xf4,0x00,0xf6,0x00,0xa2,0x00,0xad,0x00,0xc9,0x00,0xc7,0x00,0xae,0x00,0x62,
0x00,0x63,0x00,0x90,0x00,0x64,0x00,0xcb,0x00,0x65,0x00,0xc8,0x00,0xca,0x00,0xcf,
0x00,0xcc,0x00,0xcd,0x00,0xce,0x00,0xe9,0x00,0x66,0x00,0xd3,0x00,0xd0,0x00,0xd1,
0x00,0xaf,0x00,0x67,0x00,0xf0,0x00,0x91,0x00,0xd6,0x00,0xd4,0x00,0xd5,0x00,0x68,
0x00,0xeb,0x00,0xed,0x00,0x89,0x00,0x6a,0x00,0x69,0x00,0x6b,0x00,0x6d,0x00,0x6c,
0x00,0x6e,0x00,0xa0,0x00,0x6f,0x00,0x71,0x00,0x70,0x00,0x72,0x00,0x73,0x00,0x75,
0x00,0x74,0x00,0x76,0x00,0x77,0x00,0xea,0x00,0x78,0x00,0x7a,0x00,0x79,0x00,0x7b,
0x00,0x7d,0x00,0x7c,0x00,0xb8,0x00,0xa1,0x00,0x7f,0x00,0x7e,0x00,0x80,0x00,0x81,
0x00,0xec,0x00,0xee,0x00,0xba,0x00,0xd7,0x00,0xb0,0x00,0xb1,0x01,0x0a,0x01,0x0b,
0x01,0x0c,0x01,0x0d,0x00,0xbb,0x00,0xa6,0x00,0xd8,0x00,0xe1,0x00,0xdb,0x00,0xdc,
0x00,0xdd,0x00,0xe0,0x00,0xd9,0x00,0xdf,0x01,0x0e,0x01,0x0f,0x01,0x10,0x01,0x11,
0x01,0x12,0x01,0x13,0x01,0x14,0x01,0x15,0x01,0x16,0x01,0x17,0x01,0x18,0x01,0x19,
0x01,0x1a,0x01,0x1b,0x01,0x1c,0x01,0x1d,0x01,0x1e,0x01,0x1f,0x01,0x20,0x01,0x21,
0x01,0x22,0x01,0x23,0x01,0x24,0x01,0x25,0x01,0x26,0x01,0x27,0x01,0x28,0x01,0x29,
0x01,0x2a,0x01,0x2b,0x01,0x2c,0x01,0x2d,0x01,0x2e,0x01,0x2f,0x01,0x30,0x01,0x31,
0x01,0x32,0x01,0x33,0x01,0x34,0x01,0x35,0x01,0x36,0x01,0x37,0x01,0x38,0x01,0x39,
0x01,0x3a,0x01,0x3b,0x01,0x3c,0x01,0x3d,0x01,0x3e,0x01,0x3f,0x01,0x40,0x01,0x41,
0x01,0x42,0x01,0x43,0x01,0x44,0x01,0x45,0x01,0x46,0x01,0x47,0x01,0x48,0x01,0x49,
0x01,0x4a,0x01,0x4b,0x01,0x4c,0x01,0x4d,0x01,0x4e,0x01,0x4f,0x01,0x50,0x01,0x51,
0x01,0x52,0x01,0x53,0x01,0x54,0x01,0x55,0x01,0x56,0x01,0x57,0x01,0x58,0x00,0x9b,
0x01,0x59,0x01,0x5a,0x01,0x5b,0x01,0x5c,0x01,0x5d,0x01,0x5e,0x01,0x5f,0x01,0x60,
0x01,0x61,0x01,0x62,0x01,0x63,0x01,0x64,0x01,0x65,0x01,0x66,0x01,0x67,0x01,0x68,
0x01,0x69,0x01,0x6a,0x01,0x6b,0x01,0x6c,0x01,0x6d,0x01,0x6e,0x01,0x6f,0x01,0x70,
0x01,0x71,0x01,0x72,0x01,0x73,0x01,0x74,0x01,0x75,0x01,0x76,0x01,0x77,0x01,0x78,
0x01,0x79,0x01,0x7a,0x01,0x7b,0x01,0x7c,0x01,0x7d,0x01,0x7e,0x01,0x7f,0x01,0x80,
0x01,0x81,0x01,0x82,0x01,0x83,0x01,0x84,0x01,0x85,0x01,0x86,0x01,0x87,0x01,0x88,
0x01,0x89,0x01,0x8a,0x01,0x8b,0x01,0x8c,0x01,0x8d,0x01,0x8e,0x01,0x8f,0x01,0x90,
0x01,0x91,0x01,0x92,0x01,0x93,0x01,0x94,0x01,0x95,0x01,0x96,0x01,0x97,0x01,0x98,
0x01,0x99,0x01,0x9a,0x01,0x9b,0x01,0x9c,0x01,0x9d,0x01,0x9e,0x01,0x9f,0x01,0xa0,
0x01,0xa1,0x01,0xa2,0x01,0xa3,0x01,0xa4,0x01,0xa5,0x01,0xa6,0x01,0xa7,0x01,0xa8,
0x01,0xa9,0x01,0xaa,0x01,0xab,0x01,0xac,0x01,0xad,0x01,0xae,0x01,0xaf,0x01,0xb0,
0x01,0xb1,0x01,0xb2,0x01,0xb3,0x01,0xb4,0x01,0xb5,0x01,0xb6,0x01,0xb7,0x01,0xb8,
0x01,0xb9,0x01,0xba,0x01,0xbb,0x01,0xbc,0x01,0xbd,0x01,0xbe,0x01,0xbf,0x01,0xc0,
0x01,0xc1,0x01,0xc2,0x01,0xc3,0x01,0xc4,0x01,0xc5,0x01,0xc6,0x01,0xc7,0x01,0xc8,
0x01,0xc9,0x01,0xca,0x01,0xcb,0x01,0xcc,0x00,0xb2,0x00,0xb3,0x00,0xb6,0x00,0xb7,
0x00,0xc4,0x00,0xb4,0x00,0xb5,0x00,0xc5,0x00,0x82,0x00,0xc2,0x00,0x87,0x00,0xab,
0x00,0xc6,0x00,0xbe,0x00,0xbf,0x01,0xcd,0x00,0xbc,0x01,0xce,0x01,0xcf,0x01,0xd0,
0x00,0x8c,0x01,0xd1,0x01,0xd2,0x01,0xd3,0x01,0xd4,0x01,0xd5,0x01,0xd6,0x01,0xd7,
0x01,0xd8,0x01,0xd9,0x01,0xda,0x01,0xdb,0x01,0xdc,0x00,0x98,0x00,0x9a,0x00,0x99,
0x00,0xef,0x01,0xdd,0x00,0xa5,0x00,0x92,0x01,0xde,0x01,0xdf,0x00,0x9c,0x00,0xa7,
0x00,0x8f,0x01,0xe0,0x00,0x94,0x00,0x95,0x01,0xe1,0x01,0xe2,0x01,0xe3,0x01,0xe4,
0x01,0xe5,0x01,0xe6,0x01,0xe7,0x01,0xe8,0x01,0xe9,0x01,0xea,0x01,0xeb,0x01,0xec,
0x01,0xed,0x01,0xee,0x01,0xef,0x01,0xf0,0x01,0xf1,0x01,0xf2,0x01,0xf3,0x01,0xf4,
0x01,0xf5,0x01,0xf6,0x01,0xf7,0x01,0xf8,0x01,0xf9,0x01,0xfa,0x01,0xfb,0x01,0xfc,
0x01,0xfd,0x01,0xfe,0x01,0xff,0x02,0x00,0x02,0x01,0x02,0x02,0x02,0x03,0x02,0x04,
0x02,0x05,0x02,0x06,0x02,0x07,0x02,0x08,0x02,0x09,0x02,0x0a,0x02,0x0b,0x02,0x0c,
0x02,0x0d,0x02,0x0e,0x02,0x0f,0x02,0x10,0x02,0x11,0x02,0x12,0x02,0x13,0x02,0x14,
0x02,0x15,0x02,0x16,0x02,0x17,0x02,0x18,0x02,0x19,0x02,0x1a,0x02,0x1b,0x02,0x1c,
0x02,0x1d,0x02,0x1e,0x02,0x1f,0x02,0x20,0x02,0x21,0x02,0x22,0x02,0x23,0x02,0x24,
0x02,0x25,0x02,0x26,0x02,0x27,0x02,0x28,0x02,0x29,0x02,0x2a,0x02,0x2b,0x02,0x2c,
0x02,0x2d,0x02,0x2e,0x02,0x2f,0x02,0x30,0x02,0x31,0x02,0x32,0x02,0x33,0x02,0x34,
0x02,0x35,0x02,0x36,0x02,0x37,0x02,0x38,0x02,0x39,0x02,0x3a,0x02,0x3b,0x02,0x3c,
0x02,0x3d,0x00,0xb9,0x02,0x3e,0x02,0x3f,0x02,0x40,0x02,0x41,0x02,0x42,0x02,0x43,
0x02,0x44,0x02,0x45,0x02,0x46,0x02,0x47,0x02,0x48,0x02,0x49,0x02,0x4a,0x02,0x4b,
0x02,0x4c,0x02,0x4d,0x02,0x4e,0x02,0x4f,0x02,0x50,0x02,0x51,0x02,0x52,0x02,0x53,
0x02,0x54,0x02,0x55,0x02,0x56,0x02,0x57,0x02,0x58,0x02,0x59,0x02,0x5a,0x02,0x5b,
0x02,0x5c,0x02,0x5d,0x02,0x5e,0x02,0x5f,0x02,0x60,0x02,0x61,0x02,0x62,0x02,0x63,
0x02,0x64,0x02,0x65,0x02,0x66,0x02,0x67,0x02,0x68,0x02,0x69,0x02,0x6a,0x02,0x6b,
0x02,0x6c,0x02,0x6d,0x02,0x6e,0x02,0x6f,0x02,0x70,0x02,0x71,0x02,0x72,0x02,0x73,
0x02,0x74,0x02,0x75,0x02,0x76,0x02,0x77,0x02,0x78,0x02,0x79,0x02,0x7a,0x02,0x7b,
0x02,0x7c,0x02,0x7d,0x02,0x7e,0x02,0x7f,0x02,0x80,0x02,0x81,0x02,0x82,0x02,0x83,
0x02,0x84,0x02,0x85,0x02,0x86,0x02,0x87,0x02,0x88,0x02,0x89,0x02,0x8a,0x02,0x8b,
0x02,0x8c,0x02,0x8d,0x02,0x8e,0x02,0x8f,0x02,0x90,0x02,0x91,0x02,0x92,0x02,0x93,
0x02,0x94,0x02,0x95,0x02,0x96,0x02,0x97,0x02,0x98,0x02,0x99,0x02,0x9a,0x02,0x9b,
0x02,0x9c,0x02,0x9d,0x02,0x9e,0x02,0x9f,0x02,0xa0,0x02,0xa1,0x02,0xa2,0x02,0xa3,
0x02,0xa4,0x02,0xa5,0x02,0xa6,0x02,0xa7,0x02,0xa8,0x02,0xa9,0x02,0xaa,0x02,0xab,
0x02,0xac,0x02,0xad,0x02,0xae,0x02,0xaf,0x02,0xb0,0x02,0xb1,0x02,0xb2,0x02,0xb3,
0x02,0xb4,0x02,0xb5,0x02,0xb6,0x02,0xb7,0x02,0xb8,0x02,0xb9,0x02,0xba,0x02,0xbb,
0x02,0xbc,0x02,0xbd,0x02,0xbe,0x02,0xbf,0x02,0xc0,0x02,0xc1,0x02,0xc2,0x02,0xc3,
0x02,0xc4,0x02,0xc5,0x02,0xc6,0x02,0xc7,0x02,0xc8,0x02,0xc9,0x02,0xca,0x02,0xcb,
0x02,0xcc,0x02,0xcd,0x02,0xce,0x02,0xcf,0x02,0xd0,0x02,0xd1,0x02,0xd2,0x02,0xd3,
0x02,0xd4,0x02,0xd5,0x02,0xd6,0x02,0xd7,0x02,0xd8,0x02,0xd9,0x02,0xda,0x02,0xdb,
0x02,0xdc,0x02,0xdd,0x02,0xde,0x02,0xdf,0x02,0xe0,0x02,0xe1,0x02,0xe2,0x02,0xe3,
0x02,0xe4,0x02,0xe5,0x02,0xe6,0x02,0xe7,0x02,0xe8,0x02,0xe9,0x02,0xea,0x02,0xeb,
0x02,0xec,0x02,0xed,0x02,0xee,0x02,0xef,0x02,0xf0,0x02,0xf1,0x02,0xf2,0x02,0xf3,
0x02,0xf4,0x02,0xf5,0x02,0xf6,0x02,0xf7,0x02,0xf8,0x02,0xf9,0x02,0xfa,0x02,0xfb,
0x02,0xfc,0x02,0xfd,0x02,0xfe,0x02,0xff,0x03,0x00,0x03,0x01,0x03,0x02,0x03,0x03,
0x03,0x04,0x03,0x05,0x03,0x06,0x03,0x07,0x03,0x08,0x03,0x09,0x03,0x0a,0x03,0x0b,
0x03,0x0c,0x03,0x0d,0x03,0x0e,0x03,0x0f,0x03,0x10,0x03,0x11,0x03,0x12,0x03,0x13,
0x03,0x14,0x03,0x15,0x03,0x16,0x03,0x17,0x03,0x18,0x03,0x19,0x03,0x1a,0x03,0x1b,
0x03,0x1c,0x00,0xc0,0x00,0xc1,0x03,0x1d,0x03,0x1e,0x03,0x1f,0x03,0x20,0x03,0x21,
0x03,0x22,0x03,0x23,0x03,0x24,0x03,0x25,0x03,0x26,0x03,0x27,0x03,0x28,0x03,0x29,
0x03,0x2a,0x03,0x2b,0x03,0x2c,0x03,0x2d,0x03,0x2e,0x03,0x2f,0x03,0x30,0x03,0x31,
0x03,0x32,0x03,0x33,0x03,0x34,0x03,0x35,0x03,0x36,0x03,0x37,0x03,0x38,0x03,0x39,
0x03,0x3a,0x03,0x3b,0x03,0x3c,0x03,0x3d,0x03,0x3e,0x03,0x3f,0x03,0x40,0x03,0x41,
0x03,0x42,0x03,0x43,0x03,0x44,0x03,0x45,0x03,0x46,0x03,0x47,0x03,0x48,0x03,0x49,
0x03,0x4a,0x03,0x4b,0x03,0x4c,0x03,0x4d,0x03,0x4e,0x03,0x4f,0x03,0x50,0x03,0x51,
0x03,0x52,0x03,0x53,0x03,0x54,0x03,0x55,0x03,0x56,0x03,0x57,0x03,0x58,0x03,0x59,
0x03,0x5a,0x03,0x5b,0x03,0x5c,0x03,0x5d,0x03,0x5e,0x03,0x5f,0x03,0x60,0x03,0x61,
0x03,0x62,0x03,0x63,0x03,0x64,0x03,0x65,0x03,0x66,0x03,0x67,0x03,0x68,0x03,0x69,
0x03,0x6a,0x03,0x6b,0x03,0x6c,0x03,0x6d,0x03,0x6e,0x03,0x6f,0x03,0x70,0x03,0x71,
0x03,0x72,0x03,0x73,0x03,0x74,0x03,0x75,0x03,0x76,0x03,0x77,0x03,0x78,0x03,0x79,
0x03,0x7a,0x03,0x7b,0x03,0x7c,0x03,0x7d,0x03,0x7e,0x03,0x7f,0x03,0x80,0x03,0x81,
0x03,0x82,0x03,0x83,0x03,0x84,0x03,0x85,0x03,0x86,0x03,0x87,0x03,0x88,0x03,0x89,
0x03,0x8a,0x03,0x8b,0x03,0x8c,0x03,0x8d,0x03,0x8e,0x03,0x8f,0x03,0x90,0x03,0x91,
0x03,0x92,0x03,0x93,0x03,0x94,0x03,0x95,0x03,0x96,0x03,0x97,0x03,0x98,0x03,0x99,
0x03,0x9a,0x03,0x9b,0x03,0x9c,0x03,0x9d,0x03,0x9e,0x03,0x9f,0x03,0xa0,0x03,0xa1,
0x03,0xa2,0x03,0xa3,0x03,0xa4,0x03,0xa5,0x03,0xa6,0x03,0xa7,0x03,0xa8,0x03,0xa9,
0x03,0xaa,0x03,0xab,0x03,0xac,0x03,0xad,0x03,0xae,0x03,0xaf,0x03,0xb0,0x03,0xb1,
0x03,0xb2,0x03,0xb3,0x03,0xb4,0x03,0xb5,0x03,0xb6,0x03,0xb7,0x03,0xb8,0x03,0xb9,
0x03,0xba,0x03,0xbb,0x03,0xbc,0x03,0xbd,0x03,0xbe,0x03,0xbf,0x03,0xc0,0x03,0xc1,
0x03,0xc2,0x03,0xc3,0x03,0xc4,0x03,0xc5,0x03,0xc6,0x03,0xc7,0x03,0xc8,0x03,0xc9,
0x03,0xca,0x03,0xcb,0x03,0xcc,0x03,0xcd,0x03,0xce,0x03,0xcf,0x03,0xd0,0x03,0xd1,
0x03,0xd2,0x03,0xd3,0x03,0xd4,0x03,0xd5,0x03,0xd6,0x03,0xd7,0x03,0xd8,0x03,0xd9,
0x03,0xda,0x03,0xdb,0x03,0xdc,0x03,0xdd,0x03,0xde,0x03,0xdf,0x03,0xe0,0x03,0xe1,
0x03,0xe2,0x03,0xe3,0x03,0xe4,0x03,0xe5,0x03,0xe6,0x03,0xe7,0x03,0xe8,0x03,0xe9,
0x03,0xea,0x03,0xeb,0x03,0xec,0x03,0xed,0x03,0xee,0x03,0xef,0x03,0xf0,0x03,0xf1,
0x03,0xf2,0x03,0xf3,0x03,0xf4,0x03,0xf5,0x03,0xf6,0x02,0x43,0x52,0x03,0x44,0x45,
0x4c,0x07,0x75,0x6e,0x69,0x30,0x30,0x41,0x30,0x07,0x75,0x6e,0x69,0x30,0x30,0x41,
0x44,0x07,0x75,0x6e,0x69,0x30,0x30,0x42,0x32,0x07,0x75,0x6e,0x69,0x30,0x30,0x42,
0x33,0x07,0x75,0x6e,0x69,0x30,0x30,0x42,0x35,0x07,0x75,0x6e,0x69,0x30,0x30,0x42,
0x39,0x0b,0x57,0x63,0x69,0x72,0x63,0x75,0x6d,0x66,0x6c,0x65,0x78,0x0b,0x77,0x63,
0x69,0x72,0x63,0x75,0x6d,0x66,0x6c,0x65,0x78,0x0b,0x59,0x63,0x69,0x72,0x63,0x75,
0x6d,0x66,0x6c,0x65,0x78,0x0b,0x79,0x63,0x69,0x72,0x63,0x75,0x6d,0x66,0x6c,0x65,
0x78,0x09,0x67,0x72,0x61,0x76,0x65,0x63,0x6f,0x6d,0x62,0x09,0x61,0x63,0x75,0x74,
0x65,0x63,0x6f,0x6d,0x62,0x07,0x75,0x6e,0x69,0x30,0x33,0x30,0x32,0x09,0x74,0x69,
0x6c,0x64,0x65,0x63,0x6f,0x6d,0x62,0x07,0x75,0x6e,0x69,0x30,0x33,0x30,0x34,0x07,
0x75,0x6e,0x69,0x30,0x33,0x30,0x36,0x07,0x75,0x6e,0x69,0x30,0x33,0x30,0x37,0x07,
0x75,0x6e,0x69,0x30,0x33,0x30,0x38,0x07,0x75,0x6e,0x69,0x30,0x33,0x30,0x41,0x07,
0x75,0x6e,0x69,0x30,0x33,0x30,0x42,0x07,0x75,0x6e,0x69,0x30,0x33,0x30,0x43,0x07,
0x75,0x6e,0x69,0x30,0x33,0x31,0x32,0x07,0x75,0x6e,0x69,0x30,0x33,0x32,0x36,0x07,
0x75,0x6e,0x69,0x30,0x33,0x32,0x37,0x07,0x75,0x6e,0x69,0x30,0x33,0x32,0x38,0x07,
0x75,0x6e,0x69,0x30,0x33,0x33,0x35,0x07,0x75,0x6e,0x69,0x30,0x33,0x33,0x36,0x07,
0x75,0x6e,0x69,0x30,0x33,0x33,0x37,0x07,0x75,0x6e,0x69,0x30,0x33,0x33,0x38,0x05,
0x74,0x6f,0x6e,0x6f,0x73,0x0d,0x64,0x69,0x65,0x72,0x65,0x73,0x69,0x73,0x74,0x6f,
0x6e,0x6f,0x73,0x0a,0x41,0x6c,0x70,0x68,0x61,0x74,0x6f,0x6e,0x6f,0x73,0x0c,0x45,
0x70,0x73,0x69,0x6c,0x6f,0x6e,0x74,0x6f,0x6e,0x6f,0x73,0x08,0x45,0x74,0x61,0x74,
0x6f,0x6e,0x6f,0x73,0x09,0x49,0x6f,0x74,0x61,0x74,0x6f,0x6e,0x6f,0x73,0x0c,0x4f,
0x6d,0x69,0x63,0x72,0x6f,0x6e,0x74,0x6f,0x6e,0x6f,0x73,0x0c,0x55,0x70,0x73,0x69,
0x6c,0x6f,0x6e,0x74,0x6f,0x6e,0x6f,0x73,0x0a,0x4f,0x6d,0x65,0x67,0x61,0x74,0x6f,
0x6e,0x6f,0x73,0x11,0x69,0x6f,0x74,0x61,0x64,0x69,0x65,0x72,0x65,0x73,0x69,0x73,
0x74,0x6f,0x6e,0x6f,0x73,0x05,0x41,0x6c,0x70,0x68,0x61,0x04,0x42,0x65,0x74,0x61,
0x05,0x47,0x61,0x6d,0x6d,0x61,0x07,0x75,0x6e,0x69,0x30,0x33,0x39,0x34,0x07,0x45,
0x70,0x73,0x69,0x6c,0x6f,0x6e,0x04,0x5a,0x65,0x74,0x61,0x03,0x45,0x74,0x61,0x05,
0x54,0x68,0x65,0x74,0x61,0x04,0x49,0x6f,0x74,0x61,0x05,0x4b,0x61,0x70,0x70,0x61,
0x06,0x4c,0x61,0x6d,0x62,0x64,0x61,0x02,0x4d,0x75,0x02,0x4e,0x75,0x02,0x58,0x69,
0x07,0x4f,0x6d,0x69,0x63,0x72,0x6f,0x6e,0x02,0x50,0x69,0x03,0x52,0x68,0x6f,0x05,
0x53,0x69,0x67,0x6d,0x61,0x03,0x54,0x61,0x75,0x07,0x55,0x70,0x73,0x69,0x6c,0x6f,
0x6e,0x03,0x50,0x68,0x69,0x03,0x43,0x68,0x69,0x03,0x50,0x73,0x69,0x07,0x75,0x6e,
0x69,0x30,0x33,0x41,0x39,0x0c,0x49,0x6f,0x74,0x61,0x64,0x69,0x65,0x72,0x65,0x73,
0x69,0x73,0x0f,0x55,0x70,0x73,0x69,0x6c,0x6f,0x6e,0x64,0x69,0x65,0x72,0x65,0x73,
0x69,0x73,0x0a,0x61,0x6c,0x70,0x68,0x61,0x74,0x6f,0x6e,0x6f,0x73,0x0c,0x65,0x70,
0x73,0x69,0x6c,0x6f,0x6e,0x74,0x6f,0x6e,0x6f,0x73,0x08,0x65,0x74,0x61,0x74,0x6f,
0x6e,0x6f,0x73,0x09,0x69,0x6f,0x74,0x61,0x74,0x6f,0x6e,0x6f,0x73,0x14,0x75,0x70,
0x73,0x69,0x6c,0x6f,0x6e,0x64,0x69,0x65,0x72,0x65,0x73,0x69,0x73,0x74,0x6f,0x6e,
0x6f,0x73,0x05,0x61,0x6c,0x70,0x68,0x61,0x04,0x62,0x65,0x74,0x61,0x05,0x67,0x61,
0x6d,0x6d,0x61,0x05,0x64,0x65,0x6c,0x74,0x61,0x07,0x65,0x70,0x73,0x69,0x6c,0x6f,
0x6e,0x04,0x7a,0x65,0x74,0x61,0x03,0x65,0x74,0x61,0x05,0x74,0x68,0x65,0x74,0x61,
0x04,0x69,0x6f,0x74,0x61,0x05,0x6b,0x61,0x70,0x70,0x61,0x06,0x6c,0x61,0x6d,0x62,
0x64,0x61,0x07,0x75,0x6e,0x69,0x30,0x33,0x42,0x43,0x02,0x6e,0x75,0x02,0x78,0x69,
0x07,0x6f,0x6d,0x69,0x63,0x72,0x6f,0x6e,0x03,0x72,0x68,0x6f,0x07,0x75,0x6e,0x69,
0x30,0x33,0x43,0x32,0x05,0x73,0x69,0x67,0x6d,0x61,0x03,0x74,0x61,0x75,0x07,0x75,
0x70,0x73,0x69,0x6c,0x6f,0x6e,0x03,0x70,0x68,0x69,0x03,0x63,0x68,0x69,0x03,0x70,
0x73,0x69,0x05,0x6f,0x6d,0x65,0x67,0x61,0x0c,0x69,0x6f,0x74,0x61,0x64,0x69,0x65,
0x72,0x65,0x73,0x69,0x73,0x0f,0x75,0x70,0x73,0x69,0x6c,0x6f,0x6e,0x64,0x69,0x65,
0x72,0x65,0x73,0x69,0x73,0x0c,0x6f,0x6d,0x69,0x63,0x72,0x6f,0x6e,0x74,0x6f,0x6e,
0x6f,0x73,0x0c,0x75,0x70,0x73,0x69,0x6c,0x6f,0x6e,0x74,0x6f,0x6e,0x6f,0x73,0x0a,
0x6f,0x6d,0x65,0x67,0x61,0x74,0x6f,0x6e,0x6f,0x73,0x07,0x75,0x6e,0x69,0x30,0x34,
0x30,0x31,0x07,0x75,0x6e,0x69,0x30,0x34,0x31,0x30,0x07,0x75,0x6e,0x69,0x30,0x34,
0x31,0x31,0x07,0x75,0x6e,0x69,0x30,0x34,0x31,0x32,0x07,0x75,0x6e,0x69,0x30,0x34,
0x31,0x33,0x07,0x75,0x6e,0x69,0x30,0x34,0x31,0x34,0x07,0x75,0x6e,0x69,0x30,0x34,
0x31,0x35,0x07,0x75,0x6e,0x69,0x30,0x34,0x31,0x36,0x07,0x75,0x6e,0x69,0x30,0x34,
0x31,0x37,0x07,0x75,0x6e,0x69,0x30,0x34,0x31,0x38,0x07,0x75,0x6e,0x69,0x30,0x34,
0x31,0x39,0x07,0x75,0x6e,0x69,0x30,0x34,0x31,0x41,0x07,0x75,0x6e,0x69,0x30,0x34,
0x31,0x42,0x07,0x75,0x6e,0x69,0x30,0x34,0x31,0x43,0x07,0x75,0x6e,0x69,0x30,0x34,
0x31,0x44,0x07,0x75,0x6e,0x69,0x30,0x34,0x31,0x45,0x07,0x75,0x6e,0x69,0x30,0x34,
0x31,0x46,0x07,0x75,0x6e,0x69,0x30,0x34,0x32,0x30,0x07,0x75,0x6e,0x69,0x30,0x34,
0x32,0x31,0x07,0x75,0x6e,0x69,0x30,0x34,0x32,0x32,0x07,0x75,0x6e,0x69,0x30,0x34,
0x32,0x33,0x07,0x75,0x6e,0x69,0x30,0x34,0x32,0x34,0x07,0x75,0x6e,0x69,0x30,0x34,
0x32,0x35,0x07,0x75,0x6e,0x69,0x30,0x34,0x32,0x36,0x07,0x75,0x6e,0x69,0x30,0x34,
0x32,0x37,0x07,0x75,0x6e,0x69,0x30,0x34,0x32,0x38,0x07,0x75,0x6e,0x69,0x30,0x34,
0x32,0x39,0x07,0x75,0x6e,0x69,0x30,0x34,0x32,0x41,0x07,0x75,0x6e,0x69,0x30,0x34,
0x32,0x42,0x07,0x75,0x6e,0x69,0x30,0x34,0x32,0x43,0x07,0x75,0x6e,0x69,0x30,0x34,
0x32,0x44,0x07,0x75,0x6e,0x69,0x30,0x34,0x32,0x45,0x07,0x75,0x6e,0x69,0x30,0x34,
0x32,0x46,0x07,0x75,0x6e,0x69,0x30,0x34,0x33,0x30,0x07,0x75,0x6e,0x69,0x30,0x34,
0x33,0x31,0x07,0x75,0x6e,0x69,0x30,0x34,0x33,0x32,0x07,0x75,0x6e,0x69,0x30,0x34,
0x33,0x33,0x07,0x75,0x6e,0x69,0x30,0x34,0x33,0x34,0x07,0x75,0x6e,0x69,0x30,0x34,
0x33,0x35,0x07,0x75,0x6e,0x69,0x30,0x34,0x33,0x36,0x07,0x75,0x6e,0x69,0x30,0x34,
0x33,0x37,0x07,0x75,0x6e,0x69,0x30,0x34,0x33,0x38,0x07,0x75,0x6e,0x69,0x30,0x34,
0x33,0x39,0x07,0x75,0x6e,0x69,0x30,0x34,0x33,0x41,0x07,0x75,0x6e,0x69,0x30,0x34,
0x33,0x42,0x07,0x75,0x6e,0x69,0x30,0x34,0x33,0x43,0x07,0x75,0x6e,0x69,0x30,0x34,
0x33,0x44,0x07,0x75,0x6e,0x69,0x30,0x34,0x33,0x45,0x07,0x75,0x6e,0x69,0x30,0x34,
0x33,0x46,0x07,0x75,0x6e,0x69,0x30,0x34,0x34,0x30,0x07,0x75,0x6e,0x69,0x30,0x34,
0x34,0x31,0x07,0x75,0x6e,0x69,0x30,0x34,0x34,0x32,0x07,0x75,0x6e,0x69,0x30,0x34,
0x34,0x33,0x07,0x75,0x6e,0x69,0x30,0x34,0x34,0x34,0x07,0x75,0x6e,0x69,0x30,0x34,
0x34,0x35,0x07,0x75,0x6e,0x69,0x30,0x34,0x34,0x36,0x07,0x75,0x6e,0x69,0x30,0x34,
0x34,0x37,0x07,0x75,0x6e,0x69,0x30,0x34,0x34,0x38,0x07,0x75,0x6e,0x69,0x30,0x34,
0x34,0x39,0x07,0x75,0x6e,0x69,0x30,0x34,0x34,0x41,0x07,0x75,0x6e,0x69,0x30,0x34,
0x34,0x42,0x07,0x75,0x6e,0x69,0x30,0x34,0x34,0x43,0x07,0x75,0x6e,0x69,0x30,0x34,
0x34,0x44,0x07,0x75,0x6e,0x69,0x30,0x34,0x34,0x45,0x07,0x75,0x6e,0x69,0x30,0x34,
0x34,0x46,0x07,0x75,0x6e,0x69,0x30,0x34,0x35,0x31,0x07,0x75,0x6e,0x69,0x30,0x35,
0x44,0x30,0x07,0x75,0x6e,0x69,0x30,0x35,0x44,0x31,0x07,0x75,0x6e,0x69,0x30,0x35,
0x44,0x32,0x07,0x75,0x6e,0x69,0x30,0x35,0x44,0x33,0x07,0x75,0x6e,0x69,0x30,0x35,
0x44,0x34,0x07,0x75,0x6e,0x69,0x30,0x35,0x44,0x35,0x07,0x75,0x6e,0x69,0x30,0x35,
0x44,0x36,0x07,0x75,0x6e,0x69,0x30,0x35,0x44,0x37,0x07,0x75,0x6e,0x69,0x30,0x35,
0x44,0x38,0x07,0x75,0x6e,0x69,0x30,0x35,0x44,0x39,0x07,0x75,0x6e,0x69,0x30,0x35,
0x44,0x41,0x07,0x75,0x6e,0x69,0x30,0x35,0x44,0x42,0x07,0x75,0x6e,0x69,0x30,0x35,
0x44,0x43,0x07,0x75,0x6e,0x69,0x30,0x35,0x44,0x44,0x07,0x75,0x6e,0x69,0x30,0x35,
0x44,0x45,0x07,0x75,0x6e,0x69,0x30,0x35,0x44,0x46,0x07,0x75,0x6e,0x69,0x30,0x35,
0x45,0x30,0x07,0x75,0x6e,0x69,0x30,0x35,0x45,0x31,0x07,0x75,0x6e,0x69,0x30,0x35,
0x45,0x32,0x07,0x75,0x6e,0x69,0x30,0x35,0x45,0x33,0x07,0x75,0x6e,0x69,0x30,0x35,
0x45,0x34,0x07,0x75,0x6e,0x69,0x30,0x35,0x45,0x35,0x07,0x75,0x6e,0x69,0x30,0x35,
0x45,0x36,0x07,0x75,0x6e,0x69,0x30,0x35,0x45,0x37,0x07,0x75,0x6e,0x69,0x30,0x35,
0x45,0x38,0x07,0x75,0x6e,0x69,0x30,0x35,0x45,0x39,0x07,0x75,0x6e,0x69,0x30,0x35,
0x45,0x41,0x06,0x57,0x67,0x72,0x61,0x76,0x65,0x06,0x77,0x67,0x72,0x61,0x76,0x65,
0x06,0x57,0x61,0x63,0x75,0x74,0x65,0x06,0x77,0x61,0x63,0x75,0x74,0x65,0x09,0x57,
0x64,0x69,0x65,0x72,0x65,0x73,0x69,0x73,0x09,0x77,0x64,0x69,0x65,0x72,0x65,0x73,
0x69,0x73,0x07,0x75,0x6e,0x69,0x31,0x45,0x39,0x45,0x06,0x59,0x67,0x72,0x61,0x76,
0x65,0x06,0x79,0x67,0x72,0x61,0x76,0x65,0x09,0x65,0x78,0x63,0x6c,0x61,0x6d,0x64,
0x62,0x6c,0x07,0x75,0x6e,0x69,0x32,0x30,0x37,0x46,0x06,0x70,0x65,0x73,0x65,0x74,
0x61,0x04,0x45,0x75,0x72,0x6f,0x09,0x61,0x72,0x72,0x6f,0x77,0x6c,0x65,0x66,0x74,
0x07,0x61,0x72,0x72,0x6f,0x77,0x75,0x70,0x0a,0x61,0x72,0x72,0x6f,0x77,0x72,0x69,
0x67,0x68,0x74,0x09,0x61,0x72,0x72,0x6f,0x77,0x64,0x6f,0x77,0x6e,0x09,0x61,0x72,
0x72,0x6f,0x77,0x62,0x6f,0x74,0x68,0x09,0x61,0x72,0x72,0x6f,0x77,0x75,0x70,0x64,
0x6e,0x07,0x75,0x6e,0x69,0x32,0x31,0x39,0x36,0x07,0x75,0x6e,0x69,0x32,0x31,0x39,
0x37,0x07,0x75,0x6e,0x69,0x32,0x31,0x39,0x38,0x07,0x75,0x6e,0x69,0x32,0x31,0x39,
0x39,0x07,0x75,0x6e,0x69,0x32,0x31,0x41,0x31,0x07,0x75,0x6e,0x69,0x32,0x31,0x42,
0x32,0x07,0x75,0x6e,0x69,0x32,0x32,0x31,0x39,0x0a,0x6f,0x72,0x74,0x68,0x6f,0x67,
0x6f,0x6e,0x61,0x6c,0x0c,0x69,0x6e,0x74,0x65,0x72,0x73,0x65,0x63,0x74,0x69,0x6f,
0x6e,0x0b,0x65,0x71,0x75,0x69,0x76,0x61,0x6c,0x65,0x6e,0x63,0x65,0x07,0x75,0x6e,
0x69,0x32,0x32,0x39,0x36,0x0e,0x63,0x69,0x72,0x63,0x6c,0x65,0x6d,0x75,0x6c,0x74,
0x69,0x70,0x6c,0x79,0x07,0x75,0x6e,0x69,0x32,0x32,0x39,0x39,0x07,0x75,0x6e,0x69,
0x32,0x32,0x41,0x33,0x0d,0x72,0x65,0x76,0x6c,0x6f,0x67,0x69,0x63,0x61,0x6c,0x6e,
0x6f,0x74,0x0a,0x69,0x6e,0x74,0x65,0x67,0x72,0x61,0x6c,0x74,0x70,0x0a,0x69,0x6e,
0x74,0x65,0x67,0x72,0x61,0x6c,0x62,0x74,0x07,0x75,0x6e,0x69,0x32,0x33,0x37,0x42,
0x07,0x75,0x6e,0x69,0x32,0x33,0x37,0x45,0x07,0x75,0x6e,0x69,0x32,0x33,0x38,0x44,
0x07,0x75,0x6e,0x69,0x32,0x33,0x42,0x45,0x07,0x75,0x6e,0x69,0x32,0x33,0x43,0x41,
0x07,0x75,0x6e,0x69,0x32,0x33,0x43,0x43,0x07,0x75,0x6e,0x69,0x32,0x34,0x32,0x36,
0x07,0x75,0x6e,0x69,0x32,0x35,0x30,0x30,0x07,0x75,0x6e,0x69,0x32,0x35,0x30,0x32,
0x07,0x75,0x6e,0x69,0x32,0x35,0x30,0x43,0x07,0x75,0x6e,0x69,0x32,0x35,0x31,0x30,
0x07,0x75,0x6e,0x69,0x32,0x35,0x31,0x34,0x07,0x75,0x6e,0x69,0x32,0x35,0x31,0x38,
0x07,0x75,0x6e,0x69,0x32,0x35,0x31,0x43,0x07,0x75,0x6e,0x69,0x32,0x35,0x32,0x34,
0x07,0x75,0x6e,0x69,0x32,0x35,0x32,0x43,0x07,0x75,0x6e,0x69,0x32,0x35,0x33,0x34,
0x07,0x75,0x6e,0x69,0x32,0x35,0x33,0x43,0x07,0x75,0x6e,0x69,0x32,0x35,0x35,0x30,
0x07,0x75,0x6e,0x69,0x32,0x35,0x35,0x31,0x07,0x75,0x6e,0x69,0x32,0x35,0x35,0x32,
0x07,0x75,0x6e,0x69,0x32,0x35,0x35,0x33,0x07,0x75,0x6e,0x69,0x32,0x35,0x35,0x34,
0x07,0x75,0x6e,0x69,0x32,0x35,0x35,0x35,0x07,0x75,0x6e,0x69,0x32,0x35,0x35,0x36,
0x07,0x75,0x6e,0x69,0x32,0x35,0x35,0x37,0x07,0x75,0x6e,0x69,0x32,0x35,0x35,0x38,
0x07,0x75,0x6e,0x69,0x32,0x35,0x35,0x39,0x07,0x75,0x6e,0x69,0x32,0x35,0x35,0x41,
0x07,0x75,0x6e,0x69,0x32,0x35,0x35,0x42,0x07,0x75,0x6e,0x69,0x32,0x35,0x35,0x43,
0x07,0x75,0x6e,0x69,0x32,0x35,0x35,0x44,0x07,0x75,0x6e,0x69,0x32,0x35,0x35,0x45,
0x07,0x75,0x6e,0x69,0x32,0x35,0x35,0x46,0x07,0x75,0x6e,0x69,0x32,0x35,0x36,0x30,
0x07,0x75,0x6e,0x69,0x32,0x35,0x36,0x31,0x07,0x75,0x6e,0x69,0x32,0x35,0x36,0x32,
0x07,0x75,0x6e,0x69,0x32,0x35,0x36,0x33,0x07,0x75,0x6e,0x69,0x32,0x35,0x36,0x34,
0x07,0x75,0x6e,0x69,0x32,0x35,0x36,0x35,0x07,0x75,0x6e,0x69,0x32,0x35,0x36,0x36,
0x07,0x75,0x6e,0x69,0x32,0x35,0x36,0x37,0x07,0x75,0x6e,0x69,0x32,0x35,0x36,0x38,
0x07,0x75,0x6e,0x69,0x32,0x35,0x36,0x39,0x07,0x75,0x6e,0x69,0x32,0x35,0x36,0x41,
0x07,0x75,0x6e,0x69,0x32,0x35,0x36,0x42,0x07,0x75,0x6e,0x69,0x32,0x35,0x36,0x43,
0x07,0x75,0x6e,0x69,0x32,0x35,0x36,0x44,0x07,0x75,0x6e,0x69,0x32,0x35,0x36,0x45,
0x07,0x75,0x6e,0x69,0x32,0x35,0x36,0x46,0x07,0x75,0x6e,0x69,0x32,0x35,0x37,0x30,
0x07,0x75,0x6e,0x69,0x32,0x35,0x37,0x31,0x07,0x75,0x6e,0x69,0x32,0x35,0x37,0x32,
0x07,0x75,0x6e,0x69,0x32,0x35,0x37,0x33,0x07,0x75,0x6e,0x69,0x32,0x35,0x37,0x34,
0x07,0x75,0x6e,0x69,0x32,0x35,0x37,0x35,0x07,0x75,0x6e,0x69,0x32,0x35,0x37,0x36,
0x07,0x75,0x6e,0x69,0x32,0x35,0x37,0x37,0x07,0x75,0x70,0x62,0x6c,0x6f,0x63,0x6b,
0x07,0x75,0x6e,0x69,0x32,0x35,0x38,0x31,0x07,0x75,0x6e,0x69,0x32,0x35,0x38,0x32,
0x07,0x75,0x6e,0x69,0x32,0x35,0x38,0x33,0x07,0x64,0x6e,0x62,0x6c,0x6f,0x63,0x6b,
0x05,0x62,0x6c,0x6f,0x63,0x6b,0x07,0x6c,0x66,0x62,0x6c,0x6f,0x63,0x6b,0x07,0x75,
0x6e,0x69,0x32,0x35,0x38,0x44,0x07,0x75,0x6e,0x69,0x32,0x35,0x38,0x45,0x07,0x75,
0x6e,0x69,0x32,0x35,0x38,0x46,0x07,0x72,0x74,0x62,0x6c,0x6f,0x63,0x6b,0x07,0x6c,
0x74,0x73,0x68,0x61,0x64,0x65,0x05,0x73,0x68,0x61,0x64,0x65,0x07,0x64,0x6b,0x73,
0x68,0x61,0x64,0x65,0x07,0x75,0x6e,0x69,0x32,0x35,0x39,0x34,0x07,0x75,0x6e,0x69,
0x32,0x35,0x39,0x35,0x07,0x75,0x6e,0x69,0x32,0x35,0x39,0x36,0x07,0x75,0x6e,0x69,
0x32,0x35,0x39,0x37,0x07,0x75,0x6e,0x69,0x32,0x35,0x39,0x38,0x07,0x75,0x6e,0x69,
0x32,0x35,0x39,0x39,0x07,0x75,0x6e,0x69,0x32,0x35,0x39,0x41,0x07,0x75,0x6e,0x69,
0x32,0x35,0x39,0x42,0x07,0x75,0x6e,0x69,0x32,0x35,0x39,0x43,0x07,0x75,0x6e,0x69,
0x32,0x35,0x39,0x44,0x07,0x75,0x6e,0x69,0x32,0x35,0x39,0x45,0x07,0x75,0x6e,0x69,
0x32,0x35,0x39,0x46,0x09,0x66,0x69,0x6c,0x6c,0x65,0x64,0x62,0x6f,0x78,0x07,0x75,
0x6e,0x69,0x32,0x35,0x41,0x31,0x06,0x63,0x69,0x72,0x63,0x6c,0x65,0x07,0x75,0x6e,
0x69,0x32,0x35,0x43,0x43,0x07,0x75,0x6e,0x69,0x32,0x35,0x43,0x46,0x09,0x69,0x6e,
0x76,0x62,0x75,0x6c,0x6c,0x65,0x74,0x09,0x69,0x6e,0x76,0x63,0x69,0x72,0x63,0x6c,
0x65,0x07,0x75,0x6e,0x69,0x32,0x35,0x45,0x32,0x07,0x75,0x6e,0x69,0x32,0x35,0x45,
0x33,0x07,0x75,0x6e,0x69,0x32,0x35,0x45,0x34,0x07,0x75,0x6e,0x69,0x32,0x35,0x45,
0x35,0x0a,0x6f,0x70,0x65,0x6e,0x62,0x75,0x6c,0x6c,0x65,0x74,0x07,0x75,0x6e,0x69,
0x32,0x35,0x46,0x30,0x07,0x75,0x6e,0x69,0x32,0x35,0x46,0x31,0x07,0x75,0x6e,0x69,
0x32,0x35,0x46,0x32,0x07,0x75,0x6e,0x69,0x32,0x35,0x46,0x33,0x07,0x75,0x6e,0x69,
0x32,0x35,0x46,0x34,0x07,0x75,0x6e,0x69,0x32,0x35,0x46,0x35,0x07,0x75,0x6e,0x69,
0x32,0x35,0x46,0x36,0x07,0x75,0x6e,0x69,0x32,0x35,0x46,0x37,0x07,0x75,0x6e,0x69,
0x32,0x36,0x33,0x39,0x09,0x73,0x6d,0x69,0x6c,0x65,0x66,0x61,0x63,0x65,0x0c,0x69,
0x6e,0x76,0x73,0x6d,0x69,0x6c,0x65,0x66,0x61,0x63,0x65,0x03,0x73,0x75,0x6e,0x06,
0x66,0x65,0x6d,0x61,0x6c,0x65,0x04,0x6d,0x61,0x6c,0x65,0x05,0x73,0x70,0x61,0x64,
0x65,0x04,0x63,0x6c,0x75,0x62,0x05,0x68,0x65,0x61,0x72,0x74,0x07,0x64,0x69,0x61,
0x6d,0x6f,0x6e,0x64,0x07,0x75,0x6e,0x69,0x32,0x36,0x36,0x39,0x0b,0x6d,0x75,0x73,
0x69,0x63,0x61,0x6c,0x6e,0x6f,0x74,0x65,0x0e,0x6d,0x75,0x73,0x69,0x63,0x61,0x6c,
0x6e,0x6f,0x74,0x65,0x64,0x62,0x6c,0x07,0x75,0x6e,0x69,0x32,0x36,0x36,0x43,0x07,
0x75,0x6e,0x69,0x32,0x36,0x36,0x44,0x07,0x75,0x6e,0x69,0x32,0x36,0x36,0x45,0x07,
0x75,0x6e,0x69,0x32,0x36,0x36,0x46,0x07,0x75,0x6e,0x69,0x32,0x37,0x31,0x33,0x07,
0x75,0x6e,0x69,0x32,0x39,0x44,0x36,0x07,0x75,0x6e,0x69,0x32,0x42,0x36,0x30,0x07,
0x75,0x6e,0x69,0x32,0x42,0x36,0x31,0x07,0x75,0x6e,0x69,0x32,0x42,0x36,0x32,0x07,
0x75,0x6e,0x69,0x32,0x42,0x36,0x33,0x07,0x75,0x6e,0x69,0x32,0x42,0x36,0x34,0x07,
0x75,0x6e,0x69,0x33,0x30,0x34,0x31,0x07,0x75,0x6e,0x69,0x33,0x30,0x34,0x32,0x07,
0x75,0x6e,0x69,0x33,0x30,0x34,0x33,0x07,0x75,0x6e,0x69,0x33,0x30,0x34,0x34,0x07,
0x75,0x6e,0x69,0x33,0x30,0x34,0x35,0x07,0x75,0x6e,0x69,0x33,0x30,0x34,0x36,0x07,
0x75,0x6e,0x69,0x33,0x30,0x34,0x37,0x07,0x75,0x6e,0x69,0x33,0x30,0x34,0x38,0x07,
0x75,0x6e,0x69,0x33,0x30,0x34,0x39,0x07,0x75,0x6e,0x69,0x33,0x30,0x34,0x41,0x07,
0x75,0x6e,0x69,0x33,0x30,0x34,0x42,0x07,0x75,0x6e,0x69,0x33,0x30,0x34,0x43,0x07,
0x75,0x6e,0x69,0x33,0x30,0x34,0x44,0x07,0x75,0x6e,0x69,0x33,0x30,0x34,0x45,0x07,
0x75,0x6e,0x69,0x33,0x30,0x34,0x46,0x07,0x75,0x6e,0x69,0x33,0x30,0x35,0x30,0x07,
0x75,0x6e,0x69,0x33,0x30,0x35,0x31,0x07,0x75,0x6e,0x69,0x33,0x30,0x35,0x32,0x07,
0x75,0x6e,0x69,0x33,0x30,0x35,0x33,0x07,0x75,0x6e,0x69,0x33,0x30,0x35,0x34,0x07,
0x75,0x6e,0x69,0x33,0x30,0x35,0x35,0x07,0x75,0x6e,0x69,0x33,0x30,0x35,0x36,0x07,
0x75,0x6e,0x69,0x33,0x30,0x35,0x37,0x07,0x75,0x6e,0x69,0x33,0x30,0x35,0x38,0x07,
0x75,0x6e,0x69,0x33,0x30,0x35,0x39,0x07,0x75,0x6e,0x69,0x33,0x30,0x35,0x41,0x07,
0x75,0x6e,0x69,0x33,0x30,0x35,0x42,0x07,0x75,0x6e,0x69,0x33,0x30,0x35,0x43,0x07,
0x75,0x6e,0x69,0x33,0x30,0x35,0x44,0x07,0x75,0x6e,0x69,0x33,0x30,0x35,0x45,0x07,
0x75,0x6e,0x69,0x33,0x30,0x35,0x46,0x07,0x75,0x6e,0x69,0x33,0x30,0x36,0x30,0x07,
0x75,0x6e,0x69,0x33,0x30,0x36,0x31,0x07,0x75,0x6e,0x69,0x33,0x30,0x36,0x32,0x07,
0x75,0x6e,0x69,0x33,0x30,0x36,0x33,0x07,0x75,0x6e,0x69,0x33,0x30,0x36,0x34,0x07,
0x75,0x6e,0x69,0x33,0x30,0x36,0x35,0x07,0x75,0x6e,0x69,0x33,0x30,0x36,0x36,0x07,
0x75,0x6e,0x69,0x33,0x30,0x36,0x37,0x07,0x75,0x6e,0x69,0x33,0x30,0x36,0x38,0x07,
0x75,0x6e,0x69,0x33,0x30,0x36,0x39,0x07,0x75,0x6e,0x69,0x33,0x30,0x36,0x41,0x07,
0x75,0x6e,0x69,0x33,0x30,0x36,0x42,0x07,0x75,0x6e,0x69,0x33,0x30,0x36,0x43,0x07,
0x75,0x6e,0x69,0x33,0x30,0x36,0x44,0x07,0x75,0x6e,0x69,0x33,0x30,0x36,0x45,0x07,
0x75,0x6e,0x69,0x33,0x30,0x36,0x46,0x07,0x75,0x6e,0x69,0x33,0x30,0x37,0x30,0x07,
0x75,0x6e,0x69,0x33,0x30,0x37,0x31,0x07,0x75,0x6e,0x69,0x33,0x30,0x37,0x32,0x07,
0x75,0x6e,0x69,0x33,0x30,0x37,0x33,0x07,0x75,0x6e,0x69,0x33,0x30,0x37,0x34,0x07,
0x75,0x6e,0x69,0x33,0x30,0x37,0x35,0x07,0x75,0x6e,0x69,0x33,0x30,0x37,0x36,0x07,
0x75,0x6e,0x69,0x33,0x30,0x37,0x37,0x07,0x75,0x6e,0x69,0x33,0x30,0x37,0x38,0x07,
0x75,0x6e,0x69,0x33,0x30,0x37,0x39,0x07,0x75,0x6e,0x69,0x33,0x30,0x37,0x41,0x07,
0x75,0x6e,0x69,0x33,0x30,0x37,0x42,0x07,0x75,0x6e,0x69,0x33,0x30,0x37,0x43,0x07,
0x75,0x6e,0x69,0x33,0x30,0x37,0x44,0x07,0x75,0x6e,0x69,0x33,0x30,0x37,0x45,0x07,
0x75,0x6e,0x69,0x33,0x30,0x37,0x46,0x07,0x75,0x6e,0x69,0x33,0x30,0x38,0x30,0x07,
0x75,0x6e,0x69,0x33,0x30,0x38,0x31,0x07,0x75,0x6e,0x69,0x33,0x30,0x38,0x32,0x07,
0x75,0x6e,0x69,0x33,0x30,0x38,0x33,0x07,0x75,0x6e,0x69,0x33,0x30,0x38,0x34,0x07,
0x75,0x6e,0x69,0x33,0x30,0x38,0x35,0x07,0x75,0x6e,0x69,0x33,0x30,0x38,0x36,0x07,
0x75,0x6e,0x69,0x33,0x30,0x38,0x37,0x07,0x75,0x6e,0x69,0x33,0x30,0x38,0x38,0x07,
0x75,0x6e,0x69,0x33,0x30,0x38,0x39,0x07,0x75,0x6e,0x69,0x33,0x30,0x38,0x41,0x07,
0x75,0x6e,0x69,0x33,0x30,0x38,0x42,0x07,0x75,0x6e,0x69,0x33,0x30,0x38,0x43,0x07,
0x75,0x6e,0x69,0x33,0x30,0x38,0x44,0x07,0x75,0x6e,0x69,0x33,0x30,0x38,0x45,0x07,
0x75,0x6e,0x69,0x33,0x30,0x38,0x46,0x07,0x75,0x6e,0x69,0x33,0x30,0x39,0x30,0x07,
0x75,0x6e,0x69,0x33,0x30,0x39,0x31,0x07,0x75,0x6e,0x69,0x33,0x30,0x39,0x32,0x07,
0x75,0x6e,0x69,0x33,0x30,0x39,0x33,0x07,0x75,0x6e,0x69,0x33,0x30,0x39,0x34,0x07,
0x75,0x6e,0x69,0x33,0x30,0x39,0x39,0x07,0x75,0x6e,0x69,0x33,0x30,0x39,0x41,0x07,
0x75,0x6e,0x69,0x33,0x30,0x39,0x44,0x07,0x75,0x6e,0x69,0x33,0x30,0x39,0x45,0x07,
0x75,0x6e,0x69,0x33,0x30,0x41,0x31,0x07,0x75,0x6e,0x69,0x33,0x30,0x41,0x32,0x07,
0x75,0x6e,0x69,0x33,0x30,0x41,0x33,0x07,0x75,0x6e,0x69,0x33,0x30,0x41,0x34,0x07,
0x75,0x6e,0x69,0x33,0x30,0x41,0x35,0x07,0x75,0x6e,0x69,0x33,0x30,0x41,0x36,0x07,
0x75,0x6e,0x69,0x33,0x30,0x41,0x37,0x07,0x75,0x6e,0x69,0x33,0x30,0x41,0x38,0x07,
0x75,0x6e,0x69,0x33,0x30,0x41,0x39,0x07,0x75,0x6e,0x69,0x33,0x30,0x41,0x41,0x07,
0x75,0x6e,0x69,0x33,0x30,0x41,0x42,0x07,0x75,0x6e,0x69,0x33,0x30,0x41,0x43,0x07,
0x75,0x6e,0x69,0x33,0x30,0x41,0x44,0x07,0x75,0x6e,0x69,0x33,0x30,0x41,0x45,0x07,
0x75,0x6e,0x69,0x33,0x30,0x41,0x46,0x07,0x75,0x6e,0x69,0x33,0x30,0x42,0x30,0x07,
0x75,0x6e,0x69,0x33,0x30,0x42,0x31,0x07,0x75,0x6e,0x69,0x33,0x30,0x42,0x32,0x07,
0x75,0x6e,0x69,0x33,0x30,0x42,0x33,0x07,0x75,0x6e,0x69,0x33,0x30,0x42,0x34,0x07,
0x75,0x6e,0x69,0x33,0x30,0x42,0x35,0x07,0x75,0x6e,0x69,0x33,0x30,0x42,0x36,0x07,
0x75,0x6e,0x69,0x33,0x30,0x42,0x37,0x07,0x75,0x6e,0x69,0x33,0x30,0x42,0x38,0x07,
0x75,0x6e,0x69,0x33,0x30,0x42,0x39,0x07,0x75,0x6e,0x69,0x33,0x30,0x42,0x41,0x07,
0x75,0x6e,0x69,0x33,0x30,0x42,0x42,0x07,0x75,0x6e,0x69,0x33,0x30,0x42,0x43,0x07,
0x75,0x6e,0x69,0x33,0x30,0x42,0x44,0x07,0x75,0x6e,0x69,0x33,0x30,0x42,0x45,0x07,
0x75,0x6e,0x69,0x33,0x30,0x42,0x46,0x07,0x75,0x6e,0x69,0x33,0x30,0x43,0x30,0x07,
0x75,0x6e,0x69,0x33,0x30,0x43,0x31,0x07,0x75,0x6e,0x69,0x33,0x30,0x43,0x32,0x07,
0x75,0x6e,0x69,0x33,0x30,0x43,0x33,0x07,0x75,0x6e,0x69,0x33,0x30,0x43,0x34,0x07,
0x75,0x6e,0x69,0x33,0x30,0x43,0x35,0x07,0x75,0x6e,0x69,0x33,0x30,0x43,0x36,0x07,
0x75,0x6e,0x69,0x33,0x30,0x43,0x37,0x07,0x75,0x6e,0x69,0x33,0x30,0x43,0x38,0x07,
0x75,0x6e,0x69,0x33,0x30,0x43,0x39,0x07,0x75,0x6e,0x69,0x33,0x30,0x43,0x41,0x07,
0x75,0x6e,0x69,0x33,0x30,0x43,0x42,0x07,0x75,0x6e,0x69,0x33,0x30,0x43,0x43,0x07,
0x75,0x6e,0x69,0x33,0x30,0x43,0x44,0x07,0x75,0x6e,0x69,0x33,0x30,0x43,0x45,0x07,
0x75,0x6e,0x69,0x33,0x30,0x43,0x46,0x07,0x75,0x6e,0x69,0x33,0x30,0x44,0x30,0x07,
0x75,0x6e,0x69,0x33,0x30,0x44,0x31,0x07,0x75,0x6e,0x69,0x33,0x30,0x44,0x32,0x07,
0x75,0x6e,0x69,0x33,0x30,0x44,0x33,0x07,0x75,0x6e,0x69,0x33,0x30,0x44,0x34,0x07,
0x75,0x6e,0x69,0x33,0x30,0x44,0x35,0x07,0x75,0x6e,0x69,0x33,0x30,0x44,0x36,0x07,
0x75,0x6e,0x69,0x33,0x30,0x44,0x37,0x07,0x75,0x6e,0x69,0x33,0x30,0x44,0x38,0x07,
0x75,0x6e,0x69,0x33,0x30,0x44,0x39,0x07,0x75,0x6e,0x69,0x33,0x30,0x44,0x41,0x07,
0x75,0x6e,0x69,0x33,0x30,0x44,0x42,0x07,0x75,0x6e,0x69,0x33,0x30,0x44,0x43,0x07,
0x75,0x6e,0x69,0x33,0x30,0x44,0x44,0x07,0x75,0x6e,0x69,0x33,0x30,0x44,0x45,0x07,
0x75,0x6e,0x69,0x33,0x30,0x44,0x46,0x07,0x75,0x6e,0x69,0x33,0x30,0x45,0x30,0x07,
0x75,0x6e,0x69,0x33,0x30,0x45,0x31,0x07,0x75,0x6e,0x69,0x33,0x30,0x45,0x32,0x07,
0x75,0x6e,0x69,0x33,0x30,0x45,0x33,0x07,0x75,0x6e,0x69,0x33,0x30,0x45,0x34,0x07,
0x75,0x6e,0x69,0x33,0x30,0x45,0x35,0x07,0x75,0x6e,0x69,0x33,0x30,0x45,0x36,0x07,
0x75,0x6e,0x69,0x33,0x30,0x45,0x37,0x07,0x75,0x6e,0x69,0x33,0x30,0x45,0x38,0x07,
0x75,0x6e,0x69,0x33,0x30,0x45,0x39,0x07,0x75,0x6e,0x69,0x33,0x30,0x45,0x41,0x07,
0x75,0x6e,0x69,0x33,0x30,0x45,0x42,0x07,0x75,0x6e,0x69,0x33,0x30,0x45,0x43,0x07,
0x75,0x6e,0x69,0x33,0x30,0x45,0x44,0x07,0x75,0x6e,0x69,0x33,0x30,0x45,0x45,0x07,
0x75,0x6e,0x69,0x33,0x30,0x45,0x46,0x07,0x75,0x6e,0x69,0x33,0x30,0x46,0x30,0x07,
0x75,0x6e,0x69,0x33,0x30,0x46,0x31,0x07,0x75,0x6e,0x69,0x33,0x30,0x46,0x32,0x07,
0x75,0x6e,0x69,0x33,0x30,0x46,0x33,0x07,0x75,0x6e,0x69,0x33,0x30,0x46,0x34,0x07,
0x75,0x6e,0x69,0x33,0x30,0x46,0x35,0x07,0x75,0x6e,0x69,0x33,0x30,0x46,0x36,0x07,
0x75,0x6e,0x69,0x33,0x30,0x46,0x37,0x07,0x75,0x6e,0x69,0x33,0x30,0x46,0x38,0x07,
0x75,0x6e,0x69,0x33,0x30,0x46,0x39,0x07,0x75,0x6e,0x69,0x33,0x30,0x46,0x41,0x07,
0x75,0x6e,0x69,0x33,0x30,0x46,0x42,0x07,0x75,0x6e,0x69,0x33,0x30,0x46,0x43,0x07,
0x75,0x6e,0x69,0x33,0x30,0x46,0x44,0x06,0x75,0x31,0x44,0x31,0x31,0x45,0x06,0x75,
0x31,0x44,0x31,0x32,0x32,0x06,0x75,0x31,0x44,0x31,0x32,0x41,0x06,0x75,0x31,0x44,
0x31,0x32,0x42,0x06,0x75,0x31,0x46,0x35,0x46,0x32,0x06,0x75,0x31,0x46,0x42,0x30,
0x30,0x06,0x75,0x31,0x46,0x42,0x30,0x31,0x06,0x75,0x31,0x46,0x42,0x30,0x32,0x06,
0x75,0x31,0x46,0x42,0x30,0x33,0x06,0x75,0x31,0x46,0x42,0x30,0x34,0x06,0x75,0x31,
0x46,0x42,0x30,0x35,0x06,0x75,0x31,0x46,0x42,0x30,0x36,0x06,0x75,0x31,0x46,0x42,
0x30,0x37,0x06,0x75,0x31,0x46,0x42,0x30,0x38,0x06,0x75,0x31,0x46,0x42,0x30,0x39,
0x06,0x75,0x31,0x46,0x42,0x30,0x41,0x06,0x75,0x31,0x46,0x42,0x30,0x42,0x06,0x75,
0x31,0x46,0x42,0x30,0x43,0x06,0x75,0x31,0x46,0x42,0x30,0x44,0x06,0x75,0x31,0x46,
0x42,0x30,0x45,0x06,0x75,0x31,0x46,0x42,0x30,0x46,0x06,0x75,0x31,0x46,0x42,0x31,
0x30,0x06,0x75,0x31,0x46,0x42,0x31,0x31,0x06,0x75,0x31,0x46,0x42,0x31,0x32,0x06,
0x75,0x31,0x46,0x42,0x31,0x33,0x06,0x75,0x31,0x46,0x42,0x31,0x34,0x06,0x75,0x31,
0x46,0x42,0x31,0x35,0x06,0x75,0x31,0x46,0x42,0x31,0x36,0x06,0x75,0x31,0x46,0x42,
0x31,0x37,0x06,0x75,0x31,0x46,0x42,0x31,0x38,0x06,0x75,0x31,0x46,0x42,0x31,0x39,
0x06,0x75,0x31,0x46,0x42,0x31,0x41,0x06,0x75,0x31,0x46,0x42,0x31,0x42,0x06,0x75,
0x31,0x46,0x42,0x31,0x43,0x06,0x75,0x31,0x46,0x42,0x31,0x44,0x06,0x75,0x31,0x46,
0x42,0x31,0x45,0x06,0x75,0x31,0x46,0x42,0x31,0x46,0x06,0x75,0x31,0x46,0x42,0x32,
0x30,0x06,0x75,0x31,0x46,0x42,0x32,0x31,0x06,0x75,0x31,0x46,0x42,0x32,0x32,0x06,
0x75,0x31,0x46,0x42,0x32,0x33,0x06,0x75,0x31,0x46,0x42,0x32,0x34,0x06,0x75,0x31,
0x46,0x42,0x32,0x35,0x06,0x75,0x31,0x46,0x42,0x32,0x36,0x06,0x75,0x31,0x46,0x42,
0x32,0x37,0x06,0x75,0x31,0x46,0x42,0x32,0x38,0x06,0x75,0x31,0x46,0x42,0x32,0x39,
0x06,0x75,0x31,0x46,0x42,0x32,0x41,0x06,0x75,0x31,0x46,0x42,0x32,0x42,0x06,0x75,
0x31,0x46,0x42,0x32,0x43,0x06,0x75,0x31,0x46,0x42,0x32,0x44,0x06,0x75,0x31,0x46,
0x42,0x32,0x45,0x06,0x75,0x31,0x46,0x42,0x32,0x46,0x06,0x75,0x31,0x46,0x42,0x33,
0x30,0x06,0x75,0x31,0x46,0x42,0x33,0x31,0x06,0x75,0x31,0x46,0x42,0x33,0x32,0x06,
0x75,0x31,0x46,0x42,0x33,0x33,0x06,0x75,0x31,0x46,0x42,0x33,0x34,0x06,0x75,0x31,
0x46,0x42,0x33,0x35,0x06,0x75,0x31,0x46,0x42,0x33,0x36,0x06,0x75,0x31,0x46,0x42,
0x33,0x37,0x06,0x75,0x31,0x46,0x42,0x33,0x38,0x06,0x75,0x31,0x46,0x42,0x33,0x39,
0x06,0x75,0x31,0x46,0x42,0x33,0x41,0x06,0x75,0x31,0x46,0x42,0x33,0x42,0x06,0x75,
0x31,0x46,0x42,0x33,0x43,0x06,0x75,0x31,0x46,0x42,0x33,0x44,0x06,0x75,0x31,0x46,
0x42,0x33,0x45,0x06,0x75,0x31,0x46,0x42,0x33,0x46,0x06,0x75,0x31,0x46,0x42,0x34,
0x30,0x06,0x75,0x31,0x46,0x42,0x34,0x31,0x06,0x75,0x31,0x46,0x42,0x34,0x32,0x06,
0x75,0x31,0x46,0x42,0x34,0x33,0x06,0x75,0x31,0x46,0x42,0x34,0x34,0x06,0x75,0x31,
0x46,0x42,0x34,0x35,0x06,0x75,0x31,0x46,0x42,0x34,0x36,0x06,0x75,0x31,0x46,0x42,
0x34,0x37,0x06,0x75,0x31,0x46,0x42,0x34,0x38,0x06,0x75,0x31,0x46,0x42,0x34,0x39,
0x06,0x75,0x31,0x46,0x42,0x34,0x41,0x06,0x75,0x31,0x46,0x42,0x34,0x42,0x06,0x75,
0x31,0x46,0x42,0x34,0x43,0x06,0x75,0x31,0x46,0x42,0x34,0x44,0x06,0x75,0x31,0x46,
0x42,0x34,0x45,0x06,0x75,0x31,0x46,0x42,0x34,0x46,0x06,0x75,0x31,0x46,0x42,0x35,
0x30,0x06,0x75,0x31,0x46,0x42,0x35,0x31,0x06,0x75,0x31,0x46,0x42,0x35,0x32,0x06,
0x75,0x31,0x46,0x42,0x35,0x33,0x06,0x75,0x31,0x46,0x42,0x35,0x34,0x06,0x75,0x31,
0x46,0x42,0x35,0x35,0x06,0x75,0x31,0x46,0x42,0x35,0x36,0x06,0x75,0x31,0x46,0x42,
0x35,0x37,0x06,0x75,0x31,0x46,0x42,0x35,0x38,0x06,0x75,0x31,0x46,0x42,0x35,0x39,
0x06,0x75,0x31,0x46,0x42,0x35,0x41,0x06,0x75,0x31,0x46,0x42,0x35,0x42,0x06,0x75,
0x31,0x46,0x42,0x35,0x43,0x06,0x75,0x31,0x46,0x42,0x35,0x44,0x06,0x75,0x31,0x46,
0x42,0x35,0x45,0x06,0x75,0x31,0x46,0x42,0x35,0x46,0x06,0x75,0x31,0x46,0x42,0x36,
0x30,0x06,0x75,0x31,0x46,0x42,0x36,0x31,0x06,0x75,0x31,0x46,0x42,0x36,0x32,0x06,
0x75,0x31,0x46,0x42,0x36,0x33,0x06,0x75,0x31,0x46,0x42,0x36,0x34,0x06,0x75,0x31,
0x46,0x42,0x36,0x35,0x06,0x75,0x31,0x46,0x42,0x36,0x36,0x06,0x75,0x31,0x46,0x42,
0x36,0x37,0x06,0x75,0x31,0x46,0x42,0x36,0x38,0x06,0x75,0x31,0x46,0x42,0x36,0x39,
0x06,0x75,0x31,0x46,0x42,0x36,0x41,0x06,0x75,0x31,0x46,0x42,0x36,0x42,0x06,0x75,
0x31,0x46,0x42,0x36,0x43,0x06,0x75,0x31,0x46,0x42,0x36,0x44,0x06,0x75,0x31,0x46,
0x42,0x36,0x45,0x06,0x75,0x31,0x46,0x42,0x36,0x46,0x06,0x75,0x31,0x46,0x42,0x37,
0x30,0x06,0x75,0x31,0x46,0x42,0x37,0x31,0x06,0x75,0x31,0x46,0x42,0x37,0x32,0x06,
0x75,0x31,0x46,0x42,0x37,0x33,0x06,0x75,0x31,0x46,0x42,0x37,0x34,0x06,0x75,0x31,
0x46,0x42,0x37,0x35,0x06,0x75,0x31,0x46,0x42,0x37,0x36,0x06,0x75,0x31,0x46,0x42,
0x37,0x37,0x06,0x75,0x31,0x46,0x42,0x37,0x38,0x06,0x75,0x31,0x46,0x42,0x37,0x39,
0x06,0x75,0x31,0x46,0x42,0x37,0x41,0x06,0x75,0x31,0x46,0x42,0x37,0x42,0x06,0x75,
0x31,0x46,0x42,0x37,0x43,0x06,0x75,0x31,0x46,0x42,0x37,0x44,0x06,0x75,0x31,0x46,
0x42,0x37,0x45,0x06,0x75,0x31,0x46,0x42,0x37,0x46,0x06,0x75,0x31,0x46,0x42,0x38,
0x30,0x06,0x75,0x31,0x46,0x42,0x38,0x31,0x06,0x75,0x31,0x46,0x42,0x38,0x32,0x06,
0x75,0x31,0x46,0x42,0x38,0x33,0x06,0x75,0x31,0x46,0x42,0x38,0x34,0x06,0x75,0x31,
0x46,0x42,0x38,0x35,0x06,0x75,0x31,0x46,0x42,0x38,0x36,0x06,0x75,0x31,0x46,0x42,
0x38,0x37,0x06,0x75,0x31,0x46,0x42,0x38,0x38,0x06,0x75,0x31,0x46,0x42,0x38,0x39,
0x06,0x75,0x31,0x46,0x42,0x38,0x41,0x06,0x75,0x31,0x46,0x42,0x38,0x42,0x06,0x75,
0x31,0x46,0x42,0x38,0x43,0x06,0x75,0x31,0x46,0x42,0x38,0x44,0x06,0x75,0x31,0x46,
0x42,0x38,0x45,0x06,0x75,0x31,0x46,0x42,0x38,0x46,0x06,0x75,0x31,0x46,0x42,0x39,
0x30,0x06,0x75,0x31,0x46,0x42,0x39,0x31,0x06,0x75,0x31,0x46,0x42,0x39,0x32,0x06,
0x75,0x31,0x46,0x42,0x39,0x34,0x06,0x75,0x31,0x46,0x42,0x39,0x35,0x06,0x75,0x31,
0x46,0x42,0x39,0x36,0x06,0x75,0x31,0x46,0x42,0x39,0x37,0x06,0x75,0x31,0x46,0x42,
0x39,0x38,0x06,0x75,0x31,0x46,0x42,0x39,0x39,0x06,0x75,0x31,0x46,0x42,0x39,0x41,
0x06,0x75,0x31,0x46,0x42,0x39,0x42,0x06,0x75,0x31,0x46,0x42,0x39,0x43,0x06,0x75,
0x31,0x46,0x42,0x39,0x44,0x06,0x75,0x31,0x46,0x42,0x39,0x45,0x06,0x75,0x31,0x46,
0x42,0x39,0x46,0x06,0x75,0x31,0x46,0x42,0x41,0x30,0x06,0x75,0x31,0x46,0x42,0x41,
0x31,0x06,0x75,0x31,0x46,0x42,0x41,0x32,0x06,0x75,0x31,0x46,0x42,0x41,0x33,0x06,
0x75,0x31,0x46,0x42,0x41,0x34,0x06,0x75,0x31,0x46,0x42,0x41,0x35,0x06,0x75,0x31,
0x46,0x42,0x41,0x36,0x06,0x75,0x31,0x46,0x42,0x41,0x37,0x06,0x75,0x31,0x46,0x42,
0x41,0x38,0x06,0x75,0x31,0x46,0x42,0x41,0x39,0x06,0x75,0x31,0x46,0x42,0x41,0x41,
0x06,0x75,0x31,0x46,0x42,0x41,0x42,0x06,0x75,0x31,0x46,0x42,0x41,0x43,0x06,0x75,
0x31,0x46,0x42,0x41,0x44,0x06,0x75,0x31,0x46,0x42,0x41,0x45,0x06,0x75,0x31,0x46,
0x42,0x41,0x46,0x06,0x75,0x31,0x46,0x42,0x42,0x30,0x06,0x75,0x31,0x46,0x42,0x42,
0x31,0x06,0x75,0x31,0x46,0x42,0x42,0x32,0x06,0x75,0x31,0x46,0x42,0x42,0x33,0x06,
0x75,0x31,0x46,0x42,0x42,0x34,0x06,0x75,0x31,0x46,0x42,0x42,0x35,0x06,0x75,0x31,
0x46,0x42,0x42,0x36,0x06,0x75,0x31,0x46,0x42,0x42,0x37,0x06,0x75,0x31,0x46,0x42,
0x42,0x38,0x06,0x75,0x31,0x46,0x42,0x42,0x39,0x06,0x75,0x31,0x46,0x42,0x42,0x41,
0x06,0x75,0x31,0x46,0x42,0x42,0x42,0x06,0x75,0x31,0x46,0x42,0x42,0x43,0x06,0x75,
0x31,0x46,0x42,0x42,0x44,0x06,0x75,0x31,0x46,0x42,0x42,0x45,0x06,0x75,0x31,0x46,
0x42,0x42,0x46,0x06,0x75,0x31,0x46,0x42,0x43,0x30,0x06,0x75,0x31,0x46,0x42,0x43,
0x31,0x06,0x75,0x31,0x46,0x42,0x43,0x32,0x06,0x75,0x31,0x46,0x42,0x43,0x33,0x06,
0x75,0x31,0x46,0x42,0x43,0x34,0x06,0x75,0x31,0x46,0x42,0x43,0x35,0x06,0x75,0x31,
0x46,0x42,0x43,0x36,0x06,0x75,0x31,0x46,0x42,0x43,0x37,0x06,0x75,0x31,0x46,0x42,
0x43,0x38,0x06,0x75,0x31,0x46,0x42,0x43,0x39,0x06,0x75,0x31,0x46,0x42,0x43,0x41,
0x06,0x75,0x31,0x46,0x42,0x46,0x30,0x06,0x75,0x31,0x46,0x42,0x46,0x31,0x06,0x75,
0x31,0x46,0x42,0x46,0x32,0x06,0x75,0x31,0x46,0x42,0x46,0x33,0x06,0x75,0x31,0x46,
0x42,0x46,0x34,0x06,0x75,0x31,0x46,0x42,0x46,0x35,0x06,0x75,0x31,0x46,0x42,0x46,
0x36,0x06,0x75,0x31,0x46,0x42,0x46,0x37,0x06,0x75,0x31,0x46,0x42,0x46,0x38,0x06,
0x75,0x31,0x46,0x42,0x46,0x39,0x0b,0x62,0x72,0x65,0x76,0x65,0x63,0x6f,0x6d,0x62,
0x63,0x79,0x00,0x00,0x00,0x00,0x00,0x01,0xff,0xff,0x00,0x02,0x00,0x01,0x00,0x00,
0x00,0x0c,0x00,0x00,0x00,0x28,0x00,0x30,0x00,0x02,0x00,0x04,0x00,0xd5,0x00,0xe7,
0x00,0x03,0x02,0xa1,0x02,0xa2,0x00,0x03,0x03,0x02,0x03,0x03,0x00,0x02,0x03,0xdd,
0x03,0xdd,0x00,0x03,0x00,0x04,0x00,0x00,0x00,0x02,0x00,0x00,0x00,0x01,0x00,0x00,
0x00,0x01,0x00,0x00,0x00,0x01,0x00,0x00,0x00,0x0a,0x00,0x70,0x00,0x8a,0x00,0x05,
0x44,0x46,0x4c,0x54,0x00,0x20,0x63,0x79,0x72,0x6c,0x00,0x2e,0x67,0x72,0x65,0x6b,
0x00,0x3c,0x68,0x65,0x62,0x72,0x00,0x4a,0x6c,0x61,0x74,0x6e,0x00,0x58,0x00,0x04,
0x00,0x00,0x00,0x00,0xff,0xff,0x00,0x02,0x00,0x00,0x00,0x01,0x00,0x04,0x00,0x00,
0x00,0x00,0xff,0xff,0x00,0x02,0x00,0x00,0x00,0x01,0x00,0x04,0x00,0x00,0x00,0x00,
0xff,0xff,0x00,0x02,0x00,0x00,0x00,0x01,0x00,0x04,0x00,0x00,0x00,0x00,0xff,0xff,
0x00,0x02,0x00,0x00,0x00,0x01,0x00,0x04,0x00,0x00,0x00,0x00,0xff,0xff,0x00,0x02,
0x00,0x00,0x00,0x01,0x00,0x02,0x66,0x72,0x61,0x63,0x00,0x0e,0x6c,0x69,0x67,0x61,
0x00,0x14,0x00,0x00,0x00,0x01,0x00,0x00,0x00,0x00,0x00,0x01,0x00,0x01,0x00,0x02,
0x00,0x06,0x00,0x0e,0x00,0x04,0x00,0x00,0x00,0x01,0x00,0x10,0x00,0x04,0x00,0x00,
0x00,0x01,0x00,0x3c,0x00,0x01,0x00,0x2c,0x00,0x02,0x00,0x0a,0x00,0x20,0x00,0x02,
0x00,0x06,0x00,0x0e,0x00,0x80,0x00,0x03,0x00,0x13,0x00,0x18,0x00,0x81,0x00,0x03,
0x00,0x13,0x00,0x16,0x00,0x01,0x00,0x04,0x00,0x82,0x00,0x03,0x00,0x13,0x00,0x18,
0x00,0x01,0x00,0x02,0x00,0x15,0x00,0x17,0x00,0x01,0x00,0x1a,0x00,0x01,0x00,0x08,
0x00,0x02,0x00,0x06,0x00,0x0c,0x03,0x03,0x00,0x02,0x00,0x50,0x03,0x02,0x00,0x02,
0x00,0x4d,0x00,0x01,0x00,0x01,0x00,0x4a,0x00,0x01,0x00,0x00,0x00,0x0a,0x00,0x5c,
0x00,0x5e,0x00,0x05,0x44,0x46,0x4c,0x54,0x00,0x20,0x63,0x79,0x72,0x6c,0x00,0x2a,
0x67,0x72,0x65,0x6b,0x00,0x34,0x68,0x65,0x62,0x72,0x00,0x3e,0x6c,0x61,0x74,0x6e,
0x00,0x48,0x00,0x04,0x00,0x00,0x00,0x00,0xff,0xff,0x00,0x00,0x00,0x04,0x00,0x00,
0x00,0x00,0xff,0xff,0x00,0x00,0x00,0x04,0x00,0x00,0x00,0x00,0xff,0xff,0x00,0x00,
0x00,0x04,0x00,0x00,0x00,0x00,0xff,0xff,0x00,0x00,0x00,0x04,0x00,0x00,0x00,0x00,
0xff,0xff,0x00,0x00,0x00,0x00,0x00,0x00,0x00,0x00,0x00,0x01,0x00,0x00,0x00,0x00,
0xdf,0xd6,0xca,0x5e,0x00,0x00,0x00,0x00,0xe2,0x9e,0x80,0xa4,0x00,0x00,0x00,0x00,
0xe2,0x9e,0x65,0x53
};

#ifdef __cplusplus
}
#endif

